ID,affinity_score
0,71.07019999999994
1,66.12339999999973
2,67.29300000000006
3,61.54539999999994
4,63.566000000000294
5,69.54520000000034
6,64.27680000000025
7,61.72319999999996
8,67.158
9,64.3102
10,68.39060000000008
11,67.07479999999977
12,65.08919999999986
13,67.42060000000028
14,66.09959999999975
15,64.03680000000034
16,65.96300000000005
17,63.70760000000027
18,70.85479999999981
19,64.89780000000013
20,59.68199999999992
21,66.57819999999965
22,65.61119999999988
23,71.98099999999998
24,66.69939999999997
25,66.52959999999999
26,79.38720000000015
27,68.34739999999984
28,67.6691999999998
29,64.09740000000001
30,65.61640000000018
31,67.3445999999999
32,63.802200000000305
33,65.51700000000001
34,63.51699999999994
35,64.41819999999984
36,64.70840000000007
37,64.57619999999996
38,70.89180000000016
39,65.59860000000003
40,68.82879999999979
41,65.53439999999982
42,66.86200000000012
43,62.829200000000355
44,65.80460000000004
45,67.37211999999987
46,67.23459999999973
47,70.14200000000011
48,63.45600000000025
49,64.96359999999974
50,63.08119999999971
51,68.15579999999991
52,63.52800000000023
53,65.09959999999981
54,66.86379999999976
55,77.14180000000005
56,67.64159999999976
57,66.71880000000012
58,64.14719999999984
59,64.3677999999996
60,64.56120000000018
61,62.10880000000033
62,67.02500000000005
63,66.27399999999984
64,64.52260000000027
65,65.38239999999985
66,69.03259999999995
67,62.92420000000045
68,63.43020000000021
69,66.43500000000022
70,64.0871999999998
71,66.67959999999981
72,63.12120000000037
73,67.69339999999963
74,63.900799999999954
75,70.56180000000003
76,65.80960000000024
77,65.14380000000014
78,72.64799999999983
79,67.1368000000002
80,63.394199999999984
81,66.19299999999994
82,67.2273999999998
83,63.2969999999998
84,65.65619999999983
85,62.806199999999706
86,68.5517999999999
87,62.599466666667055
88,65.26306666666687
89,66.75050000000013
90,65.91440000000007
91,71.99539999999999
92,64.10300000000024
93,67.24759999999979
94,70.04619999999998
95,63.224600000000365
96,69.02819999999991
97,66.36540000000007
98,67.23539999999974
99,66.95300000000016
100,62.98720000000004
101,64.21020000000028
102,71.34199999999996
103,66.95939999999995
104,66.37159999999973
105,62.42059999999993
106,67.20600000000019
107,67.5304
108,65.7363999999999
109,69.99340000000011
110,65.07180000000002
111,68.05180000000003
112,62.905000000000456
113,83.16180000000001
114,62.98679999999992
115,69.30339999999984
116,65.50660000000003
117,66.79599999999982
118,67.15139999999987
119,65.37959999999987
120,62.98840000000037
121,64.83679999999983
122,65.04299999999992
123,67.69479999999986
124,64.96679999999994
125,66.1115999999997
126,66.96580000000023
127,63.96320000000027
128,64.17840000000021
129,64.951
130,68.14180000000006
131,64.6464000000002
132,73.98280000000008
133,66.71820000000015
134,68.53459999999994
135,68.20360000000002
136,67.60999999999983
137,66.51339999999992
138,66.58299999999988
139,67.86159999999991
140,70.26119999999999
141,71.16106666666681
142,66.11139999999966
143,64.37219999999985
144,63.92959999999991
145,64.08100000000003
146,71.04513333333345
147,68.39519999999963
148,66.59559999999976
149,66.78779999999968
150,66.89920000000009
151,63.1080000000004
152,63.38100000000042
153,70.65339999999999
154,67.8527999999999
155,62.95039999999962
156,66.39539999999997
157,63.512399999999836
158,68.73179999999984
159,66.1103999999999
160,64.89139999999992
161,63.88159999999988
162,65.81939999999999
163,64.85720000000028
164,64.88719999999977
165,64.95720000000014
166,67.57899999999992
167,59.23080000000037
168,65.55399999999983
169,67.10020000000007
170,64.74600000000012
171,77.12579999999991
172,65.1076000000001
173,70.51039999999982
174,63.69370000000038
175,60.66459999999995
176,70.60620000000004
177,63.67200000000019
178,66.1866000000001
179,63.3770000000003
180,68.64940000000006
181,63.28440000000034
182,65.35500000000002
183,64.55080000000001
184,66.60260000000017
185,60.05159999999957
186,65.78319999999977
187,66.55260000000018
188,64.2781999999998
189,65.62619999999993
190,64.28360000000028
191,68.16700000000002
192,65.56960000000029
193,65.24419999999994
194,64.65679999999976
195,67.08880000000009
196,62.61319999999965
197,65.08120000000018
198,67.5802000000002
199,76.19479999999996
200,66.1122
201,66.14059999999968
202,68.10360000000016
203,63.41900000000039
204,63.516600000000054
205,67.46110000000006
206,64.8854
207,64.38239999999978
208,67.23159999999966
209,72.39119999999997
210,64.51415999999978
211,71.9375999999999
212,68.5046000000002
213,66.91259999999977
214,70.13360000000009
215,69.97800000000008
216,64.57600000000004
217,63.0544000000004
218,65.51859999999975
219,66.53630000000011
220,65.61419999999973
221,65.38699999999989
222,66.47176666666626
223,66.97420000000018
224,66.40659999999981
225,67.28239999999994
226,67.76859999999968
227,64.72960000000013
228,63.89100000000028
229,63.21680000000018
230,65.12259999999989
231,69.19039999999997
232,67.67020000000002
233,68.25579999999998
234,67.62019999999987
235,71.08970000000004
236,67.87259999999972
237,64.96220000000025
238,72.03959999999998
239,71.30979999999994
240,67.49900000000017
241,65.53640000000007
242,68.81640000000003
243,68.62640000000006
244,63.036800000000035
245,69.0645999999999
246,67.19639999999984
247,63.54760000000034
248,65.14839999999985
249,65.13940000000014
250,69.02586666666674
251,63.71440000000037
252,64.46720000000018
253,66.27140000000013
254,83.6028000000003
255,65.18559999999991
256,66.79940000000013
257,69.39580000000002
258,58.669999999999995
259,62.71460000000042
260,64.62800000000011
261,66.54660000000007
262,64.80799999999998
263,64.63699999999999
264,65.10000000000021
265,65.88420000000002
266,66.81520000000008
267,66.05579999999993
268,66.1682000000001
269,67.45979999999992
270,68.86820000000014
271,66.94700000000007
272,65.83100000000003
273,70.09639999999997
274,67.92559999999995
275,66.53159999999993
276,64.18679999999996
277,64.36039999999973
278,70.17259999999997
279,64.41639999999998
280,62.72439999999965
281,66.64120000000003
282,67.36280000000004
283,66.17060000000019
284,61.82059999999994
285,65.97240000000001
286,61.61399999999997
287,56.15060000000028
288,63.36300000000036
289,65.5356000000001
290,63.78219999999999
291,73.0026000000002
292,65.09840000000003
293,66.95060000000001
294,68.49720000000019
295,63.55719999999978
296,64.63539999999999
297,66.61799999999977
298,68.58779999999985
299,65.75919999999975
300,66.74220000000004
301,60.43459999999997
302,62.453200000000294
303,65.28800000000021
304,65.03200000000032
305,66.91260000000003
306,64.20899999999976
307,65.97339999999974
308,69.08280000000003
309,66.19779999999987
310,69.98590000000009
311,67.47809999999976
312,64.87800000000007
313,66.76359999999971
314,64.30640000000008
315,67.28759999999991
316,62.55419999999995
317,63.20900000000024
318,65.16320000000012
319,66.44540000000002
320,64.98659999999998
321,64.67739999999992
322,70.57240000000009
323,64.57120000000022
324,59.121000000000144
325,69.54439999999992
326,65.26840000000017
327,70.75840000000001
328,62.8442000000005
329,64.22546666666659
330,68.92679999999986
331,65.20539999999993
332,63.991000000000184
333,66.22439999999979
334,81.06600000000002
335,66.66139999999994
336,67.67320000000005
337,66.80300000000005
338,65.6527999999999
339,65.32459999999992
340,65.31160000000013
341,67.4422000000001
342,64.0534666666669
343,63.75399999999973
344,66.99100000000014
345,67.6683999999997
346,66.59100000000002
347,65.43100000000017
348,62.31280000000013
349,71.06000000000012
350,69.48379999999983
351,68.29919999999997
352,66.77800000000003
353,65.20460000000027
354,70.52839999999998
355,63.33359999999975
356,72.49320000000009
357,69.16480000000008
358,65.56199999999971
359,69.15500000000011
360,72.06580000000025
361,67.49139999999974
362,68.42460000000008
363,65.57800000000006
364,65.29640000000022
365,66.24540000000012
366,65.85359999999994
367,64.95600000000017
368,65.7219999999998
369,72.64919999999987
370,55.663782380952405
371,68.0765999999998
372,67.69779999999987
373,66.95199999999976
374,64.2037999999998
375,72.20640000000013
376,71.01249999999992
377,65.83380000000014
378,64.94199999999985
379,67.82159999999983
380,67.96840000000022
381,65.13639999999997
382,64.76219999999996
383,76.67000000000003
384,66.27680000000005
385,66.61779999999993
386,65.98460000000004
387,70.01539999999996
388,67.29640000000012
389,68.1225999999999
390,64.91280000000017
391,66.95920000000002
392,64.29599999999981
393,69.2325999999999
394,65.72199999999974
395,67.2962000000002
396,66.02500000000023
397,70.68300000000005
398,65.83759999999961
399,63.96420000000017
400,62.94200000000024
401,67.20740000000016
402,69.32159999999999
403,65.4161999999998
404,61.04240000000014
405,66.87299999999992
406,62.78300000000041
407,66.4764
408,55.902994047618996
409,64.96380000000019
410,65.94499999999975
411,63.430399999999665
412,65.28279999999963
413,63.9044000000003
414,66.63799999999986
415,65.94659999999979
416,66.23179999999968
417,65.93959999999986
418,66.37879999999974
419,67.6986000000001
420,64.34419999999993
421,63.32880000000037
422,67.1168000000001
423,65.38500000000006
424,65.43840000000012
425,62.96200000000038
426,67.57499999999986
427,69.10419999999979
428,66.19839999999994
429,63.75440000000024
430,58.44472000000037
431,63.08880000000047
432,64.64419999999997
433,65.59380000000024
434,68.16879999999992
435,69.48839999999986
436,66.6835999999997
437,63.39179999999974
438,64.06920000000025
439,64.74780000000001
440,68.126
441,66.44299999999996
442,66.5826000000001
443,68.39800000000002
444,66.20579999999993
445,67.66979999999988
446,63.445000000000334
447,62.80546666666624
448,72.16520000000006
449,65.63859999999974
450,70.65420000000009
451,63.587400000000315
452,64.36480000000026
453,61.687733333333284
454,64.63940000000001
455,66.79780000000001
456,70.16499999999989
457,65.81119999999996
458,64.70320000000011
459,63.27999999999976
460,66.73759999999999
461,62.80200000000021
462,64.14359999999998
463,65.4082
464,63.230400000000195
465,65.62459999999969
466,65.98160000000004
467,63.207600000000305
468,69.70999999999995
469,65.9778000000001
470,65.1528000000002
471,68.05159999999998
472,66.20339999999982
473,67.18719999999982
474,62.56939999999961
475,67.47560000000043
476,62.82480000000048
477,64.63819999999997
478,62.92100000000045
479,67.92799999999983
480,68.04879999999991
481,65.39939999999997
482,65.35640000000015
483,64.56960000000012
484,64.54679999999996
485,66.56425999999982
486,65.04479999999982
487,69.49179999999998
488,65.4470000000001
489,63.949400000000125
490,69.16080000000004
491,62.808799999999586
492,66.2206666666668
493,66.12859999999976
494,63.56099999999997
495,67.24460000000018
496,65.84180000000029
497,63.534800000000146
498,65.7734
499,71.43139999999991
500,68.28079999999999
501,65.89259999999962
502,66.36680000000001
503,66.90360000000014
504,65.5258
505,67.54640000000023
506,61.47320000000008
507,63.998799999999996
508,64.50880000000029
509,78.79160000000003
510,65.88960000000006
511,64.57480000000011
512,66.35260000000007
513,66.73539999999979
514,64.4993999999998
515,67.23539999999997
516,67.43619999999983
517,65.97479999999979
518,65.80720000000008
519,77.12079999999986
520,71.3894
521,64.08980000000028
522,56.93543999999989
523,65.3506000000002
524,68.3009999999998
525,67.49799999999999
526,63.558200000000255
527,69.74119999999994
528,66.96439999999991
529,66.29860000000009
530,70.13839999999979
531,59.71920000000002
532,67.25359999999998
533,67.69019999999976
534,69.52640000000011
535,68.83619999999985
536,66.48580000000034
537,71.1379999999999
538,76.32700000000006
539,64.63905000000001
540,65.9891999999999
541,70.24420000000013
542,58.03940000000028
543,66.48500000000008
544,68.14379999999994
545,63.23480000000038
546,54.631720000000044
547,63.31999999999989
548,63.153400000000325
549,64.0678000000002
550,75.85979999999998
551,67.12939999999998
552,68.54339999999995
553,65.82899999999962
554,66.18659999999986
555,64.70859999999983
556,66.41619999999972
557,67.13960000000002
558,65.2972
559,59.830600000000075
560,66.24619999999958
561,68.3626000000001
562,69.73360000000007
563,65.00819999999992
564,58.4642000000004
565,65.51139999999992
566,65.44739999999972
567,65.52120000000015
568,69.03859999999953
569,64.0898
570,69.79400000000001
571,68.12359999999997
572,70.61520000000012
573,68.02399999999966
574,66.80739999999967
575,66.09860000000006
576,63.45140000000018
577,64.0483999999997
578,71.8104000000002
579,65.53639999999969
580,67.90539999999987
581,67.30219999999981
582,66.8435999999998
583,66.20739999999999
584,68.3455999999999
585,64.4302
586,61.55200000000016
587,63.938200000000286
588,61.80440000000005
589,67.03269999999965
590,63.44720000000034
591,68.84840000000007
592,63.82540000000018
593,68.32740000000007
594,66.13959999999955
595,65.69440000000003
596,66.67620000000005
597,65.49659999999999
598,68.30500000000006
599,64.6775999999996
600,65.14299999999972
601,65.29259999999998
602,72.79860000000005
603,63.461100000000265
604,63.52139999999999
605,64.68459999999995
606,65.83959999999999
607,62.690599999999606
608,65.43480000000001
609,66.05640000000005
610,64.49980000000016
611,66.13359999999976
612,69.36979999999981
613,65.80139999999986
614,60.22459999999976
615,66.6452000000001
616,67.54740000000012
617,62.54479999999994
618,66.53379999999981
619,68.59140000000019
620,64.6575999999998
621,70.03880000000004
622,67.46319999999974
623,58.96659999999993
624,66.55299999999978
625,63.42119999999978
626,69.88600000000011
627,68.32219999999967
628,64.15299999999992
629,66.44619999999993
630,65.91480000000023
631,70.0541999999999
632,66.45479999999993
633,64.79100000000011
634,63.198800000000425
635,67.66340000000018
636,62.900599999999585
637,63.24219999999986
638,63.60820000000007
639,65.71659999999973
640,66.39699999999984
641,73.15180000000029
642,67.22479999999996
643,64.4070000000004
644,68.07919999999993
645,63.11740000000002
646,67.42439999999975
647,64.63880000000002
648,66.55680000000022
649,63.324600000000366
650,63.967599999999855
651,62.52539999999962
652,63.572000000000465
653,65.01839999999977
654,61.1886000000003
655,69.53199999999997
656,66.49819999999974
657,66.34100000000021
658,65.90270000000011
659,65.31099999999994
660,65.91459999999995
661,63.708200000000005
662,68.11279999999994
663,67.52800000000003
664,63.48920000000043
665,71.27360000000026
666,65.16759999999987
667,65.04980000000013
668,65.98659999999985
669,66.87119999999997
670,60.2668000000001
671,64.76299999999998
672,64.8738000000002
673,66.34099999999982
674,72.63279999999988
675,66.07339999999996
676,67.97879999999995
677,73.62260000000005
678,66.44000000000007
679,64.40100000000011
680,65.10660000000014
681,69.2606
682,66.03240000000014
683,65.44759999999974
684,68.56279999999995
685,66.86819999999994
686,66.94860000000004
687,70.66760000000002
688,64.74539999999999
689,62.98339999999966
690,67.66700000000017
691,65.50719999999976
692,65.93939999999999
693,68.04540000000024
694,65.1717999999998
695,68.41059999999996
696,63.81380000000039
697,63.995000000000026
698,72.51543333333342
699,66.6633599999999
700,67.76520000000033
701,70.17400000000004
702,70.68319999999997
703,68.85179999999971
704,71.19579999999979
705,63.41619999999986
706,65.38999999999996
707,65.48300000000016
708,66.34320000000002
709,74.37339999999996
710,66.2726999999999
711,65.93159999999965
712,63.22880000000009
713,75.16920000000007
714,64.90419999999985
715,67.03160000000015
716,65.19400000000022
717,68.67720000000007
718,65.93459999999995
719,65.44380000000018
720,67.44979999999994
721,65.42160000000011
722,67.32360000000008
723,70.74280000000002
724,67.8
725,65.8009999999999
726,70.15799999999999
727,77.78239999999995
728,64.26380000000002
729,64.82899999999991
730,64.82819999999984
731,72.25219999999997
732,71.05299999999997
733,66.91939999999984
734,63.09579999999971
735,68.19380000000008
736,67.21539999999995
737,64.61519999999987
738,73.64979999999998
739,69.34919999999995
740,63.48920000000035
741,70.3575999999999
742,66.4616666666665
743,64.99739999999993
744,74.65220000000024
745,63.22519999999995
746,59.456999999999844
747,64.22420000000018
748,59.45979999999988
749,66.09500000000043
750,65.91119999999995
751,75.28079999999991
752,59.44979999999995
753,64.9302
754,65.5226
755,66.54379999999995
756,66.21359999999984
757,63.151600000000286
758,66.92979999999984
759,62.937199999999706
760,67.33760000000025
761,62.86240000000024
762,66.95919999999992
763,67.50571999999981
764,64.39299999999993
765,65.51519999999967
766,69.86639999999984
767,64.09300000000017
768,75.67640000000003
769,64.42059999999985
770,65.14800000000002
771,68.85359999999997
772,65.96919999999982
773,66.73959999999984
774,64.13399999999984
775,64.36180000000033
776,68.9047999999998
777,69.20439999999984
778,63.01220000000044
779,64.73679999999968
780,64.78040000000026
781,65.05139999999996
782,64.39240000000001
783,64.14480000000027
784,65.67960000000019
785,65.9520000000001
786,65.50579999999977
787,67.90420000000029
788,59.2893333333337
789,67.17500000000004
790,62.88480000000045
791,67.5539999999999
792,67.08719999999988
793,61.497400000000106
794,63.337000000000224
795,65.21420000000036
796,65.76859999999996
797,63.5908000000003
798,60.660599999999995
799,71.921
800,67.59280000000017
801,75.78459999999997
802,68.39319999999991
803,77.41840000000029
804,66.95840000000007
805,66.65579999999981
806,64.80640000000027
807,64.35839999999999
808,65.21260000000008
809,64.95319999999987
810,66.21300000000028
811,63.87259999999966
812,67.76200000000009
813,77.3292
814,65.15639999999996
815,67.27479999999977
816,67.89839999999977
817,67.64260000000003
818,66.70260000000005
819,54.64401910533919
820,66.89559999999993
821,66.90960000000005
822,66.86879999999968
823,63.49839999999984
824,66.45060000000011
825,63.23180000000042
826,63.86840000000026
827,67.2085999999999
828,65.43380000000015
829,69.72980000000022
830,66.6026666666667
831,66.49479999999993
832,64.5782
833,68.48839999999987
834,66.36979999999997
835,65.21720000000028
836,65.15239999999977
837,68.57560000000007
838,73.92119999999998
839,64.34140000000004
840,75.03280000000002
841,76.56700000000002
842,67.82380000000008
843,67.02699999999976
844,64.9549999999998
845,67.2317999999999
846,62.6034000000001
847,65.08639999999973
848,65.48839999999984
849,66.03739999999996
850,66.79699999999985
851,68.55439999999983
852,65.15160000000012
853,63.28459999999965
854,67.43620000000001
855,64.50920000000022
856,70.16079999999991
857,66.73460000000014
858,79.88880000000002
859,64.15600000000036
860,70.66839999999996
861,68.0451999999998
862,67.2887999999998
863,69.93660000000017
864,64.72039999999997
865,63.376400000000054
866,64.87859999999999
867,65.07039999999984
868,61.75139999999989
869,62.92460000000037
870,63.98060000000034
871,66.39960000000008
872,57.37080000000013
873,66.86399999999982
874,66.16299999999984
875,63.56240000000027
876,67.83839999999992
877,65.83900000000007
878,66.47799999999977
879,67.11039999999993
880,64.49819999999966
881,65.43320000000001
882,63.59819999999997
883,77.06810666666658
884,65.02699999999992
885,63.28939999999962
886,68.33620000000008
887,66.46479999999995
888,69.04519999999991
889,66.32559999999992
890,80.7898000000002
891,65.36819999999986
892,63.026200000000344
893,63.18680000000043
894,65.55679999999981
895,64.53539999999998
896,69.39220000000006
897,65.65419999999992
898,70.17699999999996
899,70.60680000000005
900,69.94840000000005
901,65.63799999999983
902,66.40673333333338
903,60.92959999999987
904,66.38040000000018
905,63.95060000000004
906,65.50119999999977
907,64.56420000000013
908,64.70219999999986
909,63.89939999999983
910,88.63799999999996
911,64.34539999999986
912,69.04199999999955
913,65.86660000000008
914,69.49400000000024
915,62.7045999999997
916,66.37600000000002
917,56.56918666666696
918,75.57939999999977
919,75.09220000000008
920,63.97199999999975
921,64.9940000000002
922,63.00600000000022
923,63.84740000000026
924,63.391399999999706
925,63.19520000000001
926,64.736
927,70.17679999999999
928,64.37100000000012
929,57.070399999999914
930,65.33680000000018
931,62.62620000000024
932,64.88979999999978
933,72.84639999999985
934,68.5728
935,63.84760000000038
936,64.1128000000002
937,67.23820000000015
938,67.0466000000001
939,75.09699999999991
940,65.81439999999972
941,65.04279999999986
942,64.18780000000018
943,66.79760000000005
944,61.26019999999999
945,66.54899999999992
946,61.59319999999992
947,65.83100000000012
948,71.05479999999999
949,61.53899999999988
950,64.32859999999984
951,63.5613999999997
952,68.02060000000016
953,61.562800000000216
954,64.97199999999984
955,66.89559999999992
956,66.08199999999978
957,67.83099999999993
958,57.78951428571469
959,66.87939999999998
960,65.63619999999995
961,72.85419999999984
962,66.32079999999974
963,65.45400000000025
964,57.25106333333335
965,65.45200000000011
966,66.0355999999997
967,67.97335999999984
968,64.51380000000016
969,63.410799999999625
970,65.56300000000006
971,64.8339999999999
972,66.11959999999979
973,71.59799999999971
974,64.3749999999996
975,67.02599999999984
976,64.74600000000015
977,64.93819999999992
978,64.22359999999999
979,66.49939999999974
980,63.948500000000074
981,67.7503999999998
982,66.84619999999974
983,66.55259999999986
984,76.75440000000005
985,69.50199999999994
986,63.30160000000029
987,65.30519999999996
988,65.2114000000001
989,63.84660000000032
990,67.21900000000001
991,68.77700000000004
992,66.80890000000015
993,64.13439999999996
994,64.9710000000001
995,69.43439999999987
996,64.6662000000003
997,58.38639999999999
998,65.68459999999978
999,65.54740000000004
1000,65.1754000000002
1001,63.667400000000065
1002,63.872799999999856
1003,77.89300000000036
1004,63.93780000000001
1005,69.32240000000004
1006,68.40960000000008
1007,67.11380000000005
1008,68.72763999999975
1009,67.78720000000003
1010,63.361800000000265
1011,69.9404
1012,67.97280000000012
1013,67.42599999999993
1014,65.09400000000014
1015,70.2333999999999
1016,64.92260000000016
1017,66.31839999999984
1018,66.39780000000005
1019,65.64779999999972
1020,68.46659999999987
1021,66.76100000000022
1022,66.82820000000015
1023,62.4479999999999
1024,61.97999999999988
1025,68.51719999999997
1026,65.84204999999986
1027,66.47239999999981
1028,63.447200000000045
1029,64.42819999999979
1030,66.06699999999981
1031,67.44780000000002
1032,65.55959999999992
1033,79.87179999999996
1034,71.53760000000011
1035,65.89259999999969
1036,70.64799999999978
1037,63.94860000000002
1038,63.71180000000034
1039,58.3550665079365
1040,70.24999999999964
1041,67.24499999999992
1042,61.76299999999989
1043,67.1088000000002
1044,68.88099999999987
1045,71.57400000000001
1046,67.22200000000008
1047,63.729199999999956
1048,64.30240000000019
1049,65.99779999999987
1050,69.30839999999998
1051,64.70959999999978
1052,65.02459999999992
1053,66.15800000000004
1054,69.8224
1055,65.96000000000016
1056,65.44480000000013
1057,65.97040000000004
1058,64.62439999999991
1059,65.31459999999976
1060,63.22399999999966
1061,70.15300000000012
1062,68.04559999999967
1063,66.8948
1064,66.34940000000002
1065,76.2003999999999
1066,69.7085999999999
1067,65.8720000000001
1068,67.67219999999978
1069,64.0589333333336
1070,65.6265999999998
1071,62.943200000000246
1072,66.58819999999997
1073,70.38800000000008
1074,70.15319999999993
1075,64.37340000000005
1076,65.84600000000022
1077,65.96760000000005
1078,65.12740000000004
1079,66.92939999999996
1080,66.37120000000009
1081,68.19159999999991
1082,66.66760000000006
1083,62.82839999999964
1084,64.19120000000004
1085,66.186
1086,63.61480000000032
1087,66.86940000000017
1088,63.784599999999905
1089,63.541400000000344
1090,65.63999999999994
1091,64.23059999999991
1092,73.51327333333325
1093,76.37480000000005
1094,70.52560000000005
1095,65.79499999999972
1096,55.46103021978028
1097,63.06880000000027
1098,65.50700000000032
1099,62.20899999999989
1100,66.93239999999994
1101,74.01520000000002
1102,64.67719999999979
1103,63.39239999999968
1104,63.62380000000044
1105,67.45839999999988
1106,67.31899999999992
1107,63.11560000000029
1108,64.42259999999982
1109,66.78680000000021
1110,65.89060000000002
1111,73.61620000000012
1112,66.95180000000015
1113,75.35019999999989
1114,68.27240000000026
1115,75.06460000000001
1116,65.23220000000019
1117,63.320199999999886
1118,67.7483999999999
1119,68.68799999999995
1120,64.35259999999992
1121,66.18560000000035
1122,67.83499999999988
1123,65.34619999999983
1124,64.10220000000021
1125,64.17520000000016
1126,65.8480000000003
1127,65.85640000000012
1128,64.90979999999996
1129,64.60679999999968
1130,65.11419999999961
1131,69.36379999999997
1132,80.89160000000005
1133,69.6711999999997
1134,66.86960000000002
1135,72.06160000000028
1136,80.30599999999993
1137,66.71519999999984
1138,65.59560000000006
1139,63.82440000000027
1140,69.10179999999976
1141,67.79500000000031
1142,65.76839999999997
1143,66.84480000000025
1144,67.26939999999993
1145,65.85479999999994
1146,70.45199999999988
1147,68.27040000000014
1148,65.21209999999998
1149,67.17779999999999
1150,65.36119999999998
1151,59.45280000000013
1152,66.58159999999991
1153,75.34239999999987
1154,60.34279999999969
1155,64.66199999999994
1156,65.2983999999999
1157,66.35239999999972
1158,64.61219999999986
1159,61.34620000000017
1160,69.51859999999992
1161,59.96039999999982
1162,66.87059999999988
1163,63.91660000000018
1164,65.72320000000015
1165,65.60159999999986
1166,65.8828000000001
1167,73.4429999999999
1168,66.8244
1169,70.56190000000002
1170,63.1644000000004
1171,68.67299999999987
1172,64.80780000000014
1173,67.25759999999968
1174,64.07519999999994
1175,62.74539999999998
1176,63.822800000000015
1177,69.44199999999995
1178,63.18500000000001
1179,67.01340000000015
1180,67.09979999999985
1181,65.28815999999986
1182,67.36639999999998
1183,65.61819999999986
1184,65.75019999999996
1185,67.0230000000003
1186,79.49019999999999
1187,63.21980000000006
1188,71.16660000000003
1189,64.80880000000009
1190,67.57679999999979
1191,69.60359999999989
1192,65.76320000000011
1193,60.673799999999964
1194,68.2195999999998
1195,59.51460000000009
1196,72.64980000000031
1197,63.89779999999983
1198,69.27700000000003
1199,68.80519999999997
1200,71.5496
1201,61.57760000000001
1202,65.01820000000019
1203,69.10039999999987
1204,63.70400000000005
1205,66.26220000000016
1206,68.70740000000012
1207,62.95000000000039
1208,64.00580000000024
1209,66.60039999999992
1210,65.21280000000012
1211,66.17119999999986
1212,64.794
1213,63.8626000000001
1214,67.85730000000021
1215,62.95652000000024
1216,63.27199999999976
1217,66.68180000000008
1218,66.12790000000024
1219,63.28519999999964
1220,64.72659999999982
1221,69.58079999999997
1222,64.49740000000016
1223,62.61339999999967
1224,66.53239999999991
1225,64.4992000000001
1226,65.79799999999982
1227,68.2108
1228,67.57099999999974
1229,64.71320000000016
1230,65.94780000000016
1231,71.58859999999993
1232,66.92279999999961
1233,59.90979999999976
1234,65.15279999999971
1235,62.75299999999988
1236,67.6158
1237,63.00100000000041
1238,64.02519999999964
1239,68.0296000000001
1240,65.69980000000011
1241,66.90639999999978
1242,68.21480000000014
1243,65.68160000000002
1244,67.26940000000015
1245,67.4517999999998
1246,55.663782380952405
1247,63.00899999999955
1248,65.91479999999966
1249,66.26000000000003
1250,65.46439999999987
1251,64.18999999999988
1252,68.97790000000009
1253,64.94939999999984
1254,79.37540000000004
1255,67.22220000000011
1256,69.06419999999962
1257,65.41899999999974
1258,65.03539999999997
1259,65.10020000000024
1260,71.61719999999998
1261,64.84920000000007
1262,63.57819999999983
1263,68.25747999999999
1264,65.41659999999978
1265,66.5268999999997
1266,69.19539999999981
1267,67.68932000000017
1268,63.140600000000326
1269,65.59919999999958
1270,67.45960000000022
1271,64.17540000000031
1272,72.25619999999999
1273,66.51539999999991
1274,67.42020000000008
1275,63.064399999999566
1276,63.068000000000445
1277,67.42019999999998
1278,67.7357999999999
1279,67.00599999999982
1280,66.43940000000012
1281,63.211000000000325
1282,63.56480000000034
1283,64.0996000000002
1284,59.70319999999967
1285,67.03684999999977
1286,66.92720000000006
1287,65.47840000000024
1288,66.13379999999978
1289,64.03020000000011
1290,62.137199999999986
1291,78.56380000000001
1292,65.15600000000009
1293,68.88319999999986
1294,68.61500000000012
1295,65.94680000000004
1296,68.75580000000001
1297,65.90819999999987
1298,65.6181999999999
1299,65.90399999999984
1300,66.42639999999966
1301,62.496399999999696
1302,66.49099999999981
1303,67.0582000000002
1304,63.449600000000196
1305,65.99520000000007
1306,73.7438000000001
1307,61.34960000000002
1308,64.62140000000021
1309,74.17400000000013
1310,63.83180000000006
1311,63.45980000000023
1312,84.47339999999997
1313,67.60019999999993
1314,64.47559999999993
1315,63.745199999999855
1316,66.72719999999981
1317,63.97820000000025
1318,66.9142000000001
1319,67.68459999999978
1320,64.26920000000032
1321,66.43079999999983
1322,64.3877999999999
1323,64.84339999999962
1324,65.50200000000017
1325,65.35059999999973
1326,65.98360000000014
1327,70.56499999999984
1328,71.49579999999985
1329,64.87779999999995
1330,66.15519999999988
1331,65.9094
1332,64.58939999999996
1333,65.78099999999993
1334,63.05620000000031
1335,65.13980000000018
1336,65.27659999999976
1337,64.5218000000002
1338,63.20280000000037
1339,69.89220000000006
1340,64.47100000000036
1341,63.77260000000014
1342,64.98619999999998
1343,67.29860000000005
1344,64.50340000000018
1345,66.75199999999982
1346,65.79000000000006
1347,66.51520000000016
1348,64.18040000000002
1349,68.44039999999997
1350,64.19240000000018
1351,65.98040000000023
1352,64.94320000000033
1353,68.08479999999996
1354,69.71700000000014
1355,65.41459999999972
1356,63.21400000000046
1357,66.3937999999999
1358,66.11400000000019
1359,70.94579999999999
1360,63.25340000000024
1361,67.78999999999988
1362,64.97400000000002
1363,66.60399999999996
1364,69.93139999999994
1365,65.28159999999991
1366,59.41239999999997
1367,66.28119999999993
1368,64.2948000000004
1369,64.85579999999995
1370,63.439400000000305
1371,64.69019999999988
1372,66.69539999999968
1373,66.87919999999997
1374,66.65799999999962
1375,65.18239999999983
1376,54.60680000000005
1377,64.82559999999987
1378,68.4983999999999
1379,64.30580000000003
1380,70.57139999999983
1381,63.384400000000056
1382,64.60100000000017
1383,63.47859999999982
1384,65.97159999999963
1385,72.4046000000001
1386,62.37760000000013
1387,67.13999999999977
1388,64.39199999999992
1389,66.61219999999977
1390,67.4383999999997
1391,68.06779999999992
1392,65.06379999999979
1393,66.5031999999999
1394,62.731399999999724
1395,72.86233333333334
1396,67.92319999999994
1397,67.59160000000014
1398,63.55980000000039
1399,67.44999999999995
1400,64.75260000000023
1401,62.598199999999466
1402,67.0198
1403,67.91379999999974
1404,65.0463999999997
1405,63.10019999999956
1406,66.60079999999981
1407,64.49840000000019
1408,74.86360000000003
1409,65.09947999999986
1410,66.7844000000002
1411,63.046999999999905
1412,63.9328000000003
1413,68.36679999999981
1414,66.21479999999985
1415,65.0191999999998
1416,68.98800000000021
1417,65.56560000000025
1418,63.87480000000016
1419,67.22639999999949
1420,63.33659999999967
1421,65.27339999999997
1422,66.04339999999999
1423,67.63939999999987
1424,79.94280000000005
1425,61.16160000000004
1426,69.74680000000005
1427,63.51360000000029
1428,65.61180000000013
1429,64.89860000000013
1430,67.85099999999984
1431,64.92519999999988
1432,71.10079999999994
1433,63.17979999999983
1434,74.43580000000017
1435,65.25099999999996
1436,67.13680000000004
1437,65.38039999999997
1438,66.01899999999969
1439,65.54120000000015
1440,64.38880000000019
1441,65.38480000000023
1442,67.30320000000012
1443,72.07200000000002
1444,65.63180000000018
1445,67.02799999999976
1446,65.13980000000016
1447,62.74579999999971
1448,68.45400000000004
1449,66.2752
1450,66.88139999999994
1451,64.64779999999996
1452,65.9267999999999
1453,64.32059999999986
1454,65.3814
1455,65.72140000000013
1456,66.96840000000007
1457,67.23119999999973
1458,64.22660000000008
1459,64.37819999999971
1460,63.50889999999983
1461,66.24279999999993
1462,65.12940000000013
1463,61.72619999999984
1464,62.63619999999964
1465,64.26340000000023
1466,65.31420000000014
1467,66.28119999999994
1468,70.59839999999997
1469,66.02619999999963
1470,62.29059999999999
1471,65.62039999999982
1472,67.1255999999999
1473,65.94599999999974
1474,66.27439999999984
1475,62.05200000000009
1476,66.94299999999993
1477,64.43206666666661
1478,66.38620000000004
1479,67.9741999999998
1480,65.18580000000021
1481,63.66499999999979
1482,63.20660000000037
1483,65.25779999999969
1484,64.57099999999984
1485,65.81719999999993
1486,66.84899999999995
1487,64.4112
1488,63.07300000000032
1489,77.24319999999976
1490,65.54459999999987
1491,64.73560000000018
1492,63.49440000000042
1493,63.37159999999989
1494,65.82699999999996
1495,64.73299999999996
1496,62.73939999999961
1497,65.09339999999965
1498,67.95819999999978
1499,65.38300000000002
1500,66.31219999999982
1501,63.82720000000041
1502,62.79819999999962
1503,65.8011999999997
1504,70.68320000000013
1505,64.24440000000021
1506,74.74700000000006
1507,64.52419999999974
1508,68.22839999999995
1509,70.88039999999994
1510,66.89859999999989
1511,79.8124000000005
1512,65.34460000000014
1513,64.47240000000005
1514,66.61320000000016
1515,61.00639999999983
1516,67.08439999999972
1517,68.99359999999983
1518,65.59700000000022
1519,63.54960000000042
1520,67.63459999999998
1521,72.42460000000021
1522,67.71240000000016
1523,61.5179999999999
1524,66.45780000000003
1525,65.47640000000021
1526,70.27740000000007
1527,67.57940000000015
1528,66.68080000000015
1529,64.66020000000024
1530,68.92560000000013
1531,64.21579999999997
1532,64.22879999999996
1533,65.94479999999969
1534,67.31779999999993
1535,68.09999999999968
1536,66.66419999999978
1537,62.89359999999982
1538,64.57119999999999
1539,63.259099999999926
1540,64.07939999999992
1541,66.7874000000001
1542,63.98200000000027
1543,65.28120000000013
1544,66.60000000000015
1545,66.11839999999984
1546,67.14720000000003
1547,70.79379999999993
1548,72.55980000000004
1549,65.49679999999992
1550,62.63919999999987
1551,62.81619999999968
1552,66.11720000000001
1553,67.57560000000007
1554,64.96859999999967
1555,65.2152000000002
1556,64.90660000000035
1557,66.40180000000008
1558,66.92200000000001
1559,65.08399999999997
1560,64.44480000000024
1561,59.97059999999988
1562,67.83760000000005
1563,58.90211666666693
1564,63.377200000000265
1565,68.07359999999998
1566,68.49339999999991
1567,69.84619999999994
1568,63.90380000000033
1569,64.86879999999981
1570,66.02560000000003
1571,64.0157999999999
1572,68.40260000000022
1573,66.47359999999983
1574,62.992600000000444
1575,75.2099999999999
1576,64.40739999999997
1577,61.14499999999992
1578,64.4623999999999
1579,72.7710000000001
1580,66.32879999999977
1581,65.9461999999999
1582,64.5222
1583,65.49700000000017
1584,70.41479999999997
1585,65.93340000000015
1586,67.12920000000021
1587,65.87759999999984
1588,66.11199999999978
1589,68.12359999999995
1590,73.67739999999999
1591,64.26120000000019
1592,64.64159999999964
1593,76.37120000000007
1594,67.10900000000004
1595,65.20340000000019
1596,63.86840000000036
1597,65.09220000000003
1598,64.37419999999989
1599,65.15680000000023
1600,68.77179999999989
1601,65.21020000000003
1602,78.33239999999975
1603,64.86800000000014
1604,65.83560000000014
1605,68.24999999999964
1606,67.57479999999994
1607,70.85719999999992
1608,63.86740000000001
1609,82.8238000000002
1610,64.10979999999962
1611,68.61119999999998
1612,65.56679999999989
1613,63.96120000000036
1614,68.96619999999987
1615,65.32615999999983
1616,60.30140000000003
1617,64.46380000000028
1618,66.32099999999984
1619,63.572999999999915
1620,68.66119999999988
1621,69.32380333333325
1622,64.65300000000029
1623,74.56329999999998
1624,63.14140000000011
1625,67.28899999999999
1626,66.53939999999999
1627,65.47760000000014
1628,65.25999999999982
1629,64.72919999999984
1630,65.23820000000023
1631,63.53519999999998
1632,62.4691999999999
1633,71.8772000000001
1634,64.39380000000004
1635,65.82400000000018
1636,57.524339682539605
1637,70.20059999999987
1638,63.98660000000041
1639,63.53519999999972
1640,59.94799999999965
1641,62.55479999999964
1642,67.13839999999985
1643,65.28159999999971
1644,68.36999999999959
1645,66.84360000000002
1646,63.43740000000009
1647,67.62940000000016
1648,62.82160000000014
1649,64.94079999999995
1650,65.25460000000027
1651,67.60052000000009
1652,62.60265000000041
1653,66.89580000000001
1654,65.14119999999994
1655,64.42479999999982
1656,64.94619999999988
1657,66.5960000000003
1658,72.81000000000009
1659,65.91939999999994
1660,65.62740000000007
1661,71.18120000000029
1662,65.58080000000017
1663,67.23459999999997
1664,66.49659999999989
1665,62.33060000000022
1666,62.27600000000011
1667,63.17479999999995
1668,65.00040000000001
1669,66.64319999999982
1670,68.72270000000017
1671,76.53139999999969
1672,62.49439999999968
1673,66.81439999999989
1674,67.72489999999975
1675,68.10440000000007
1676,63.60299999999955
1677,63.137200000000355
1678,66.41240000000018
1679,78.45759999999979
1680,64.15820000000004
1681,57.681506666666735
1682,63.47179999999977
1683,59.87659999999962
1684,66.2863999999998
1685,65.53559999999982
1686,66.5182
1687,68.67280000000015
1688,65.39019999999972
1689,64.10420000000046
1690,66.63319999999975
1691,63.882799999999975
1692,69.6730000000001
1693,65.5032000000002
1694,62.554999999999914
1695,68.94119999999994
1696,71.4407999999999
1697,63.08460000000005
1698,63.022199999999735
1699,66.61739999999992
1700,62.70160000000012
1701,67.958
1702,67.33360000000005
1703,67.59159999999996
1704,69.67419999999989
1705,76.63260000000008
1706,66.51189999999967
1707,77.70440000000026
1708,69.13139999999989
1709,64.28819999999999
1710,68.40839999999984
1711,64.6802
1712,66.03960000000014
1713,65.02139999999986
1714,69.94159999999988
1715,69.40400000000008
1716,64.04380000000015
1717,62.486000000000224
1718,63.01960000000034
1719,67.41259999999964
1720,65.44859999999998
1721,64.43439999999991
1722,62.50299999999996
1723,66.4476
1724,64.57579999999993
1725,65.51080000000005
1726,67.81679999999976
1727,63.73269999999971
1728,67.47880000000002
1729,64.84651000000021
1730,69.26000000000016
1731,66.72279999999978
1732,66.33839999999991
1733,64.1682
1734,70.66819999999997
1735,65.32880000000023
1736,69.79399999999997
1737,62.885599999999705
1738,65.01359999999976
1739,68.95020000000004
1740,67.37579999999986
1741,76.17279999999991
1742,66.0329999999999
1743,67.61619999999971
1744,63.31019999999981
1745,65.67419999999984
1746,65.58980000000012
1747,64.4425999999999
1748,64.85199999999993
1749,73.55679999999982
1750,64.52239999999993
1751,64.93460000000024
1752,67.60619999999986
1753,70.35359999999983
1754,66.44999999999966
1755,69.56859999999996
1756,67.43640000000003
1757,64.70259999999999
1758,59.48659999999967
1759,63.048400000000356
1760,64.85199999999999
1761,66.55540000000006
1762,68.08319999999966
1763,67.8493999999996
1764,65.84879999999963
1765,62.724800000000386
1766,64.74820000000011
1767,64.42540000000014
1768,67.24640000000015
1769,67.80040000000018
1770,63.639700000000296
1771,65.80979999999984
1772,65.03680000000026
1773,67.68639999999992
1774,66.38619999999985
1775,66.11360000000013
1776,63.69300000000038
1777,64.57539999999953
1778,65.2538000000003
1779,65.30860000000037
1780,66.87299999999962
1781,64.24635000000004
1782,65.43620000000026
1783,63.51900000000019
1784,67.29759999999959
1785,64.98820000000005
1786,68.07260000000008
1787,65.16940000000031
1788,72.55480000000006
1789,73.28080000000008
1790,63.155800000000035
1791,65.92240000000002
1792,67.1813999999999
1793,67.5625999999998
1794,66.72159999999984
1795,65.38840000000016
1796,64.15319999999988
1797,66.24679999999974
1798,67.29940000000002
1799,71.87730000000018
1800,63.498000000000054
1801,65.10119999999989
1802,62.06339999999977
1803,67.6168000000001
1804,64.23100000000022
1805,69.00219999999997
1806,70.17360000000018
1807,62.91100000000045
1808,71.7888000000003
1809,70.17139999999975
1810,69.4741999999997
1811,69.20739999999977
1812,68.02559999999981
1813,67.97320000000003
1814,65.5889999999997
1815,66.88750000000009
1816,64.65559999999999
1817,66.79560000000001
1818,67.7854
1819,65.32400000000004
1820,66.67640000000011
1821,62.62523333333341
1822,66.79659999999986
1823,68.74720000000022
1824,62.89780000000038
1825,64.74319999999976
1826,66.56459999999984
1827,71.14206666666672
1828,64.87940000000013
1829,68.37260000000002
1830,67.88939999999984
1831,65.96459999999996
1832,65.71580000000002
1833,64.07639999999998
1834,66.1690000000002
1835,66.9389999999998
1836,66.21319999999983
1837,64.65279999999991
1838,67.71919999999969
1839,66.38680000000011
1840,63.422399999999776
1841,65.72479999999972
1842,68.4146000000002
1843,66.2615999999998
1844,65.67360000000004
1845,66.17759999999994
1846,63.13740000000038
1847,63.18720000000032
1848,64.0513999999999
1849,65.59460000000009
1850,66.89379999999986
1851,66.54139999999984
1852,63.96479999999987
1853,69.67300000000006
1854,65.39919999999975
1855,66.06520000000006
1856,73.49860000000014
1857,63.3681999999997
1858,67.99100000000013
1859,66.26439999999995
1860,65.58020000000005
1861,63.8716000000003
1862,66.4026599999997
1863,65.60260000000011
1864,65.73979999999993
1865,65.78139999999998
1866,64.17669333333329
1867,70.95419999999989
1868,66.66299999999995
1869,69.13199999999989
1870,67.16979999999977
1871,67.42359999999982
1872,69.47659999999998
1873,64.24900000000038
1874,66.24379999999991
1875,65.0662000000002
1876,65.63439999999956
1877,64.90760000000013
1878,70.09699999999992
1879,65.74380000000001
1880,72.3325999999999
1881,64.63000000000027
1882,67.74160000000009
1883,71.67619999999985
1884,67.6516
1885,63.84060000000025
1886,64.99009999999991
1887,64.60219999999995
1888,65.3618
1889,64.62339999999993
1890,65.33500000000006
1891,64.41579999999992
1892,70.00299999999953
1893,64.21540000000026
1894,65.47939999999994
1895,64.77380000000014
1896,65.21659999999997
1897,66.74799999999999
1898,68.74900000000001
1899,68.97379999999981
1900,71.95039999999985
1901,61.15819999999999
1902,65.28220000000015
1903,67.98284999999953
1904,66.66739999999967
1905,66.79879999999977
1906,63.19820000000035
1907,67.55779999999997
1908,65.57219999999978
1909,64.35279999999985
1910,64.16139999999963
1911,64.31859999999996
1912,70.72699999999999
1913,66.43420000000012
1914,66.30699999999992
1915,67.01480000000022
1916,70.90413333333305
1917,66.04020000000007
1918,68.23059999999985
1919,63.117599999999825
1920,77.71320000000006
1921,64.94819999999994
1922,67.2594000000001
1923,65.47680000000003
1924,62.77820000000045
1925,69.38580000000006
1926,61.31319999999998
1927,64.22480000000004
1928,72.50380000000001
1929,65.65939999999995
1930,67.85839999999999
1931,66.49039999999985
1932,66.08739999999987
1933,62.17446666666648
1934,65.73420000000004
1935,70.66979999999977
1936,68.10120000000015
1937,64.778
1938,71.33820000000004
1939,66.37639999999992
1940,68.60019999999997
1941,64.50599999999984
1942,66.67640000000007
1943,64.80819999999981
1944,65.61579999999967
1945,62.595200000000304
1946,66.86819999999969
1947,72.01660000000014
1948,69.15519999999985
1949,63.31860000000028
1950,65.57959999999991
1951,68.99200000000006
1952,66.66499999999998
1953,69.6177999999999
1954,66.92459999999991
1955,64.28940000000021
1956,65.9961999999999
1957,64.68919999999976
1958,67.45800000000011
1959,65.76519999999991
1960,67.24659999999992
1961,64.39999999999976
1962,66.10019999999993
1963,63.85600000000013
1964,64.31399999999978
1965,70.02619999999997
1966,64.5265999999997
1967,65.33760000000018
1968,63.64379999999976
1969,64.40640000000016
1970,61.91940000000008
1971,60.00640000000031
1972,63.40820000000011
1973,63.99299999999982
1974,67.45100000000009
1975,64.00359999999988
1976,67.91579999999996
1977,63.65640000000025
1978,60.760399999999834
1979,63.93520000000027
1980,65.8378000000001
1981,80.68580000000014
1982,66.67379999999977
1983,66.0829999999999
1984,60.949199999999664
1985,66.47559999999977
1986,64.40426666666683
1987,67.5153999999999
1988,66.74419999999995
1989,65.13960000000013
1990,63.22860000000036
1991,64.64020000000023
1992,65.90999999999991
1993,71.63100000000003
1994,63.347200000000285
1995,64.593
1996,63.6032000000004
1997,63.58559999999997
1998,64.28280000000022
1999,67.73079999999976
2000,64.51300000000036
2001,70.165
2002,57.753238095238515
2003,62.459800000000186
2004,64.28700000000035
2005,63.69579999999974
2006,64.30440000000023
2007,66.16180000000006
2008,65.48059999999963
2009,66.46199999999973
2010,69.04420000000009
2011,66.02759999999992
2012,65.36999999999999
2013,63.300600000000344
2014,68.85379999999977
2015,76.92179999999975
2016,71.65240000000003
2017,66.9514
2018,63.3630000000002
2019,67.09720000000006
2020,63.63520000000029
2021,65.9030000000001
2022,66.80580000000006
2023,65.63639999999988
2024,72.88740000000011
2025,63.42639999999982
2026,69.31319999999961
2027,66.61179999999977
2028,63.43780000000031
2029,64.1178000000001
2030,65.98100000000012
2031,63.00320000000034
2032,70.33159999999987
2033,67.68439999999997
2034,67.4641999999999
2035,65.52700000000027
2036,66.69069999999999
2037,65.33140000000031
2038,65.38180000000013
2039,73.01719999999996
2040,63.4234000000004
2041,64.40859999999998
2042,66.6455999999999
2043,64.10059999999977
2044,66.20039999999973
2045,65.81339999999965
2046,66.41379999999953
2047,65.44000000000005
2048,69.49459999999999
2049,64.67099999999981
2050,65.93100000000005
2051,67.59240000000023
2052,83.08540000000006
2053,65.20800000000038
2054,68.77080000000014
2055,63.059800000000116
2056,65.75220000000037
2057,64.22813333333312
2058,78.92320000000004
2059,67.03059999999962
2060,66.14140000000002
2061,65.41519999999987
2062,65.70860000000002
2063,71.93880000000003
2064,66.9707999999999
2065,66.27900000000001
2066,63.3058000000002
2067,68.40139999999995
2068,65.47699999999985
2069,64.98720000000021
2070,65.2729999999998
2071,64.56960000000028
2072,63.09220000000036
2073,63.29600000000022
2074,71.09279999999985
2075,69.23767999999998
2076,63.37500000000017
2077,65.72479999999963
2078,64.89599999999979
2079,63.05720000000029
2080,68.20719999999984
2081,68.59359999999991
2082,63.490799999999794
2083,61.52360000000005
2084,70.04810000000006
2085,64.50940000000038
2086,63.621600000000036
2087,64.30479999999994
2088,64.59099999999978
2089,66.34929999999986
2090,66.86239999999997
2091,66.66760000000001
2092,65.18520000000012
2093,64.30480000000026
2094,66.93479999999978
2095,64.38999999999993
2096,66.46239999999997
2097,67.70620000000011
2098,73.43060000000007
2099,67.3933999999998
2100,65.95220000000015
2101,64.18400000000022
2102,66.7712
2103,65.31400000000025
2104,60.37720000000026
2105,67.6015999999998
2106,67.73999999999997
2107,63.88800000000035
2108,68.65320000000008
2109,66.04900000000005
2110,64.22740000000023
2111,65.51939999999952
2112,64.96720000000025
2113,66.10160000000012
2114,64.43940000000025
2115,65.18679999999998
2116,64.1582000000004
2117,62.55279999999974
2118,68.70340000000016
2119,65.12659999999981
2120,65.7517999999999
2121,66.36779999999975
2122,65.39560000000021
2123,74.7905999999999
2124,72.26840000000016
2125,64.61900000000003
2126,63.27520000000039
2127,65.41340000000015
2128,64.99880000000019
2129,67.2246000000001
2130,64.64550000000001
2131,79.04739999999994
2132,66.5433999999999
2133,64.40419999999968
2134,64.84739999999974
2135,67.6568000000001
2136,63.514800000000086
2137,64.12220000000025
2138,65.54839999999984
2139,65.97480000000007
2140,76.20639999999995
2141,64.52819999999979
2142,74.19180000000017
2143,67.32039999999975
2144,64.40419999999996
2145,74.30120000000022
2146,65.36850000000005
2147,64.17260000000022
2148,63.704000000000285
2149,65.36179999999983
2150,65.61899999999997
2151,65.05160000000005
2152,66.11760000000004
2153,71.26360000000021
2154,64.23099999999992
2155,66.26699999999971
2156,66.7081999999998
2157,72.18939999999981
2158,68.0103999999999
2159,63.67579999999978
2160,66.67520000000009
2161,68.16079999999991
2162,65.00379999999997
2163,65.58919999999989
2164,66.42279999999988
2165,69.58760000000007
2166,63.09480000000043
2167,66.54939999999998
2168,62.95400000000032
2169,64.53100000000023
2170,61.014000000000024
2171,64.79579999999955
2172,63.99999999999972
2173,64.27060000000009
2174,64.66770000000017
2175,67.411
2176,66.06869999999967
2177,65.22280000000023
2178,65.52160000000033
2179,67.67100000000015
2180,68.0242000000002
2181,63.707200000000384
2182,65.8514000000001
2183,67.05340000000011
2184,65.08659999999969
2185,72.77539999999999
2186,66.09240000000011
2187,68.67200000000032
2188,62.998199999999635
2189,66.33060000000008
2190,74.54379999999996
2191,60.351599999999955
2192,61.309200000000004
2193,72.11959999999995
2194,66.86560000000024
2195,64.42780000000022
2196,65.14319999999988
2197,63.027399999999474
2198,64.15100000000017
2199,65.37420000000017
2200,70.67679999999993
2201,63.446199999999706
2202,67.60514999999995
2203,60.07399999999968
2204,74.62920000000005
2205,63.14980000000035
2206,67.1857999999999
2207,63.53679999999996
2208,66.00759999999988
2209,68.33280000000006
2210,64.5219999999997
2211,71.98939999999979
2212,67.8509999999999
2213,63.029800000000485
2214,64.69679999999987
2215,65.37000000000002
2216,68.22500000000005
2217,67.22609999999973
2218,63.92360000000014
2219,68.63950000000008
2220,64.6094
2221,68.49020000000006
2222,58.96248000000036
2223,64.14239999999975
2224,63.0898000000004
2225,70.81259999999985
2226,64.65540000000028
2227,73.46179999999994
2228,77.57599999999987
2229,66.55899999999994
2230,65.4576000000001
2231,61.170840000000084
2232,63.0641999999998
2233,72.00240000000011
2234,62.764800000000065
2235,65.38759999999992
2236,70.9288999999997
2237,66.13920000000003
2238,63.172999999999966
2239,68.02099999999996
2240,62.83680000000018
2241,65.58739999999975
2242,60.59499999999995
2243,63.69459999999976
2244,64.29839999999984
2245,67.0488000000001
2246,57.46892999999998
2247,66.32799999999985
2248,60.04399999999955
2249,67.21900000000018
2250,65.44699999999996
2251,77.42600000000009
2252,61.89260000000018
2253,66.63999999999992
2254,67.94360000000006
2255,62.645599999999824
2256,58.90211666666693
2257,66.50339999999998
2258,67.87879999999998
2259,65.01659999999985
2260,66.32279999999996
2261,60.66340000000015
2262,72.85900000000004
2263,67.63239999999979
2264,64.52660000000029
2265,66.37620000000005
2266,67.30039999999984
2267,67.90240000000003
2268,67.47659999999989
2269,65.43319999999969
2270,65.59340000000009
2271,76.12520000000006
2272,73.17260000000006
2273,65.49279999999985
2274,67.8788000000002
2275,74.70740000000026
2276,69.68939999999998
2277,63.708600000000224
2278,64.91580000000039
2279,65.76249999999976
2280,66.15720000000024
2281,71.31220000000003
2282,63.692400000000255
2283,64.56639999999997
2284,60.00820000000002
2285,64.14300000000017
2286,65.69939999999993
2287,64.69099999999986
2288,70.9071999999999
2289,68.44139999999976
2290,66.3553999999997
2291,65.35700000000038
2292,72.04000000000022
2293,66.3131999999999
2294,71.07820000000014
2295,72.25279999999998
2296,69.18140000000015
2297,65.34115999999989
2298,63.66360000000017
2299,64.20740000000029
2300,73.08740000000006
2301,60.06839999999956
2302,69.37760000000003
2303,61.87399999999995
2304,64.80700000000023
2305,64.12560000000029
2306,65.49899999999974
2307,65.90879999999966
2308,68.40060000000007
2309,65.42960000000012
2310,66.90679999999993
2311,62.63899999999995
2312,63.17100000000033
2313,65.63220000000005
2314,65.18220000000026
2315,67.1219999999999
2316,67.20419999999999
2317,62.59480000000028
2318,72.87180000000006
2319,66.05409999999975
2320,63.76560000000026
2321,66.0172000000002
2322,66.33080000000011
2323,63.79780000000028
2324,67.58099999999982
2325,68.02259999999995
2326,67.63620000000007
2327,66.1047999999997
2328,62.34419999999971
2329,74.85540000000023
2330,65.06840000000001
2331,70.07759999999988
2332,68.24979999999996
2333,66.34460000000016
2334,63.00400000000031
2335,65.13846666666649
2336,69.94239999999994
2337,66.21920000000006
2338,64.54300000000006
2339,70.80359999999989
2340,68.77239999999992
2341,70.04219999999991
2342,59.49900000000029
2343,64.02039999999987
2344,68.96219999999987
2345,63.510199999999976
2346,66.34540000000005
2347,66.51979999999986
2348,65.91760000000002
2349,74.96240000000006
2350,63.19919999999989
2351,66.35699999999963
2352,66.36116000000013
2353,64.08379999999977
2354,60.80639999999995
2355,65.06919999999997
2356,67.14900000000016
2357,66.76519999999985
2358,65.9840000000003
2359,69.05359999999989
2360,68.73419999999996
2361,68.70320000000007
2362,67.34359999999997
2363,75.86580000000001
2364,68.28440000000008
2365,63.82820000000009
2366,67.67719999999983
2367,60.42499999999996
2368,65.88499999999979
2369,67.13980000000011
2370,66.32279999999987
2371,66.14799999999994
2372,66.21819999999994
2373,66.80379999999994
2374,65.94639999999968
2375,68.87380000000024
2376,65.75220000000014
2377,68.86299999999991
2378,64.3915999999999
2379,67.2544000000002
2380,70.19619999999978
2381,68.06100000000013
2382,63.337599999999725
2383,64.48800000000006
2384,68.72019999999999
2385,68.23140000000011
2386,62.244800000000126
2387,66.21860000000014
2388,66.75399999999985
2389,76.44440000000007
2390,63.61600000000022
2391,55.71872666666693
2392,63.277600000000405
2393,64.68539999999997
2394,63.170600000000405
2395,64.268
2396,69.66899999999978
2397,67.24334999999988
2398,66.11259999999974
2399,65.30339999999991
2400,65.97440000000007
2401,65.83720000000011
2402,66.3427999999999
2403,75.87960000000008
2404,62.018600000000305
2405,64.1758000000002
2406,64.54460000000034
2407,66.09479999999978
2408,65.25739999999995
2409,72.0935999999999
2410,68.06580000000012
2411,64.52999999999989
2412,70.57169999999996
2413,66.96940000000002
2414,64.92000000000021
2415,64.74760000000016
2416,63.36829999999971
2417,65.84160000000014
2418,64.37360000000032
2419,60.010399999999734
2420,64.8018000000001
2421,62.826400000000355
2422,64.27659999999999
2423,64.00079999999997
2424,69.16479999999997
2425,64.39299999999992
2426,65.2136
2427,71.18986666666663
2428,64.58019999999996
2429,66.75460000000004
2430,60.581399999999746
2431,79.39180000000007
2432,65.13359999999962
2433,64.36899999999986
2434,68.14559999999962
2435,64.92080000000023
2436,66.203
2437,63.35780000000029
2438,66.14279999999971
2439,64.51440000000001
2440,67.29900000000016
2441,60.92499999999987
2442,67.73179999999995
2443,63.98840000000038
2444,66.48379999999965
2445,65.26540000000006
2446,72.03359999999996
2447,65.75859999999999
2448,68.59120000000017
2449,62.95906666666693
2450,66.74599999999973
2451,59.840599999999974
2452,63.11919999999981
2453,65.5424
2454,71.9172
2455,74.60999999999987
2456,65.40260000000016
2457,76.63180000000003
2458,66.6798
2459,67.63239999999973
2460,71.67410000000002
2461,64.69439999999994
2462,61.889800000000015
2463,64.98219999999985
2464,64.88600000000017
2465,72.45920000000002
2466,66.7962
2467,66.26879999999967
2468,62.583800000000316
2469,67.33880000000015
2470,67.4489999999998
2471,66.03280000000034
2472,68.16939999999985
2473,62.74600000000046
2474,66.81700000000012
2475,64.09519999999998
2476,69.25360000000003
2477,65.19580000000008
2478,64.28180000000003
2479,74.18339999999995
2480,61.06100000000006
2481,64.41440000000004
2482,66.99699999999993
2483,65.37260000000012
2484,67.24619999999993
2485,64.9796000000004
2486,67.26300000000005
2487,64.4126000000003
2488,64.95980000000026
2489,67.08729999999981
2490,66.49639999999992
2491,64.39859999999985
2492,66.52340000000025
2493,64.99199999999996
2494,66.72159999999995
2495,64.65599999999984
2496,69.47320000000005
2497,69.30959999999995
2498,66.15459999999969
2499,66.3336000000001
2500,63.3048000000003
2501,67.04479999999991
2502,64.3444
2503,63.618200000000265
2504,65.70720000000009
2505,63.24540000000027
2506,67.05040000000004
2507,66.94180000000004
2508,73.08980000000011
2509,67.28120000000025
2510,54.82427833333334
2511,66.39119999999984
2512,59.132400000000096
2513,68.10120000000009
2514,67.53299999999989
2515,68.96100000000011
2516,65.9512000000001
2517,65.68879999999989
2518,67.2076000000004
2519,65.60039999999988
2520,77.19439999999986
2521,68.11779999999987
2522,62.41552000000023
2523,64.74539999999986
2524,66.16639999999991
2525,66.52399999999983
2526,68.20360000000001
2527,69.75979999999993
2528,66.01339999999978
2529,73.06219999999999
2530,67.55039999999968
2531,72.0682000000002
2532,73.46740000000017
2533,66.54379999999998
2534,68.95580000000004
2535,65.29959999999993
2536,63.07199999999968
2537,66.9380000000001
2538,66.92779999999992
2539,63.01979999999966
2540,65.5378000000001
2541,68.07680000000018
2542,64.76380000000013
2543,66.1705999999998
2544,69.1439999999999
2545,63.93000000000018
2546,64.65699999999973
2547,63.34619999999973
2548,64.72000000000013
2549,70.5886000000001
2550,60.71939999999981
2551,64.23959999999984
2552,67.09139999999985
2553,65.97380000000001
2554,65.63599999999984
2555,68.40839999999986
2556,64.1548000000003
2557,64.25520000000022
2558,63.01379999999968
2559,68.34100000000016
2560,63.27480000000006
2561,64.75759999999977
2562,64.26020000000003
2563,68.67239999999987
2564,66.1915999999998
2565,66.93459999999983
2566,67.04319999999987
2567,60.63359999999996
2568,64.8559999999999
2569,64.04200000000021
2570,64.04100000000022
2571,63.43000000000025
2572,63.13879999999975
2573,63.696400000000324
2574,63.40919999999966
2575,66.82679999999962
2576,65.4231999999998
2577,67.31880000000005
2578,67.36839999999954
2579,67.40439999999995
2580,66.51019999999974
2581,64.83179999999997
2582,63.785800000000215
2583,69.5104
2584,64.72740000000007
2585,62.52899999999993
2586,68.082
2587,69.60740000000011
2588,67.01279999999991
2589,65.14779999999979
2590,67.33679999999994
2591,65.38499999999976
2592,65.59460000000018
2593,66.35019999999989
2594,69.30900000000011
2595,63.90260000000002
2596,64.40320000000008
2597,62.31960000000002
2598,63.969800000000255
2599,65.30419999999994
2600,75.3267999999999
2601,64.73820000000029
2602,68.19319999999983
2603,66.36540000000004
2604,69.01419999999987
2605,69.01019999999998
2606,66.47579999999991
2607,64.45700000000022
2608,62.83579999999971
2609,68.76480000000006
2610,62.89019999999963
2611,66.04400000000012
2612,70.05220000000003
2613,69.07839999999953
2614,66.25439999999973
2615,64.1348
2616,70.66239999999989
2617,63.78520000000032
2618,64.82820000000002
2619,65.54699999999985
2620,67.6726000000001
2621,69.33340000000008
2622,64.57560000000011
2623,67.1489999999999
2624,67.49680000000022
2625,61.293799999999685
2626,62.43919999999976
2627,67.10700000000011
2628,67.53040000000007
2629,67.55760000000002
2630,70.86519999999979
2631,64.57359999999993
2632,65.65489999999983
2633,69.02279999999992
2634,65.98840000000001
2635,71.3602
2636,64.16019999999989
2637,66.468
2638,64.37099999999992
2639,64.84740000000014
2640,63.36359999999984
2641,63.254000000000204
2642,63.10879999999975
2643,66.15129999999998
2644,67.84559999999993
2645,66.99359999999973
2646,65.80059999999978
2647,79.93739999999995
2648,65.2663999999998
2649,66.77799999999999
2650,63.50680000000029
2651,68.64040000000014
2652,66.02599999999967
2653,64.06860000000007
2654,64.78320000000025
2655,64.48659999999978
2656,68.01839999999997
2657,70.75740000000006
2658,68.02440000000007
2659,66.24800000000003
2660,78.2536000000001
2661,64.77519999999996
2662,66.96999999999981
2663,67.08999999999958
2664,68.82280000000006
2665,69.02859999999984
2666,68.02079999999982
2667,67.11939999999998
2668,66.8639999999997
2669,66.40499999999982
2670,63.71839999999971
2671,66.99559999999988
2672,65.99419999999996
2673,63.21520000000016
2674,65.71099999999987
2675,66.28039999999987
2676,66.9027999999998
2677,63.00360000000036
2678,63.00680000000019
2679,65.04560000000019
2680,65.11366666666662
2681,66.99759999999968
2682,63.10460000000024
2683,63.66240000000014
2684,67.93319999999987
2685,75.49599999999997
2686,68.647
2687,65.82860000000018
2688,64.25
2689,63.322800000000285
2690,78.74019999999982
2691,71.17460000000007
2692,65.37839999999971
2693,63.12400000000034
2694,62.18779999999995
2695,66.58679999999993
2696,71.23119999999983
2697,60.839199999999664
2698,69.18699999999998
2699,66.0174000000001
2700,63.09379999999976
2701,67.25819999999993
2702,65.67159999999988
2703,65.80719999999981
2704,64.66019999999997
2705,66.09779999999998
2706,66.16640000000005
2707,63.022200000000346
2708,65.33360000000009
2709,63.82750000000032
2710,66.09860000000002
2711,66.58119999999982
2712,66.59359999999982
2713,64.85879999999977
2714,68.39819999999992
2715,67.97679999999997
2716,63.71040000000037
2717,66.21880000000002
2718,64.40819999999997
2719,64.13380000000032
2720,63.8044000000002
2721,70.50779999999995
2722,66.43879999999997
2723,65.52139999999973
2724,64.67680000000004
2725,66.88939999999977
2726,64.7620000000001
2727,62.20999999999974
2728,60.30599999999984
2729,65.2418000000003
2730,65.12800000000013
2731,63.75699999999993
2732,67.33659999999996
2733,69.33419999999998
2734,67.43280000000017
2735,67.84880000000035
2736,66.46999999999991
2737,66.04659999999981
2738,66.51379999999997
2739,74.77120000000006
2740,66.16120000000004
2741,65.38000000000014
2742,66.35539999999999
2743,73.1106000000001
2744,62.54780000000031
2745,68.06579999999977
2746,67.15399999999987
2747,67.49639999999987
2748,71.62859999999999
2749,70.32779999999994
2750,63.19380000000029
2751,72.38179999999998
2752,69.69840000000005
2753,68.80739999999992
2754,63.01280000000037
2755,66.50299999999987
2756,63.270800000000314
2757,63.49019999999978
2758,64.75040000000018
2759,66.42900000000012
2760,62.83879999999981
2761,72.36620000000012
2762,69.26919999999998
2763,67.32300000000001
2764,63.63939999999974
2765,65.56459999999979
2766,59.5952
2767,64.88740000000008
2768,68.2368000000002
2769,72.42999999999982
2770,65.89260000000006
2771,65.98059999999982
2772,66.83839999999957
2773,66.06459999999994
2774,63.185999999999794
2775,65.87179999999985
2776,63.8856000000001
2777,65.90940000000005
2778,68.60679999999992
2779,67.48159999999996
2780,69.56099999999994
2781,64.64699999999992
2782,66.35660000000006
2783,61.112399999999965
2784,70.40760000000006
2785,64.55519999999994
2786,71.42499999999991
2787,71.0668000000003
2788,66.44289999999974
2789,64.38999999999999
2790,65.2823000000002
2791,63.33420000000033
2792,65.64319999999995
2793,70.2444
2794,67.54680000000008
2795,66.59360000000001
2796,63.233800000000365
2797,69.10959999999983
2798,68.99419999999992
2799,65.38419999999967
2800,66.52760000000004
2801,71.78240000000005
2802,67.99060000000007
2803,73.38839999999983
2804,71.85082000000004
2805,62.70660000000034
2806,67.344
2807,67.42679999999993
2808,64.57160000000017
2809,64.8931999999999
2810,69.15740000000002
2811,69.84960000000018
2812,66.69199999999984
2813,66.31559999999985
2814,67.5566000000003
2815,70.58419999999997
2816,59.350360000000336
2817,64.76810000000012
2818,63.239600000000394
2819,66.69260000000013
2820,65.51919999999998
2821,64.71499999999996
2822,60.25979999999999
2823,69.67253333333326
2824,78.83979999999978
2825,63.65420000000029
2826,67.14220000000022
2827,64.16699999999967
2828,67.11839999999991
2829,65.10060000000024
2830,63.375000000000384
2831,71.44500000000002
2832,61.18659999999997
2833,64.62850000000029
2834,65.61319999999986
2835,63.0218000000003
2836,67.06839999999961
2837,68.01100000000027
2838,66.72599999999981
2839,65.48519999999982
2840,62.8286000000004
2841,73.64959999999985
2842,67.43460000000009
2843,68.06020000000011
2844,67.30320000000009
2845,63.79579999999976
2846,64.30660000000023
2847,65.67639999999965
2848,64.37279999999998
2849,73.79160000000016
2850,65.31980000000011
2851,64.17499999999993
2852,65.73540000000008
2853,63.1227000000002
2854,66.45039999999992
2855,68.45579999999981
2856,69.09260000000008
2857,66.70519999999996
2858,64.27839999999996
2859,67.04220000000025
2860,64.26780000000034
2861,67.38519999999987
2862,73.17779999999999
2863,73.80639999999984
2864,75.94240000000003
2865,64.98080000000017
2866,66.78880000000007
2867,56.85540000000003
2868,65.55599999999981
2869,68.84160999999993
2870,62.14919999999971
2871,67.78780000000005
2872,62.50979999999971
2873,62.073599999999935
2874,63.10660000000037
2875,65.8
2876,61.589599999999955
2877,67.4783999999999
2878,67.11020000000003
2879,64.31200000000004
2880,76.99880000000012
2881,66.98880000000007
2882,69.0279999999999
2883,71.60219999999984
2884,71.92379999999997
2885,64.99680000000004
2886,65.16659999999996
2887,66.56179999999972
2888,67.98759999999994
2889,68.50980000000003
2890,62.95779999999966
2891,63.56979999999975
2892,67.58520000000004
2893,68.97799999999992
2894,64.89440000000029
2895,68.5077999999999
2896,70.7258
2897,64.03320000000002
2898,68.1789999999999
2899,66.73119999999982
2900,66.4743999999997
2901,65.18359999999997
2902,65.932
2903,66.62119999999976
2904,65.28520000000003
2905,62.9520000000003
2906,66.41999999999989
2907,62.78039999999965
2908,64.89699999999992
2909,64.14299999999989
2910,67.58139999999993
2911,64.51100000000014
2912,66.39380000000006
2913,65.23920000000027
2914,72.76123333333334
2915,65.50099999999969
2916,68.8666399999998
2917,68.93259999999997
2918,63.9458000000002
2919,65.94079999999983
2920,65.07920000000014
2921,67.72900000000021
2922,65.20420000000026
2923,69.67780000000003
2924,66.58459999999991
2925,63.53079999999984
2926,65.75900000000016
2927,68.29339999999993
2928,68.14740000000012
2929,71.27739999999996
2930,69.55759999999987
2931,69.7780000000001
2932,64.40519999999984
2933,64.0598000000002
2934,67.71680000000016
2935,64.02260000000001
2936,66.497
2937,64.57119999999999
2938,66.72920000000022
2939,66.0546
2940,64.03339999999997
2941,65.75419999999963
2942,68.37799999999994
2943,65.54919999999983
2944,69.76239999999997
2945,67.49859999999978
2946,65.6474000000001
2947,66.42879999999995
2948,66.2334000000001
2949,64.55000000000025
2950,68.44600000000028
2951,63.65660000000025
2952,65.68899999999988
2953,64.46459999999982
2954,64.41140000000014
2955,64.08760000000004
2956,60.171599999999906
2957,68.00620000000002
2958,63.256800000000226
2959,56.35432809523797
2960,68.37499999999983
2961,62.65820000000047
2962,67.56840000000004
2963,66.03499999999988
2964,65.95559999999998
2965,68.81139999999981
2966,65.08879999999996
2967,77.27220000000011
2968,62.938200000000144
2969,60.5714
2970,64.66619999999999
2971,63.0094000000003
2972,64.58080000000004
2973,64.92459999999994
2974,64.79260000000005
2975,64.79040000000016
2976,64.39280000000014
2977,71.3324000000003
2978,67.08859999999981
2979,67.26139999999995
2980,68.10419999999982
2981,67.93839999999982
2982,59.271800000000106
2983,65.67920000000004
2984,66.21379999999994
2985,66.96059999999994
2986,74.35500000000012
2987,66.76366666666667
2988,65.40000000000006
2989,61.8122999999998
2990,71.09219999999998
2991,62.93840000000018
2992,56.07999999999993
2993,70.05580000000006
2994,67.66939999999981
2995,63.76799999999976
2996,64.2812
2997,62.68719999999989
2998,63.652400000000284
2999,66.32639999999986
3000,64.32280000000023
3001,64.93019999999983
3002,69.741
3003,65.63359999999969
3004,67.47460000000004
3005,64.85039999999982
3006,63.42680000000044
3007,65.12979999999989
3008,64.36599999999987
3009,65.02680000000014
3010,65.45320000000005
3011,64.70759999999996
3012,64.98279999999984
3013,70.39479999999992
3014,63.88939999999996
3015,64.11280000000029
3016,68.65659999999991
3017,68.92599999999993
3018,68.87475000000008
3019,57.66165000000019
3020,66.57920000000017
3021,64.22560000000027
3022,65.32339999999998
3023,62.82886666666695
3024,65.99079999999985
3025,69.61819999999994
3026,67.19379999999968
3027,59.29931428571462
3028,70.38199999999999
3029,66.70219999999989
3030,66.7138
3031,65.63700000000014
3032,63.47200000000036
3033,66.40219999999972
3034,67.50359999999979
3035,68.29579999999989
3036,67.32740000000003
3037,64.77179999999986
3038,69.39439999999982
3039,78.43480000000007
3040,64.99739999999989
3041,69.53420000000006
3042,65.37040000000019
3043,67.60060000000016
3044,65.83400000000003
3045,66.40720000000002
3046,61.00359999999989
3047,64.1384000000003
3048,65.81439999999978
3049,64.5323999999999
3050,67.07439999999986
3051,63.6001999999996
3052,65.24019999999955
3053,64.7853999999999
3054,66.00799999999995
3055,68.51539999999984
3056,64.28080000000043
3057,70.71520000000021
3058,62.94440000000009
3059,65.0002000000002
3060,66.0388000000001
3061,67.17719999999996
3062,66.59860000000009
3063,60.36580000000003
3064,64.44899999999988
3065,64.62840666666676
3066,65.59179999999998
3067,68.23879999999983
3068,66.67539999999984
3069,67.51499999999989
3070,66.98959999999991
3071,65.58099999999975
3072,65.63760000000009
3073,64.7222000000004
3074,66.59920000000005
3075,68.11300000000033
3076,69.25359999999998
3077,67.64899999999997
3078,67.01199999999992
3079,62.028400000000225
3080,60.22219999999992
3081,66.39679999999984
3082,65.18160000000016
3083,72.44659999999993
3084,66.89520000000014
3085,64.37799999999997
3086,65.32860000000002
3087,65.26960000000011
3088,64.12100000000028
3089,70.36839999999971
3090,67.42179999999983
3091,63.12200000000031
3092,66.88230000000007
3093,68.8789999999998
3094,65.06199999999998
3095,63.778199999999735
3096,64.77499999999995
3097,67.28159999999986
3098,65.98699999999978
3099,67.62420000000007
3100,65.71019999999992
3101,70.06139999999994
3102,66.59739999999992
3103,65.33669999999978
3104,63.17330000000038
3105,66.23779999999992
3106,66.59860000000027
3107,66.09419999999972
3108,63.57100000000045
3109,63.57039999999983
3110,65.6283999999996
3111,69.09220000000023
3112,66.56859999999979
3113,68.60900000000001
3114,64.59600000000022
3115,69.95700000000005
3116,64.5140000000003
3117,67.17339999999994
3118,65.77960000000023
3119,66.38419999999985
3120,65.5316000000002
3121,65.88140000000007
3122,63.7958000000001
3123,66.22759999999992
3124,58.964000000000105
3125,65.60559999999991
3126,81.14939999999993
3127,72.26759999999993
3128,68.76980000000003
3129,66.65260000000013
3130,67.91120000000014
3131,63.99600000000002
3132,62.567800000000034
3133,63.57380000000039
3134,63.42159999999985
3135,64.66579999999978
3136,64.82999999999994
3137,68.2269999999999
3138,65.32799999999975
3139,69.2282000000001
3140,67.79460000000006
3141,67.23819999999986
3142,64.53179999999986
3143,63.09840000000015
3144,65.9888000000001
3145,68.94139999999989
3146,66.19139999999986
3147,66.98599999999979
3148,63.220799999999684
3149,66.4169599999998
3150,66.19879999999998
3151,67.79479999999978
3152,64.46399999999986
3153,69.07296000000015
3154,66.40560000000013
3155,65.716
3156,65.44079999999987
3157,68.14319999999988
3158,68.98319999999994
3159,71.78019999999991
3160,66.98079999999976
3161,62.14080000000008
3162,68.83819999999973
3163,68.7494
3164,63.43840000000029
3165,66.12200000000017
3166,66.4387999999998
3167,72.76979999999969
3168,66.92479999999988
3169,62.81279999999957
3170,69.11779999999989
3171,66.15280000000001
3172,67.24659999999966
3173,65.78779999999972
3174,67.57780000000008
3175,67.03019999999991
3176,67.58460000000001
3177,65.70599999999988
3178,65.90839999999997
3179,65.66019999999986
3180,66.8189999999999
3181,64.59739999999991
3182,68.48319999999998
3183,63.42340000000034
3184,64.22380000000004
3185,64.5246000000003
3186,72.80560000000001
3187,68.42009999999995
3188,58.725600000000306
3189,65.48059999999988
3190,64.41400000000014
3191,63.63759999999979
3192,67.10080000000022
3193,65.05480000000026
3194,66.1435999999997
3195,67.3264
3196,64.00800000000005
3197,66.6470000000001
3198,65.64659999999986
3199,64.30759999999992
3200,65.7260000000001
3201,68.2275999999998
3202,67.72839999999987
3203,71.05580000000026
3204,63.585199999999595
3205,64.85759999999988
3206,63.37100000000042
3207,64.17100000000022
3208,69.65959999999983
3209,66.2563999999999
3210,62.893400000000376
3211,65.75879999999997
3212,65.29700000000004
3213,69.16119999999994
3214,63.48559999999965
3215,63.52900000000034
3216,66.51319999999983
3217,63.29799999999974
3218,61.9074000000003
3219,64.85979999999995
3220,70.0899999999999
3221,70.35259999999991
3222,62.36599999999957
3223,65.12200000000014
3224,67.61859999999996
3225,65.36419999999967
3226,69.90120000000006
3227,65.83620000000006
3228,69.63640000000002
3229,66.5383999999998
3230,68.42040000000011
3231,65.76159999999966
3232,69.2608
3233,68.23859999999996
3234,68.31179999999978
3235,66.17739999999984
3236,62.580199999999664
3237,66.08719999999998
3238,66.00899999999993
3239,65.05599999999971
3240,75.81280000000022
3241,66.74299999999968
3242,64.1545999999999
3243,63.506599999999615
3244,63.26480000000025
3245,66.45420000000009
3246,67.33740000000016
3247,65.26119999999986
3248,63.69660000000035
3249,65.41280000000027
3250,63.917800000000206
3251,62.99639999999964
3252,66.48779999999995
3253,71.20940000000012
3254,64.42000000000021
3255,72.69760000000005
3256,63.7632000000003
3257,65.37480000000014
3258,58.81158000000039
3259,65.08559999999984
3260,66.90070000000014
3261,64.19460000000005
3262,68.36459999999973
3263,67.62040000000025
3264,66.7974000000001
3265,66.18779999999992
3266,64.39599999999996
3267,66.4053999999998
3268,65.60899999999977
3269,63.20100000000031
3270,64.07639999999971
3271,70.29459999999987
3272,65.6280000000002
3273,62.04099999999972
3274,78.88599999999981
3275,68.18579999999994
3276,64.47119999999994
3277,64.24399999999982
3278,66.04539999999993
3279,66.19519999999974
3280,66.52799999999989
3281,65.9204999999996
3282,65.58719999999975
3283,64.92123333333363
3284,65.58109999999984
3285,72.03219999999988
3286,68.16539999999992
3287,67.36160000000014
3288,63.56359999999975
3289,67.9233999999998
3290,65.7822
3291,68.45619999999998
3292,64.63039999999961
3293,65.20859999999988
3294,63.977400000000294
3295,66.41699999999977
3296,63.881799999999934
3297,68.42519999999995
3298,65.76799999999986
3299,64.41940000000017
3300,67.73900000000005
3301,63.39725000000035
3302,59.814599999999814
3303,70.64560000000003
3304,64.84579999999977
3305,68.93740000000012
3306,65.42220000000005
3307,74.8318
3308,64.24820000000018
3309,65.62519999999984
3310,63.69300000000004
3311,63.31980000000041
3312,71.69019999999986
3313,65.40080000000019
3314,65.6566000000001
3315,66.5512
3316,65.73379999999989
3317,65.5400000000001
3318,66.22959999999983
3319,70.22559999999972
3320,63.712000000000195
3321,64.28500000000037
3322,73.58500000000002
3323,64.18019999999989
3324,64.39400000000019
3325,65.30600000000003
3326,57.652200000000406
3327,66.31679999999983
3328,63.68860000000033
3329,66.6288
3330,71.81439999999988
3331,64.82340000000003
3332,66.37940000000003
3333,66.93740000000003
3334,66.63759999999984
3335,64.12480000000028
3336,64.87440000000008
3337,64.43279999999994
3338,69.0436
3339,71.80860000000007
3340,64.95060000000011
3341,68.29639999999955
3342,67.4884
3343,67.77200000000005
3344,63.826599999999765
3345,66.08559999999986
3346,65.44699999999999
3347,65.73359999999981
3348,66.20539999999974
3349,67.2873999999999
3350,64.77140000000014
3351,67.20879999999995
3352,66.55040000000002
3353,69.95939999999993
3354,63.98680000000015
3355,64.13879999999996
3356,62.57839999999966
3357,66.59659999999995
3358,65.02059999999986
3359,76.64479999999989
3360,63.84920000000031
3361,67.08679999999994
3362,67.66559999999987
3363,66.79089999999991
3364,65.66380000000011
3365,68.47179999999996
3366,68.82800000000009
3367,69.31160000000007
3368,66.42340000000007
3369,66.57120000000008
3370,63.1267999999999
3371,63.0249999999999
3372,66.53739999999996
3373,69.01879999999989
3374,65.52740000000023
3375,61.52960000000025
3376,74.02300000000022
3377,65.08280000000025
3378,65.43179999999987
3379,65.05340000000031
3380,65.80199999999978
3381,63.48580000000018
3382,71.62739999999987
3383,70.80700000000002
3384,63.525199999999764
3385,63.333800000000366
3386,67.1985999999998
3387,67.78379999999997
3388,64.54079999999986
3389,63.91660000000001
3390,80.55879999999995
3391,73.18799999999997
3392,74.07959999999989
3393,62.18759999999987
3394,67.7138000000001
3395,72.49719999999999
3396,75.83319999999985
3397,64.50619999999994
3398,69.5915999999999
3399,65.15860000000004
3400,64.01240000000004
3401,68.29880000000003
3402,67.11100000000006
3403,65.43040000000028
3404,67.67720000000008
3405,67.36339999999983
3406,64.41839999999985
3407,64.0951999999995
3408,63.51540000000031
3409,69.58
3410,66.33279999999992
3411,65.76280000000014
3412,66.91079999999978
3413,66.6414
3414,64.12720000000029
3415,66.358
3416,66.74119999999974
3417,64.56999999999982
3418,63.122800000000254
3419,64.56500000000001
3420,64.64719999999971
3421,66.18359999999984
3422,64.08920000000015
3423,65.56079999999986
3424,66.28280000000004
3425,65.29000000000032
3426,63.16799999999989
3427,65.93680000000002
3428,66.09240000000017
3429,67.04080000000012
3430,67.4695999999999
3431,67.36680000000001
3432,63.903799999999805
3433,66.11340000000015
3434,64.74099999999991
3435,64.10584999999989
3436,65.47099999999955
3437,67.62880000000003
3438,65.12019999999988
3439,63.324400000000175
3440,66.24619999999986
3441,63.37120000000037
3442,64.64480000000013
3443,68.78000000000016
3444,64.0348
3445,65.94660000000019
3446,65.61640000000001
3447,63.81449999999997
3448,66.18739999999966
3449,70.37060000000007
3450,66.84639999999993
3451,74.67879999999994
3452,57.80374944055945
3453,66.07599999999974
3454,63.97800000000034
3455,66.34000000000003
3456,63.12560000000002
3457,65.20900000000007
3458,65.57539999999995
3459,63.678399999999854
3460,62.21260000000026
3461,66.40679999999995
3462,66.91859999999998
3463,64.39139999999999
3464,67.9909999999999
3465,67.43960000000007
3466,65.2834000000001
3467,65.64119999999981
3468,65.02919999999996
3469,64.21260000000046
3470,66.60939999999984
3471,65.4219
3472,63.25520000000008
3473,64.03000000000013
3474,71.19879999999995
3475,66.5724
3476,65.35540000000019
3477,70.39020000000001
3478,65.68739999999964
3479,65.99719999999999
3480,69.63139999999993
3481,65.71380000000005
3482,73.77900000000004
3483,63.171599999999714
3484,65.98580000000013
3485,68.68919999999981
3486,65.7986
3487,66.74719999999999
3488,68.21920000000003
3489,66.6053999999999
3490,72.38226666666655
3491,64.3478
3492,65.27619999999982
3493,66.20699999999992
3494,63.49080000000011
3495,67.11400000000012
3496,66.74099999999991
3497,66.8145999999999
3498,66.63599999999997
3499,70.65225714285715
3500,71.76019999999995
3501,59.58019999999986
3502,65.59600000000022
3503,66.96599999999991
3504,63.675199999999776
3505,62.008399999999895
3506,65.69780000000002
3507,70.04120000000012
3508,72.04459999999985
3509,69.96400000000006
3510,66.0884000000001
3511,69.11639999999977
3512,64.16620000000019
3513,64.97720000000002
3514,63.65560000000029
3515,63.92940000000019
3516,67.22439999999978
3517,73.12459999999993
3518,64.16720000000004
3519,59.80339999999956
3520,63.72219999999977
3521,64.22400000000007
3522,65.19399999999983
3523,66.62720000000026
3524,70.50899999999997
3525,69.30680000000015
3526,64.41360000000047
3527,66.56019999999965
3528,61.87539999999987
3529,67.58979999999963
3530,65.07920000000023
3531,71.47700000000013
3532,63.732000000000404
3533,65.19460000000022
3534,66.0727999999998
3535,69.15939999999998
3536,64.1575999999995
3537,65.76310000000028
3538,63.23199999999971
3539,63.46580000000002
3540,67.48699999999988
3541,67.26840000000007
3542,73.61980000000001
3543,67.42419999999974
3544,63.3253999999997
3545,78.98879999999983
3546,65.94540000000012
3547,66.98879999999997
3548,66.69800000000022
3549,64.33380000000005
3550,62.98780000000041
3551,65.62840000000007
3552,73.98179999999996
3553,68.2200000000003
3554,62.73660000000042
3555,65.19820000000009
3556,59.46040000000028
3557,64.55940000000011
3558,66.07719999999996
3559,63.760999999999804
3560,73.56839999999994
3561,66.66080000000002
3562,62.80420000000044
3563,70.05319999999978
3564,68.962
3565,62.11700000000013
3566,64.32120000000029
3567,63.976800000000274
3568,66.63539999999983
3569,63.49320000000019
3570,67.52739999999976
3571,63.033799999999786
3572,65.87939999999993
3573,66.09459999999996
3574,68.63419999999965
3575,65.69380000000018
3576,65.71859999999981
3577,67.80019999999983
3578,58.873638095238306
3579,65.55380000000008
3580,67.4794000000001
3581,65.38340000000017
3582,69.59240000000011
3583,66.90160000000007
3584,70.91460000000012
3585,67.56429333333324
3586,65.66340000000017
3587,66.35559999999982
3588,67.56059999999977
3589,66.89320000000001
3590,69.30299999999987
3591,64.66240000000013
3592,66.82680000000008
3593,64.8316
3594,66.53760000000004
3595,65.75399999999979
3596,63.597599999999865
3597,66.08880000000002
3598,64.49459999999998
3599,67.35159999999983
3600,67.26459999999996
3601,64.96859999999997
3602,68.18759999999989
3603,63.74999999999994
3604,64.69979999999977
3605,66.06999999999995
3606,75.51579999999984
3607,69.24759999999989
3608,64.86079999999978
3609,68.06699999999988
3610,69.94539999999989
3611,66.43120000000012
3612,69.92320000000001
3613,68.55819999999986
3614,67.90239999999973
3615,65.7070000000004
3616,65.11980000000001
3617,69.76460000000021
3618,66.75920000000006
3619,64.6954999999998
3620,64.8229999999998
3621,65.68420000000017
3622,65.78960000000018
3623,64.27419999999957
3624,73.61080000000015
3625,62.21999999999995
3626,63.1077999999999
3627,65.88199999999962
3628,67.11699999999993
3629,68.29599999999989
3630,68.03179999999989
3631,69.43939999999976
3632,71.52340000000012
3633,64.02100000000019
3634,64.73560000000016
3635,65.85639999999985
3636,63.017600000000186
3637,78.2643999999999
3638,64.68220000000022
3639,67.52339999999981
3640,59.427600000000226
3641,76.2952000000001
3642,69.25679999999984
3643,63.04499999999972
3644,62.93379999999975
3645,70.5222
3646,70.49460000000012
3647,63.958800000000295
3648,65.88099999999973
3649,64.29340000000032
3650,63.7064
3651,64.48960000000021
3652,66.12060000000031
3653,65.30759999999994
3654,72.36399999999973
3655,74.74140000000008
3656,67.25079999999996
3657,65.57299999999994
3658,62.83920000000047
3659,67.9064666666666
3660,64.52840000000022
3661,67.29519999999988
3662,76.93360000000024
3663,64.61415000000018
3664,64.50680000000018
3665,63.72160000000035
3666,63.86619999999987
3667,64.02000000000002
3668,65.28659999999996
3669,77.71119999999976
3670,69.14239999999988
3671,64.36019999999972
3672,84.26879999999994
3673,65.72100000000022
3674,63.45579999999982
3675,67.38439999999999
3676,68.60719999999971
3677,65.40079999999986
3678,65.95900000000013
3679,66.33220000000001
3680,66.71299999999995
3681,59.76539999999985
3682,70.37199999999987
3683,62.42039999999954
3684,69.09559999999999
3685,67.44519999999997
3686,61.551199999999945
3687,66.41279999999996
3688,67.63200000000008
3689,66.74800000000006
3690,65.79999999999988
3691,66.16180000000003
3692,65.30940000000002
3693,68.85099999999987
3694,66.6155999999999
3695,66.7705999999999
3696,63.542999999999715
3697,66.6839999999999
3698,60.95699999999989
3699,62.91100000000027
3700,70.81039999999987
3701,75.42900000000027
3702,64.3814000000004
3703,67.05200000000005
3704,64.20473333333331
3705,65.61120000000034
3706,63.78519999999993
3707,68.69300000000023
3708,67.07879999999986
3709,64.27559999999986
3710,67.25240000000001
3711,62.85720000000048
3712,67.40079999999999
3713,66.32159999999978
3714,68.28160000000032
3715,66.60399999999987
3716,62.3407999999995
3717,66.89939999999991
3718,77.54019999999997
3719,63.33620000000009
3720,65.9176000000001
3721,66.04699999999981
3722,67.92339999999994
3723,66.14099999999996
3724,66.17520000000003
3725,63.31860000000016
3726,66.15320000000013
3727,69.11449999999984
3728,70.6432
3729,64.3426000000003
3730,63.47720000000032
3731,64.02600000000037
3732,70.47979999999995
3733,56.746000000000215
3734,61.39380000000009
3735,63.564600000000254
3736,68.30760000000029
3737,63.834599999999675
3738,69.82719999999985
3739,65.27840000000002
3740,69.17680000000023
3741,81.39820000000019
3742,65.37879999999979
3743,65.63959999999985
3744,69.04260000000018
3745,65.91959999999992
3746,66.40199999999997
3747,62.3644500000002
3748,68.72399999999975
3749,67.1739999999997
3750,65.09379999999997
3751,65.64980000000011
3752,66.75739999999986
3753,64.83420000000012
3754,63.2771999999998
3755,64.44599999999983
3756,65.47039999999996
3757,67.09559999999982
3758,66.00419999999966
3759,63.555799999999685
3760,63.45879999999979
3761,65.19700000000017
3762,65.55519999999984
3763,63.292600000000256
3764,72.98679999999975
3765,65.16240000000015
3766,64.95450000000001
3767,64.70719999999982
3768,63.844999999999814
3769,63.608700000000255
3770,65.91840000000012
3771,63.46320000000031
3772,76.5356
3773,63.99219999999988
3774,64.0154
3775,65.62780000000025
3776,64.09740000000001
3777,65.6678000000002
3778,64.58539999999986
3779,64.91499999999992
3780,69.68259999999981
3781,67.21340000000012
3782,65.5974
3783,68.21560000000014
3784,65.59840000000001
3785,64.56740000000032
3786,70.52500000000029
3787,62.9026000000004
3788,65.82442000000023
3789,66.0642999999998
3790,67.0264000000001
3791,70.6035999999999
3792,58.540400000000155
3793,61.582800000000105
3794,80.28280000000014
3795,65.59679999999986
3796,67.76579999999984
3797,54.49179999999996
3798,71.73860000000015
3799,66.10240000000013
3800,66.1553999999999
3801,63.582999999999785
3802,66.59586666666661
3803,63.28240000000028
3804,68.7737200000001
3805,61.1618000000001
3806,66.62139999999991
3807,68.56799999999966
3808,66.97579999999967
3809,65.12419999999986
3810,67.93580000000007
3811,66.11899999999983
3812,79.92040000000026
3813,64.41599999999994
3814,65.9966
3815,66.12260000000016
3816,66.54480000000011
3817,66.18220000000008
3818,64.48380000000004
3819,66.33680000000008
3820,62.11140000000029
3821,65.25179999999979
3822,65.21580000000009
3823,70.8006000000001
3824,66.1962
3825,65.14219999999995
3826,64.1455999999999
3827,65.28280000000001
3828,68.05639999999997
3829,77.06319999999975
3830,64.71900000000012
3831,63.62620000000029
3832,65.16139999999986
3833,70.81779999999999
3834,64.84840000000023
3835,64.37079999999996
3836,65.33790000000013
3837,64.25180000000026
3838,79.21140000000011
3839,65.34459999999952
3840,66.35000000000012
3841,63.73939999999987
3842,64.09799999999971
3843,66.89740000000035
3844,65.40140000000001
3845,66.23899999999998
3846,64.2325999999999
3847,63.3041999999997
3848,71.96859999999988
3849,63.77580000000024
3850,64.72040000000024
3851,69.59740000000019
3852,63.801000000000165
3853,67.13879999999999
3854,68.95040000000003
3855,73.87780000000001
3856,63.82960000000033
3857,66.70700000000018
3858,65.69479999999979
3859,64.2098000000001
3860,67.0753999999998
3861,64.46019999999967
3862,64.83300000000023
3863,64.59039999999999
3864,66.13320000000009
3865,66.26220000000028
3866,65.69520000000014
3867,67.61879999999975
3868,67.96959999999986
3869,63.76079999999984
3870,67.28740000000018
3871,66.41659999999979
3872,64.8102000000004
3873,61.615000000000116
3874,64.57519999999995
3875,63.69459999999994
3876,76.75320000000009
3877,65.95459999999997
3878,74.07080000000022
3879,68.0877999999999
3880,68.05999999999983
3881,67.87279999999988
3882,64.56739999999984
3883,62.71140000000043
3884,65.74430000000005
3885,65.1142
3886,81.55919999999993
3887,68.19880000000013
3888,76.93619999999991
3889,66.45719999999984
3890,65.3153999999997
3891,64.45859999999978
3892,65.31270000000005
3893,65.85560000000008
3894,65.7101999999999
3895,64.24707999999987
3896,65.15199999999996
3897,64.24279999999999
3898,63.53219999999983
3899,64.94500000000018
3900,68.72440000000003
3901,60.48670000000036
3902,65.95319999999985
3903,69.73560000000009
3904,66.82720000000025
3905,67.9965999999997
3906,65.49980000000005
3907,64.07139999999963
3908,66.66320000000005
3909,66.41420000000019
3910,67.18279999999979
3911,67.8352999999997
3912,63.936000000000156
3913,71.14939999999984
3914,67.4533999999999
3915,64.01219999999996
3916,62.59419999999961
3917,62.87360000000042
3918,68.70199999999973
3919,65.21359999999983
3920,69.30879999999985
3921,64.3632000000003
3922,67.03219999999978
3923,60.29119999999998
3924,69.01519999999982
3925,61.34659999999985
3926,66.73280000000003
3927,64.08440000000037
3928,68.7382000000001
3929,65.9185999999998
3930,63.14319999999973
3931,66.57099999999998
3932,64.14140000000032
3933,64.85960000000011
3934,62.946000000000396
3935,66.09460000000001
3936,67.11699999999985
3937,67.13979999999974
3938,69.54060000000003
3939,67.46359999999991
3940,66.13040000000014
3941,66.7633999999999
3942,69.60279999999985
3943,67.70259999999976
3944,65.85119999999984
3945,65.60940000000032
3946,64.17420000000028
3947,65.77400000000033
3948,87.68299999999984
3949,60.22339999999992
3950,66.6212000000002
3951,67.36940000000014
3952,64.40600000000025
3953,65.1741999999999
3954,65.80879999999995
3955,63.890399999999964
3956,63.67000000000024
3957,67.60860000000001
3958,64.68800000000002
3959,64.6850000000003
3960,65.01400000000005
3961,65.79960000000014
3962,64.28739999999986
3963,66.65700000000011
3964,65.21340000000012
3965,65.92680000000016
3966,64.37499999999983
3967,65.06259999999983
3968,64.29960000000003
3969,64.86840000000025
3970,68.37540000000001
3971,64.3590666666668
3972,72.40040000000002
3973,64.51680000000015
3974,66.08400000000019
3975,66.11499999999985
3976,65.3360000000001
3977,68.29799999999994
3978,63.69560000000037
3979,63.34739999999977
3980,66.51319999999996
3981,68.49160000000015
3982,62.941600000000335
3983,63.61700000000035
3984,64.6425999999999
3985,71.12059999999977
3986,64.39259999999987
3987,63.994000000000234
3988,64.3006000000002
3989,62.59520000000016
3990,69.63759999999995
3991,64.86319999999994
3992,63.595599999999735
3993,66.7601999999998
3994,68.63219999999997
3995,77.50960000000002
3996,65.03699999999994
3997,63.56839999999981
3998,71.96579999999999
3999,63.74740000000025
4000,64.54180000000018
4001,64.80319999999993
4002,73.72540000000012
4003,67.98886666666641
4004,63.63279999999967
4005,72.65480000000017
4006,63.28300000000037
4007,54.77688742035746
4008,66.88259999999981
4009,65.68499999999962
4010,65.80479999999986
4011,73.13380000000011
4012,66.53380000000006
4013,67.7499999999999
4014,71.71800000000017
4015,65.93359999999967
4016,65.08160000000015
4017,63.117000000000246
4018,67.1337999999999
4019,70.76599999999989
4020,65.6936
4021,65.30339999999991
4022,66.91780000000007
4023,68.83260000000011
4024,64.11599999999974
4025,66.87740000000002
4026,63.09600000000028
4027,68.20940000000014
4028,65.24160000000005
4029,62.53299999999964
4030,63.278
4031,64.88459999999992
4032,64.678
4033,73.903
4034,66.76260000000045
4035,68.93700000000005
4036,68.79379999999983
4037,63.48279999999996
4038,60.5013999999999
4039,69.30889999999982
4040,64.36459999999958
4041,62.902599999999666
4042,69.22579999999994
4043,68.74159999999982
4044,66.5828
4045,71.4989999999996
4046,79.84319999999985
4047,66.28120000000011
4048,65.24959999999997
4049,63.851600000000005
4050,67.11060000000006
4051,64.9873999999998
4052,61.837199999999854
4053,66.63920000000007
4054,63.54379999999981
4055,67.64080000000007
4056,63.63980000000028
4057,67.85899999999977
4058,65.55419999999974
4059,64.2478000000003
4060,63.33639999999979
4061,70.53440000000002
4062,67.8064000000001
4063,66.85539999999973
4064,65.19359999999985
4065,66.85019999999984
4066,66.64440000000018
4067,71.00320000000004
4068,68.15380000000009
4069,65.62829999999985
4070,67.1324
4071,65.02899999999995
4072,61.71920000000025
4073,64.89280000000026
4074,65.78779999999995
4075,63.44180000000037
4076,66.8664
4077,67.57799999999962
4078,67.66839999999995
4079,66.92720000000008
4080,63.210599999999864
4081,64.88400000000014
4082,66.68599999999984
4083,63.81020000000001
4084,58.599000000000345
4085,63.350600000000306
4086,67.34240000000004
4087,65.71920000000016
4088,64.36219999999959
4089,64.50560000000017
4090,67.1905999999999
4091,64.2586
4092,63.61860000000034
4093,80.17319999999981
4094,66.13599999999985
4095,65.8289999999998
4096,68.19740000000007
4097,66.02799999999982
4098,63.59120000000033
4099,64.44439999999997
4100,67.22379999999988
4101,66.00159999999991
4102,73.50240000000005
4103,65.19159999999994
4104,66.45139999999986
4105,64.44680000000014
4106,67.93980000000005
4107,65.09500000000011
4108,69.46039999999994
4109,66.45759999999997
4110,65.62679999999963
4111,63.91119999999997
4112,66.78279999999992
4113,72.24800000000002
4114,72.99860000000024
4115,62.69979999999989
4116,63.504800000000365
4117,64.31020000000026
4118,64.2803999999999
4119,65.75479999999973
4120,65.90400000000002
4121,63.099600000000045
4122,65.93979999999986
4123,64.44820000000014
4124,66.02120000000008
4125,64.2458000000003
4126,65.33319999999995
4127,67.38659999999958
4128,61.304599999999695
4129,65.64840000000028
4130,67.17639999999983
4131,64.66959999999985
4132,67.31979999999993
4133,68.65559999999992
4134,64.47520000000027
4135,64.69999999999993
4136,58.679600000000235
4137,67.14080000000001
4138,65.94780000000011
4139,66.07179999999974
4140,64.52480000000031
4141,68.45899999999976
4142,68.56720000000011
4143,66.2399999999998
4144,65.61420000000003
4145,65.72019999999976
4146,64.54859999999988
4147,65.5265599999997
4148,69.20399999999978
4149,62.748000000000154
4150,78.28640000000009
4151,64.87719999999993
4152,64.93259999999954
4153,64.7415999999998
4154,65.33219999999983
4155,63.252240000000285
4156,66.94029999999987
4157,67.69159999999987
4158,63.61480000000019
4159,64.65220000000016
4160,63.99960000000038
4161,65.8580000000001
4162,64.11959999999988
4163,68.59620000000004
4164,65.5472000000001
4165,66.55939999999975
4166,65.93780000000002
4167,69.63119999999986
4168,67.92840000000015
4169,68.54880000000003
4170,64.41960000000033
4171,63.45860000000032
4172,67.24999999999986
4173,70.7974
4174,65.04119999999992
4175,65.27079999999997
4176,69.35799999999998
4177,65.39820000000032
4178,65.0711999999999
4179,63.85180000000016
4180,64.94960000000003
4181,66.18753333333309
4182,63.32779999999999
4183,66.18939999999995
4184,63.93340000000032
4185,69.27883333333341
4186,76.17360000000033
4187,62.97719999999994
4188,70.31199999999984
4189,71.15819999999997
4190,66.44259999999984
4191,63.506599999999835
4192,69.92839999999994
4193,74.3285999999999
4194,63.3092000000003
4195,72.82820000000007
4196,67.30840000000002
4197,79.48459999999999
4198,68.9323999999999
4199,64.94480000000001
4200,67.55319999999992
4201,68.06939999999976
4202,66.29420000000026
4203,67.41339999999994
4204,65.79720000000006
4205,63.81760000000033
4206,65.62679999999982
4207,64.06599999999982
4208,67.45440000000008
4209,67.23199999999976
4210,65.91619999999992
4211,66.34320000000011
4212,67.24959999999999
4213,67.58499999999998
4214,67.10459999999955
4215,65.15019999999983
4216,65.87239999999977
4217,69.44500000000004
4218,66.61339999999963
4219,65.01339999999995
4220,69.47279999999994
4221,66.53479999999996
4222,66.80679999999982
4223,63.22300000000022
4224,64.33900000000004
4225,59.89759999999992
4226,65.61460000000012
4227,62.84140000000042
4228,63.013800000000124
4229,65.41930000000008
4230,63.50400000000032
4231,63.58799999999982
4232,63.35980000000044
4233,67.1916000000002
4234,63.32639999999954
4235,63.34980000000034
4236,63.46960000000012
4237,57.68479999999999
4238,65.61920000000026
4239,63.83020000000002
4240,63.228000000000385
4241,65.20119999999996
4242,64.9005999999998
4243,66.66084999999994
4244,66.32919999999996
4245,66.44359999999978
4246,65.05866666666665
4247,65.70619999999991
4248,65.61619999999976
4249,66.3021999999998
4250,65.62519999999994
4251,61.18099999999965
4252,67.05959999999978
4253,66.59586666666651
4254,63.106399999999674
4255,67.03246666666652
4256,64.24680000000001
4257,69.06239999999971
4258,65.821
4259,78.41619999999993
4260,66.49980000000001
4261,65.36600000000004
4262,64.05039999999997
4263,66.88959999999999
4264,66.17779999999985
4265,75.24100000000006
4266,69.36239999999995
4267,63.19699999999957
4268,63.222800000000056
4269,66.41320000000013
4270,61.037600000000396
4271,64.09300000000026
4272,61.208400000000225
4273,71.53619999999995
4274,63.07980000000047
4275,66.22679999999993
4276,65.7401999999996
4277,65.26740000000012
4278,65.27599999999985
4279,65.78619999999998
4280,66.04380000000009
4281,63.78339999999965
4282,71.63040000000004
4283,66.23000000000003
4284,72.0307999999999
4285,65.48859999999982
4286,66.33366666666655
4287,63.839899999999744
4288,62.97079999999967
4289,62.971800000000414
4290,63.87380000000024
4291,65.58179999999987
4292,63.1630000000001
4293,64.02359999999996
4294,64.77340000000021
4295,64.70939999999995
4296,64.70060000000002
4297,63.896399999999794
4298,67.72059999999983
4299,65.90739999999992
4300,64.03340000000001
4301,64.42560000000019
4302,64.10219999999997
4303,67.44819999999979
4304,64.08180000000026
4305,70.07119999999996
4306,68.00099999999972
4307,70.90639999999992
4308,64.96100000000007
4309,70.94810000000034
4310,68.87139999999994
4311,66.2363999999998
4312,68.0272000000003
4313,65.45440000000025
4314,68.90279999999987
4315,69.72939999999979
4316,63.481400000000264
4317,68.49800000000012
4318,65.8447999999999
4319,66.2978
4320,64.32810000000026
4321,65.16839999999985
4322,66.24999999999983
4323,68.07819999999968
4324,66.83540000000012
4325,66.00099999999973
4326,64.69319999999995
4327,65.86079999999974
4328,65.57100000000034
4329,68.62860000000005
4330,62.72359999999953
4331,69.61280000000006
4332,71.05100000000027
4333,66.02039999999971
4334,64.58340000000024
4335,70.53920000000008
4336,68.84800000000003
4337,63.882200000000324
4338,67.18659999999998
4339,63.91860000000022
4340,64.45720000000004
4341,67.94979999999994
4342,64.5498000000002
4343,70.19979999999981
4344,66.32459999999993
4345,66.89319999999977
4346,64.21420000000012
4347,62.318199999999884
4348,67.91860000000007
4349,69.47840000000006
4350,63.882800000000245
4351,63.52540000000029
4352,69.57240000000019
4353,68.86300000000007
4354,63.46760000000022
4355,65.32496666666684
4356,64.8399999999998
4357,66.81620000000001
4358,69.05839999999992
4359,70.35980000000019
4360,65.5486
4361,66.50359999999978
4362,64.20820000000016
4363,65.50879999999975
4364,66.09319999999992
4365,68.20039999999996
4366,67.04800000000004
4367,65.07700000000018
4368,65.23899999999983
4369,64.0234000000002
4370,67.00280000000025
4371,69.19420000000005
4372,66.56939999999973
4373,66.08899999999987
4374,63.43919999999977
4375,67.5433999999998
4376,66.44480000000016
4377,71.38400000000016
4378,65.41500000000002
4379,65.50760000000031
4380,67.28600000000006
4381,66.68680000000012
4382,63.94880000000013
4383,63.081000000000344
4384,68.87519999999988
4385,65.9893999999998
4386,64.86580000000004
4387,74.70199999999994
4388,62.73299999999982
4389,68.99020000000016
4390,63.86500000000028
4391,68.76119999999993
4392,63.62780000000011
4393,62.62940000000039
4394,65.67770000000023
4395,66.31219999999979
4396,68.86340000000001
4397,66.1461999999998
4398,63.78359999999992
4399,65.46379999999988
4400,62.005800000000285
4401,65.81280000000008
4402,57.615199999999945
4403,63.28919999999973
4404,65.8305999999998
4405,64.40240000000031
4406,70.52900000000031
4407,69.4964
4408,64.85140000000006
4409,76.09460000000007
4410,62.639600000000314
4411,66.03300000000016
4412,66.80600000000008
4413,63.73200000000029
4414,65.25999999999998
4415,64.7613999999997
4416,65.78120000000006
4417,64.56540000000034
4418,63.88140000000016
4419,67.18019999999996
4420,66.57879999999992
4421,66.02799999999989
4422,67.80799999999978
4423,66.32500000000006
4424,68.74499999999979
4425,65.47639999999978
4426,69.5047999999998
4427,62.888200000000424
4428,67.14919999999998
4429,66.77299999999974
4430,70.30599999999988
4431,66.14460000000012
4432,78.42920000000008
4433,65.85899999999982
4434,65.0826000000001
4435,65.5944000000001
4436,66.57779999999998
4437,69.58019999999999
4438,64.90120000000002
4439,67.68899999999992
4440,60.77619999999961
4441,65.23599999999999
4442,66.84200000000003
4443,71.73339999999989
4444,64.96519999999965
4445,70.19359999999978
4446,65.02099999999993
4447,62.65960000000036
4448,64.58140000000016
4449,67.74239999999993
4450,63.61219999999976
4451,70.42479999999988
4452,63.56100000000025
4453,63.088799999999765
4454,72.62320000000014
4455,55.50431015873016
4456,66.56239999999984
4457,69.85400000000004
4458,64.78899999999992
4459,66.20159999999997
4460,66.70219999999995
4461,65.40720000000024
4462,68.02059999999985
4463,68.50919999999999
4464,67.93900000000004
4465,70.39480000000025
4466,65.24479999999986
4467,71.9447499999997
4468,65.29879999999991
4469,66.26800000000024
4470,70.32600000000032
4471,68.1457999999999
4472,64.71279999999985
4473,65.90100000000021
4474,65.35880000000033
4475,65.43659999999991
4476,60.60859999999995
4477,67.56460000000003
4478,66.62479999999998
4479,65.16879999999999
4480,68.57739999999984
4481,67.67739999999989
4482,65.03199999999995
4483,60.59599999999993
4484,66.08400000000015
4485,64.14859999999999
4486,65.0976
4487,63.37799999999987
4488,72.27739999999993
4489,64.98319999999966
4490,62.43839999999998
4491,63.06260000000006
4492,64.24200000000025
4493,67.14360000000026
4494,64.17859999999999
4495,70.53900000000007
4496,80.74199999999995
4497,63.679200000000264
4498,66.8346
4499,66.64739999999998
4500,66.87379999999987
4501,62.4087999999999
4502,65.07140000000028
4503,67.49479999999981
4504,68.82810000000028
4505,65.9326000000001
4506,71.07039999999992
4507,66.82199999999976
4508,64.2933999999998
4509,68.64731999999997
4510,65.0184
4511,66.86840000000002
4512,66.47499999999987
4513,73.83659999999982
4514,66.76960000000012
4515,65.67540000000025
4516,66.61119999999998
4517,66.65939999999996
4518,65.0739999999998
4519,62.94140000000036
4520,65.83319999999988
4521,62.21820000000006
4522,65.09920000000008
4523,66.9175999999998
4524,66.67360000000009
4525,62.464200000000204
4526,66.45820000000009
4527,66.39699999999996
4528,67.91540000000029
4529,67.91639999999992
4530,58.26960000000036
4531,73.38339999999984
4532,65.9512
4533,73.21800000000003
4534,64.90099999999958
4535,64.77859999999978
4536,68.95119999999987
4537,70.64340000000038
4538,62.26959999999997
4539,64.675
4540,63.28220000000033
4541,67.50759999999978
4542,62.81639999999968
4543,64.53800000000008
4544,66.20819999999995
4545,58.925200000000196
4546,69.62699999999997
4547,63.111000000000445
4548,58.38820000000029
4549,63.97500000000045
4550,65.50760000000017
4551,66.32819999999995
4552,65.32260000000015
4553,66.24259999999991
4554,64.60659999999997
4555,62.776600000000435
4556,63.01300000000025
4557,72.4723999999999
4558,75.1005999999995
4559,62.97540000000046
4560,66.42019999999994
4561,66.85120000000019
4562,65.37420000000007
4563,69.12259999999988
4564,67.12080000000006
4565,63.30980000000027
4566,63.051200000000364
4567,69.87980000000006
4568,64.86140000000015
4569,69.30019999999983
4570,62.82040000000047
4571,70.10815
4572,67.08539999999988
4573,70.78200000000028
4574,64.6886000000001
4575,64.1860000000002
4576,68.58980000000025
4577,69.22399999999966
4578,69.48320000000002
4579,68.02439999999983
4580,73.95300000000005
4581,67.61560000000006
4582,66.44919999999988
4583,63.40720000000034
4584,73.38880000000019
4585,68.97380000000011
4586,75.61280000000012
4587,63.07599999999974
4588,64.32299999999991
4589,67.88579999999993
4590,71.22619999999993
4591,69.00359999999996
4592,54.74242299422802
4593,65.50599999999996
4594,66.36119999999976
4595,66.40540000000004
4596,60.29579999999965
4597,65.18680000000013
4598,77.58939999999987
4599,65.37120000000023
4600,66.58940000000008
4601,63.98080000000022
4602,67.89840000000004
4603,65.73459999999986
4604,65.49919999999996
4605,63.003200000000135
4606,66.16359999999999
4607,72.4628000000001
4608,65.25700000000022
4609,66.0929999999999
4610,64.96379999999996
4611,73.61240000000018
4612,64.987
4613,64.91319999999968
4614,65.15599999999992
4615,69.43420000000017
4616,68.47119999999994
4617,66.38500000000009
4618,68.42699999999991
4619,66.43779999999988
4620,65.70019999999974
4621,63.387399999999985
4622,62.77880000000045
4623,65.99399999999984
4624,82.46180000000005
4625,63.996800000000064
4626,64.8161999999999
4627,68.10999999999979
4628,64.74459999999983
4629,67.82679999999989
4630,65.89180000000002
4631,63.92560000000018
4632,67.10539999999993
4633,66.47919999999984
4634,64.28719999999987
4635,70.9377999999999
4636,63.12100000000033
4637,65.39320000000005
4638,64.56779999999982
4639,65.34699999999997
4640,69.22506666666662
4641,64.44539999999996
4642,67.30579999999996
4643,62.66819999999991
4644,63.962400000000216
4645,66.81380000000004
4646,60.517199999999804
4647,66.8247999999997
4648,64.38959999999983
4649,66.97259999999957
4650,65.86679999999981
4651,70.48440000000008
4652,63.1245999999996
4653,63.43099999999972
4654,66.57699999999986
4655,64.95739999999986
4656,68.36620000000005
4657,67.65519999999998
4658,64.52420000000002
4659,64.13599999999995
4660,62.75479999999965
4661,64.02079999999991
4662,72.33619999999992
4663,64.02239999999998
4664,68.06779999999978
4665,63.74080000000003
4666,68.601
4667,67.49680000000001
4668,70.85419999999982
4669,63.42440000000038
4670,70.49799999999992
4671,65.79389999999981
4672,65.12239999999971
4673,66.37459999999979
4674,68.14493333333326
4675,66.46800000000003
4676,66.7417999999998
4677,63.4030000000003
4678,63.02560000000045
4679,78.02600000000011
4680,66.48355000000014
4681,65.13560000000007
4682,64.99240000000043
4683,60.622799999999984
4684,60.59410000000004
4685,67.39479999999983
4686,67.71620000000003
4687,73.58359999999983
4688,64.13239999999995
4689,63.04360000000029
4690,64.30720000000012
4691,65.94139999999975
4692,66.2993333333333
4693,65.43460000000023
4694,69.37360000000002
4695,69.40339999999992
4696,63.73540000000023
4697,65.05599999999956
4698,67.02239999999995
4699,65.47579999999986
4700,63.0766000000001
4701,64.56599999999996
4702,63.79860000000007
4703,69.92619999999988
4704,65.43719999999978
4705,65.96599999999982
4706,59.965199999999925
4707,77.74779999999991
4708,63.93640000000016
4709,64.61339999999984
4710,65.11999999999996
4711,63.70559999999998
4712,66.17880000000002
4713,64.69060000000007
4714,65.56859999999976
4715,64.52600000000022
4716,72.23645714285719
4717,63.12879999999997
4718,66.0607999999999
4719,64.38000000000025
4720,66.69179999999973
4721,64.21580000000002
4722,64.97560000000018
4723,64.6996
4724,65.41040000000001
4725,64.4201999999997
4726,64.17640000000003
4727,65.81279999999997
4728,64.34099999999981
4729,73.64687333333332
4730,63.779399999999875
4731,66.02199999999988
4732,66.30479999999967
4733,66.11779999999975
4734,68.49880000000006
4735,67.57019999999983
4736,64.94980000000011
4737,71.3042000000001
4738,65.40879999999996
4739,65.86459999999964
4740,68.85559999999994
4741,65.25740000000009
4742,67.54879999999956
4743,63.545800000000234
4744,67.82040000000016
4745,64.60520000000001
4746,64.89259999999997
4747,67.32660000000014
4748,67.42720000000001
4749,65.9400000000002
4750,64.54939999999995
4751,76.88920000000006
4752,68.1518833333333
4753,65.11559999999967
4754,66.04300000000013
4755,69.0903999999999
4756,65.19020000000015
4757,63.362800000000135
4758,64.76660000000037
4759,66.84159999999962
4760,66.54319999999981
4761,64.74539999999998
4762,63.33580000000026
4763,60.64679999999954
4764,65.23620000000024
4765,64.9740000000002
4766,65.08166666666666
4767,66.92259999999999
4768,68.54819999999978
4769,70.0098
4770,66.39800000000011
4771,66.38839999999988
4772,67.15060000000001
4773,64.39220000000026
4774,73.38519999999994
4775,66.17230000000022
4776,66.66919999999993
4777,67.52100000000047
4778,64.8156000000002
4779,59.82019999999963
4780,63.458600000000274
4781,66.05980000000024
4782,66.49219999999991
4783,65.66779999999993
4784,70.06300000000013
4785,65.82679999999998
4786,68.57299999999972
4787,63.035200000000394
4788,68.92380000000016
4789,69.61160000000002
4790,65.45119999999983
4791,60.42379999999994
4792,66.16180000000014
4793,67.80359999999978
4794,69.09379999999993
4795,65.56260000000002
4796,63.651400000000436
4797,57.25106333333335
4798,62.718199999999634
4799,64.1470000000003
4800,68.84939999999999
4801,61.70440000000028
4802,70.15739999999983
4803,68.0728
4804,66.17540000000001
4805,65.57939999999961
4806,65.6479999999999
4807,62.992599999999854
4808,66.86320000000016
4809,70.46079999999992
4810,69.62239999999998
4811,67.09620000000007
4812,64.13480000000038
4813,65.54300000000005
4814,66.4943999999998
4815,65.33719999999985
4816,62.62280000000019
4817,63.55779999999999
4818,65.88119999999985
4819,67.34980000000002
4820,64.74679999999996
4821,65.55380000000021
4822,63.94440000000038
4823,63.697200000000386
4824,62.937800000000436
4825,71.22520000000007
4826,63.81440000000013
4827,65.6267999999998
4828,66.10659999999996
4829,63.5432000000003
4830,65.7331999999998
4831,64.5351999999999
4832,65.78919999999998
4833,68.46900000000004
4834,66.38760000000008
4835,61.16230666666668
4836,66.34579999999997
4837,65.60080000000015
4838,63.186799999999714
4839,66.84619999999978
4840,68.43860000000006
4841,64.6552000000001
4842,72.1000000000001
4843,62.14399999999979
4844,64.83819999999997
4845,64.11979999999997
4846,65.02860000000022
4847,63.595400000000055
4848,64.99580000000013
4849,65.40580000000003
4850,70.56639999999986
4851,65.96559999999991
4852,65.81240000000024
4853,63.2920000000003
4854,64.42719999999993
4855,66.86260000000016
4856,62.35319999999992
4857,71.08280000000002
4858,66.06259999999985
4859,70.42759999999987
4860,68.29619999999997
4861,64.51706666666682
4862,66.87159999999992
4863,65.28519999999972
4864,65.77519999999966
4865,62.122200000000156
4866,65.86999999999986
4867,67.28359999999992
4868,70.52380000000005
4869,73.20219999999999
4870,61.28959999999991
4871,67.22940000000003
4872,64.52320000000002
4873,65.6661999999999
4874,78.22113333333334
4875,66.02399999999979
4876,64.79619999999952
4877,63.5800000000003
4878,62.952400000000424
4879,66.15999999999994
4880,71.37299999999992
4881,65.04160000000026
4882,63.205000000000396
4883,66.22439999999978
4884,66.64075000000007
4885,65.08899999999971
4886,68.61179999999997
4887,67.32279999999983
4888,65.59440000000029
4889,65.54679999999979
4890,68.19800000000022
4891,78.76640000000032
4892,64.57400000000023
4893,71.507
4894,65.40459999999989
4895,64.76839999999969
4896,62.359600000000015
4897,66.20900000000009
4898,64.5668000000003
4899,63.43660000000017
4900,66.00589999999998
4901,66.58499999999974
4902,63.989800000000024
4903,67.17719999999977
4904,63.818599999999805
4905,65.08299999999996
4906,65.75419999999995
4907,64.24640000000016
4908,66.11259999999974
4909,65.39580000000008
4910,63.466800000000184
4911,64.25200000000007
4912,64.92559999999978
4913,64.52800000000003
4914,63.52479999999966
4915,66.95339999999989
4916,64.3785999999998
4917,67.23320000000008
4918,70.68619999999987
4919,66.22919999999968
4920,66.8994000000001
4921,65.97420000000014
4922,65.46439999999987
4923,64.27460000000038
4924,80.99780000000011
4925,67.23339999999992
4926,67.63000000000017
4927,66.40399999999998
4928,66.3187999999998
4929,60.994800000000154
4930,74.27800000000008
4931,60.1464
4932,74.71839999999996
4933,70.07319999999996
4934,64.25960000000035
4935,63.425800000000415
4936,69.55459999999977
4937,62.95740000000046
4938,70.87239999999996
4939,63.850200000000044
4940,67.10139999999978
4941,64.84100000000008
4942,72.25540000000012
4943,63.79759999999989
4944,66.82359999999984
4945,67.56739999999988
4946,70.90769999999969
4947,66.34019999999974
4948,63.09659999999976
4949,62.341200000000285
4950,66.7000000000001
4951,63.59400000000033
4952,65.96160000000009
4953,68.23539999999991
4954,65.7165999999997
4955,66.8492
4956,66.92260000000009
4957,69.47199999999998
4958,65.71820000000015
4959,77.60259999999998
4960,68.4132000000001
4961,67.42033333333323
4962,68.49599999999973
4963,67.08040000000005
4964,67.59199999999989
4965,63.2836000000003
4966,64.63079999999998
4967,66.79700000000003
4968,64.30360000000022
4969,63.33880000000037
4970,65.3212
4971,65.3227999999999
4972,65.55379999999987
4973,65.90759999999986
4974,64.13899999999964
4975,78.56399999999994
4976,69.0568000000001
4977,62.66720000000023
4978,62.15679999999989
4979,64.24160000000016
4980,69.41319999999989
4981,65.90499999999979
4982,64.83479999999997
4983,64.70700000000022
4984,60.79239999999986
4985,68.3377999999998
4986,68.09300000000015
4987,65.03700000000022
4988,68.23419999999992
4989,67.35719999999984
4990,64.07699999999971
4991,65.43279999999997
4992,71.49899999999985
4993,67.22299999999994
4994,63.71200000000025
4995,67.73939999999978
4996,67.92660000000012
4997,66.51399999999995
4998,62.9870000000004
4999,65.18820000000021
5000,66.11420000000003
5001,63.80459999999968
5002,66.5101999999999
5003,66.37879999999997
5004,61.99794999999963
5005,63.35439999999958
5006,71.78399999999988
5007,63.324400000000416
5008,66.71560000000025
5009,63.45319999999971
5010,63.988733333333506
5011,66.5048
5012,70.46543999999972
5013,65.37860000000008
5014,63.82959999999972
5015,68.3454000000001
5016,63.496399999999724
5017,65.11420000000008
5018,65.5198000000002
5019,66.06119999999976
5020,66.5855999999998
5021,65.66860000000023
5022,60.57854999999967
5023,64.64040000000021
5024,67.81260000000007
5025,67.90469999999998
5026,65.12480000000014
5027,66.22719999999997
5028,65.47159999999994
5029,67.00939999999996
5030,63.82520000000032
5031,63.091399999999894
5032,66.88059999999983
5033,65.84499999999997
5034,63.847400000000036
5035,71.4322
5036,64.25680000000033
5037,66.4519999999999
5038,64.07459999999999
5039,66.0289999999998
5040,80.40640000000003
5041,62.860200000000475
5042,68.82879999999994
5043,65.78320000000001
5044,67.73439999999968
5045,66.98900000000008
5046,66.09219999999979
5047,66.77206666666683
5048,64.33019999999998
5049,66.35940000000004
5050,65.82280000000034
5051,60.700499999999806
5052,65.32500000000012
5053,65.48080000000009
5054,63.2769999999997
5055,61.42599999999991
5056,65.96359999999981
5057,68.14179999999982
5058,69.99800000000037
5059,63.86364000000029
5060,75.5342000000003
5061,66.09699999999982
5062,63.67079999999992
5063,64.6728
5064,68.78520000000005
5065,63.097200000000186
5066,63.25820000000033
5067,66.29640000000009
5068,75.02000000000037
5069,66.76760000000012
5070,65.73219999999979
5071,68.86140000000012
5072,67.44219999999963
5073,66.65999999999985
5074,65.56540000000001
5075,61.05899999999994
5076,64.92402666666659
5077,70.75719999999994
5078,63.0036000000004
5079,63.51780000000031
5080,70.0872
5081,69.6109999999999
5082,65.94002000000023
5083,61.7870000000004
5084,68.78019999999994
5085,64.63759999999995
5086,69.12219999999985
5087,66.39239999999987
5088,65.8370000000001
5089,67.91799999999989
5090,63.16120000000022
5091,64.98090000000003
5092,64.76219999999965
5093,63.14919999999966
5094,63.545599999999986
5095,66.20940000000016
5096,69.90799999999999
5097,63.76800000000031
5098,64.64079999999986
5099,67.3744
5100,64.17000000000033
5101,72.68259999999998
5102,65.21499999999968
5103,56.691600000000356
5104,65.36719999999987
5105,66.13340000000018
5106,67.49299999999988
5107,63.97139999999965
5108,66.05579999999998
5109,66.8724499999999
5110,66.04319999999966
5111,62.78940000000037
5112,64.84880000000038
5113,71.05340000000022
5114,66.70759999999981
5115,65.90399999999975
5116,67.73259999999982
5117,66.16979999999982
5118,64.94739999999966
5119,66.4798000000001
5120,65.11700000000003
5121,67.68659999999979
5122,69.30359999999976
5123,67.12859999999992
5124,64.17400000000002
5125,66.00619999999994
5126,62.246200000000215
5127,75.15120000000017
5128,64.98160000000001
5129,65.11999999999995
5130,66.63240000000009
5131,70.79899999999986
5132,64.12600000000002
5133,64.52239999999976
5134,67.72520000000004
5135,60.61939999999981
5136,66.61379999999976
5137,65.0199999999998
5138,64.23139999999997
5139,68.47059999999983
5140,67.09759999999972
5141,66.36500000000004
5142,66.24219999999995
5143,63.80399999999996
5144,68.49759999999962
5145,67.69700000000017
5146,62.58200000000026
5147,71.46199999999995
5148,68.94040000000001
5149,64.10380000000025
5150,66.95519999999972
5151,69.10079999999991
5152,65.66939999999997
5153,63.48200000000041
5154,67.7425999999997
5155,66.24360000000017
5156,64.9714000000002
5157,65.53080000000003
5158,73.4535999999999
5159,65.72539999999992
5160,64.61350000000029
5161,73.60399999999993
5162,64.84919999999974
5163,67.13359999999967
5164,69.60539999999999
5165,65.30380000000007
5166,69.45040000000012
5167,62.876800000000415
5168,65.39460000000005
5169,65.72899999999993
5170,66.61499999999978
5171,68.73359999999994
5172,66.65320000000033
5173,65.30440000000003
5174,62.48719999999978
5175,65.66959999999987
5176,66.36760000000011
5177,64.77340000000017
5178,66.22639999999977
5179,66.02080000000026
5180,64.41700000000037
5181,62.81640000000013
5182,67.86720000000015
5183,67.57639999999988
5184,77.96140000000013
5185,67.30759999999992
5186,67.51059999999998
5187,70.29859999999996
5188,69.56319999999988
5189,63.602200000000295
5190,64.08060000000037
5191,66.12259999999992
5192,66.40379999999978
5193,65.48459999999994
5194,67.12759999999989
5195,67.57279999999994
5196,65.04839999999999
5197,70.53979999999983
5198,63.99219999999998
5199,66.90779999999984
5200,68.08319999999989
5201,63.30039999999953
5202,63.22339999999981
5203,68.55659999999985
5204,66.48480000000005
5205,63.76319999999955
5206,65.76120000000004
5207,63.39396000000024
5208,67.85000000000028
5209,65.6588000000002
5210,63.7502000000001
5211,65.3135999999997
5212,69.65499999999996
5213,65.03279999999972
5214,65.58060000000009
5215,63.342600000000296
5216,68.40440000000005
5217,64.99340000000029
5218,70.84779999999992
5219,65.91239999999988
5220,64.38419999999996
5221,65.58079999999978
5222,67.23139999999987
5223,64.7774000000002
5224,67.15479999999997
5225,63.136000000000394
5226,66.16499999999964
5227,64.00879999999978
5228,66.2145999999998
5229,69.31360000000006
5230,65.38580000000006
5231,66.38280000000026
5232,61.09134999999996
5233,68.67899999999986
5234,67.2024
5235,78.22109999999977
5236,66.39260000000003
5237,64.01259999999982
5238,66.59939999999976
5239,57.63740000000018
5240,67.93953333333342
5241,65.95179999999998
5242,64.4916000000001
5243,65.95360000000012
5244,64.37859999999989
5245,66.12400000000002
5246,67.27859999999984
5247,67.8409999999999
5248,67.14599999999999
5249,71.6416
5250,63.648399999999825
5251,64.5832666666665
5252,63.41760000000025
5253,62.85800000000036
5254,65.73419999999989
5255,65.2858
5256,71.91840000000002
5257,62.719000000000094
5258,65.37360000000017
5259,65.91280000000016
5260,65.62850000000007
5261,66.84939999999997
5262,64.05980000000028
5263,67.93939999999989
5264,69.49864999999983
5265,64.84259999999982
5266,64.61300000000004
5267,60.68899999999993
5268,63.45100000000019
5269,67.33459999999995
5270,65.00219999999996
5271,68.27480000000008
5272,67.1558999999999
5273,67.3987999999998
5274,68.1979999999999
5275,68.12319999999983
5276,68.19199999999994
5277,64.65680000000015
5278,69.87939999999996
5279,64.85739999999993
5280,63.19840000000002
5281,67.31939999999996
5282,60.12820000000002
5283,65.64120000000008
5284,66.73539999999991
5285,62.68700000000028
5286,64.10780000000018
5287,67.45799999999998
5288,65.23619999999963
5289,67.02980000000028
5290,64.00160000000011
5291,63.34159999999968
5292,63.44980000000038
5293,61.06799999999955
5294,62.349799999999924
5295,78.79339999999986
5296,66.63459999999989
5297,64.5152
5298,64.48479999999982
5299,74.02939999999998
5300,67.26520000000033
5301,70.36580000000018
5302,63.58745333333353
5303,76.04920000000007
5304,65.15699999999987
5305,63.79879999999978
5306,66.83839999999985
5307,69.13879999999995
5308,70.74379999999991
5309,64.41460000000019
5310,66.67540000000011
5311,77.5217599999999
5312,65.01920000000024
5313,63.37439999999975
5314,65.9025999999999
5315,65.65359999999977
5316,65.01980000000002
5317,66.72079999999987
5318,66.4240000000002
5319,68.73960000000017
5320,67.36819999999975
5321,65.54959999999991
5322,70.59418333333366
5323,66.59839999999997
5324,65.80340000000007
5325,66.57060000000008
5326,57.41666714285701
5327,76.06060000000032
5328,66.03079999999999
5329,63.678033333333296
5330,66.49380000000012
5331,64.16320000000042
5332,64.22700000000017
5333,69.00759999999961
5334,63.28320000000042
5335,73.78540000000004
5336,66.7598
5337,64.15520000000022
5338,63.53640000000023
5339,65.21839999999972
5340,67.85819999999984
5341,68.7668
5342,71.67560000000005
5343,67.07600000000009
5344,66.75059999999993
5345,63.536399999999844
5346,71.41279999999989
5347,69.24619999999983
5348,67.56439999999978
5349,65.82119999999999
5350,65.9193999999999
5351,63.57780000000022
5352,65.74740000000017
5353,64.43559999999997
5354,66.78600000000014
5355,64.00079999999966
5356,66.80880000000016
5357,65.80940000000022
5358,65.77580000000009
5359,66.88799999999989
5360,63.60740000000029
5361,70.46439999999998
5362,64.29639999999999
5363,65.53260000000019
5364,64.66100000000031
5365,63.36220000000023
5366,71.2902
5367,63.679399999999696
5368,67.08000000000007
5369,63.194600000000285
5370,67.17260000000007
5371,65.79539999999972
5372,64.97179999999977
5373,64.21080000000022
5374,67.25039999999993
5375,66.3040000000001
5376,64.82859999999977
5377,64.4846000000002
5378,67.14179999999982
5379,66.25486666666694
5380,74.21420000000008
5381,67.03319999999997
5382,64.97000000000025
5383,65.7799999999999
5384,57.87600000000039
5385,67.71720000000002
5386,63.735000000000056
5387,58.40899999999993
5388,64.2719999999999
5389,61.445600000000006
5390,62.33259999999996
5391,56.32051357142845
5392,67.43400000000025
5393,67.97199999999994
5394,64.92820000000009
5395,68.01259999999988
5396,64.67420000000017
5397,64.13679999999981
5398,67.14439999999993
5399,67.63119999999996
5400,62.30999999999996
5401,66.05980000000001
5402,68.625
5403,68.23395000000009
5404,67.8116000000001
5405,61.58780000000004
5406,66.45979999999984
5407,65.01360000000017
5408,65.07399999999963
5409,62.016999999999825
5410,68.37839999999974
5411,68.79680000000003
5412,67.52580000000002
5413,66.95720000000001
5414,73.38420000000015
5415,64.46499999999997
5416,66.5950000000001
5417,65.25920000000026
5418,67.00039999999997
5419,63.07799999999953
5420,68.16759999999988
5421,63.61580000000027
5422,63.61679999999989
5423,66.64019999999996
5424,69.92719999999998
5425,67.6252
5426,69.92400000000009
5427,66.70399999999974
5428,65.67159999999987
5429,66.18639999999972
5430,65.49050000000003
5431,63.78319999999988
5432,69.1791999999999
5433,67.15060000000005
5434,62.75779999999998
5435,66.30780000000014
5436,66.66239999999972
5437,63.05519999999954
5438,80.75979999999981
5439,65.35040000000005
5440,68.66399999999979
5441,65.44820000000004
5442,63.82720000000019
5443,68.02820000000008
5444,72.07859999999995
5445,65.55759999999982
5446,72.01279999999996
5447,63.89860000000024
5448,61.624499999999784
5449,66.38459999999995
5450,65.54619999999993
5451,59.70799999999993
5452,67.08500000000026
5453,66.46419999999979
5454,64.89400000000008
5455,65.51100000000001
5456,68.06580000000005
5457,65.68879999999969
5458,63.82480000000023
5459,65.63380000000012
5460,71.51800000000017
5461,63.31720000000029
5462,64.62540000000018
5463,67.815
5464,66.69600000000024
5465,65.92959999999964
5466,62.88579999999968
5467,69.41140000000007
5468,67.28479999999972
5469,65.78440000000005
5470,65.38220000000015
5471,71.79719999999999
5472,65.41019999999976
5473,70.3324000000002
5474,66.31599999999975
5475,77.60360000000003
5476,66.71439999999987
5477,64.21399999999977
5478,68.70779999999995
5479,65.22419999999983
5480,64.42299999999999
5481,63.481600000000356
5482,73.70160000000006
5483,64.02300000000018
5484,67.34019999999968
5485,59.73039999999951
5486,63.15679999999971
5487,65.12979999999993
5488,66.59599999999988
5489,67.10819999999983
5490,66.19679999999967
5491,68.28960000000001
5492,65.39380000000007
5493,62.823199999999765
5494,75.68520000000021
5495,64.73899999999999
5496,65.17260000000013
5497,58.83119999999984
5498,59.04900000000033
5499,67.61239999999985
5500,64.73260000000023
5501,66.82940000000016
5502,65.47039999999997
5503,65.9634
5504,86.55379999999995
5505,63.97039999999968
5506,66.62940000000008
5507,67.14979999999996
5508,64.83259999999987
5509,63.747799999999565
5510,64.29160000000002
5511,63.41520000000037
5512,65.16000000000012
5513,66.15480000000001
5514,78.72819999999983
5515,70.40260000000013
5516,65.65179999999954
5517,66.36019999999985
5518,65.77739999999976
5519,67.83999999999996
5520,66.24819999999993
5521,62.952200000000445
5522,63.367399999999904
5523,67.6831999999998
5524,66.36099999999979
5525,63.38900000000029
5526,61.877199999999945
5527,67.85899999999985
5528,63.8548000000002
5529,71.64880000000026
5530,66.90379999999986
5531,66.59740000000002
5532,63.52379999999998
5533,63.43920000000026
5534,65.08700000000007
5535,69.00459999999994
5536,66.44360000000002
5537,65.50499999999985
5538,66.59260000000043
5539,64.33399999999996
5540,65.74459999999993
5541,68.70219999999992
5542,62.5202000000003
5543,63.810200000000144
5544,64.68560000000005
5545,67.9343999999999
5546,68.04279999999987
5547,65.29900000000029
5548,65.45779999999976
5549,66.15760000000019
5550,72.79180000000025
5551,63.46420000000007
5552,63.75000000000035
5553,60.035199999999925
5554,62.85920000000004
5555,66.27500000000026
5556,63.0748000000001
5557,68.88579999999986
5558,64.37340000000002
5559,71.54260000000012
5560,69.30039999999983
5561,64.39079999999966
5562,67.11840000000015
5563,69.7202
5564,70.63359999999992
5565,63.26679999999983
5566,60.553200000000096
5567,70.0755999999999
5568,68.49619999999986
5569,65.21860000000012
5570,67.4818
5571,66.19860000000017
5572,66.12819999999992
5573,68.03199999999977
5574,67.21640000000018
5575,67.81160000000001
5576,83.12899999999976
5577,66.20299999999988
5578,63.034799999999926
5579,66.45819999999983
5580,64.8978000000001
5581,65.64799999999995
5582,67.78899999999979
5583,71.42900000000003
5584,65.12080000000044
5585,72.19500000000005
5586,69.5474000000001
5587,69.72879999999998
5588,64.93680000000015
5589,70.0127000000001
5590,66.30459999999988
5591,64.55500000000008
5592,63.49460000000031
5593,61.427399999999686
5594,66.33779999999999
5595,64.9071999999999
5596,71.04119999999999
5597,64.15200000000037
5598,64.98099999999997
5599,64.54120000000013
5600,71.47819999999992
5601,84.52920000000002
5602,64.47379999999981
5603,69.92219999999988
5604,62.966800000000156
5605,65.42479999999999
5606,66.83600000000007
5607,66.98339999999972
5608,66.50379999999981
5609,64.37280000000004
5610,63.48806666666697
5611,64.34520000000026
5612,65.99440000000021
5613,70.01300000000002
5614,65.87880000000037
5615,66.56019999999998
5616,67.8236000000002
5617,63.25180000000035
5618,64.45039999999995
5619,63.4720000000004
5620,63.39019999999983
5621,64.20279999999977
5622,69.8231999999998
5623,63.916399999999705
5624,74.24579999999987
5625,62.76179999999964
5626,66.28920000000004
5627,64.72699999999998
5628,66.86740000000012
5629,67.34719999999987
5630,67.92139999999992
5631,68.13379999999988
5632,61.343999999999895
5633,68.65639999999999
5634,68.65699999999991
5635,67.18299999999964
5636,71.01999999999984
5637,63.64120000000007
5638,64.19920000000012
5639,65.3360000000002
5640,67.88119999999988
5641,65.37020000000015
5642,63.44520000000029
5643,65.4974000000003
5644,68.36679999999987
5645,64.54339999999965
5646,64.87320000000022
5647,67.03539999999997
5648,66.33006666666677
5649,66.46240000000012
5650,67.87560000000006
5651,65.237
5652,65.53260000000004
5653,69.46019999999977
5654,63.83540000000016
5655,65.17499999999984
5656,66.20819999999989
5657,64.04479999999975
5658,67.818
5659,66.45480000000008
5660,68.11799999999984
5661,65.74599999999984
5662,68.03000000000007
5663,64.94559999999996
5664,66.20059999999995
5665,63.91360000000018
5666,66.53119999999998
5667,65.46419999999992
5668,62.9698000000004
5669,64.43759999999999
5670,63.21219999999964
5671,64.38859999999995
5672,67.21079999999975
5673,62.768200000000476
5674,65.50979999999986
5675,69.13959999999972
5676,66.32479999999984
5677,78.2085999999999
5678,66.42320000000012
5679,70.3212
5680,66.5326
5681,67.2146
5682,60.11860000000032
5683,67.09380000000019
5684,63.416600000000415
5685,66.42019999999994
5686,61.09480000000001
5687,65.45480000000029
5688,70.54040000000015
5689,64.52099999999996
5690,62.910199999999655
5691,62.57919999999965
5692,65.4068
5693,68.77039999999998
5694,71.89020000000002
5695,64.83099999999999
5696,69.56500000000028
5697,67.99699999999987
5698,63.41500000000031
5699,64.23819999999955
5700,69.00559999999979
5701,65.2004000000002
5702,67.56479999999998
5703,67.08640000000014
5704,66.08919999999969
5705,63.83019999999996
5706,66.5054000000001
5707,67.56620000000007
5708,65.42480000000026
5709,64.77160000000015
5710,63.30220000000021
5711,67.18350000000008
5712,59.95859999999983
5713,64.7177999999996
5714,65.57580000000024
5715,63.53220000000025
5716,67.86219999999985
5717,72.91319999999999
5718,64.50040000000034
5719,66.74140000000003
5720,68.87219999999976
5721,61.776972619047655
5722,59.17160000000045
5723,63.628200000000284
5724,66.98799999999987
5725,64.48919999999993
5726,66.78759999999986
5727,64.77799999999998
5728,66.64140000000003
5729,74.05600000000004
5730,76.56980000000031
5731,64.5658000000004
5732,66.42860000000015
5733,69.38199999999985
5734,63.002199999999846
5735,65.99960000000021
5736,67.14259999999997
5737,68.51039999999999
5738,66.15599999999976
5739,66.14879999999984
5740,64.90599999999989
5741,78.09713999999987
5742,67.59419999999994
5743,64.85019999999983
5744,64.14044000000031
5745,71.11259999999982
5746,64.76780000000011
5747,71.76600000000003
5748,68.64139999999986
5749,64.87999999999991
5750,66.6514000000002
5751,65.54460000000044
5752,66.80479999999963
5753,68.20060000000016
5754,67.41860000000003
5755,67.19339999999994
5756,64.42219999999993
5757,64.91099999999993
5758,66.17039999999976
5759,67.07560000000015
5760,67.26719999999997
5761,80.37039999999988
5762,67.38900000000007
5763,64.7500000000001
5764,65.83779999999986
5765,62.04319999999985
5766,63.49820000000042
5767,67.24520000000007
5768,63.58239999999982
5769,60.897999999999854
5770,67.82236000000019
5771,63.06899999999977
5772,64.47159999999988
5773,77.35969999999993
5774,69.22760000000008
5775,65.76879999999998
5776,66.94859999999987
5777,69.72499999999984
5778,63.46100000000038
5779,70.60119999999998
5780,65.01600000000025
5781,62.9931999999999
5782,67.33219999999973
5783,63.33540000000037
5784,66.96240000000003
5785,66.25680000000007
5786,63.77560000000001
5787,70.96159999999995
5788,71.24779999999994
5789,68.21680000000003
5790,63.58429999999998
5791,67.46059999999989
5792,65.07140000000004
5793,62.87200000000008
5794,65.9353999999997
5795,64.97039999999993
5796,65.49080000000006
5797,66.20239999999993
5798,61.25780000000005
5799,61.983600000000095
5800,67.76120000000006
5801,63.52600000000031
5802,66.261
5803,63.24450000000045
5804,66.52060000000003
5805,67.32300000000012
5806,67.11559999999986
5807,66.33979999999984
5808,63.66840000000026
5809,69.06540000000005
5810,70.38539999999978
5811,63.16280000000032
5812,56.21960000000031
5813,69.13119999999984
5814,64.25699999999999
5815,65.86440000000013
5816,63.77780000000011
5817,63.92720000000029
5818,65.85599999999992
5819,66.08369999999991
5820,62.83960000000045
5821,64.48919999999983
5822,69.35939999999991
5823,68.84459999999977
5824,65.48420000000011
5825,65.95559999999963
5826,65.42959999999987
5827,71.53860000000009
5828,62.70879999999984
5829,67.47959999999973
5830,75.76920000000013
5831,65.5773999999997
5832,63.93899999999987
5833,64.84479999999998
5834,65.55239999999993
5835,65.21986666666652
5836,72.55200000000012
5837,67.3419999999998
5838,75.99100000000024
5839,73.74759999999996
5840,67.55219999999974
5841,69.5227999999998
5842,65.00680000000021
5843,68.51040000000006
5844,69.40280000000006
5845,64.46480000000021
5846,75.63540000000005
5847,66.44179999999977
5848,65.83819999999966
5849,68.05420000000011
5850,65.1928000000001
5851,63.53419999999989
5852,67.81990000000005
5853,55.56007333333331
5854,63.37999999999998
5855,66.18699999999983
5856,64.57319999999993
5857,66.28520000000013
5858,70.0878000000001
5859,64.25020000000042
5860,67.53259999999983
5861,77.65039999999995
5862,65.3479999999998
5863,68.57099999999974
5864,64.20400000000018
5865,67.3874
5866,70.28159999999983
5867,67.2433999999999
5868,64.16140000000001
5869,65.29899999999972
5870,65.18800000000012
5871,65.58559999999997
5872,60.87019999999961
5873,66.3736
5874,65.03040000000007
5875,67.48999999999984
5876,67.34120000000011
5877,63.0520000000004
5878,68.79959999999984
5879,69.60880000000012
5880,66.11460000000001
5881,68.48359999999998
5882,67.7357999999999
5883,57.84159999999977
5884,76.87600000000027
5885,63.56780000000003
5886,66.44419999999973
5887,68.35260000000027
5888,67.76380000000006
5889,66.2953999999999
5890,64.88700000000021
5891,63.63459999999984
5892,61.7381999999997
5893,68.24379999999975
5894,66.9834000000001
5895,69.97179999999999
5896,60.91129999999975
5897,68.25100000000018
5898,66.20639999999996
5899,65.46439999999987
5900,59.8800000000001
5901,64.03680000000013
5902,66.31520000000008
5903,60.53579999999962
5904,65.10500000000012
5905,66.07399999999988
5906,71.42120000000004
5907,66.40210000000019
5908,66.13639999999974
5909,63.62300000000038
5910,64.48359999999994
5911,62.82540000000021
5912,68.47879999999995
5913,70.28719999999971
5914,65.10959999999986
5915,60.773199999999655
5916,69.26339999999988
5917,59.80780000000021
5918,64.05399999999999
5919,69.41200000000005
5920,65.53940000000014
5921,67.78199999999981
5922,64.70759999999991
5923,65.6714000000001
5924,75.79279999999996
5925,65.10775000000001
5926,68.72479999999962
5927,64.68219999999992
5928,74.45100000000005
5929,62.44839999999995
5930,67.10739999999969
5931,65.73280000000027
5932,63.64079999999964
5933,65.79779999999975
5934,62.56279999999961
5935,66.95499999999979
5936,64.1938000000003
5937,71.11959999999982
5938,63.39179999999963
5939,66.69179999999957
5940,68.84859999999992
5941,68.4081999999999
5942,63.859560000000336
5943,66.36239999999978
5944,65.45040000000006
5945,63.189000000000306
5946,67.71079999999975
5947,66.19479999999945
5948,64.73419999999996
5949,63.635200000000275
5950,73.66080000000007
5951,67.37720000000007
5952,71.84499999999994
5953,63.26040000000003
5954,61.55100000000004
5955,63.10900000000042
5956,65.37879999999983
5957,66.67580000000008
5958,66.91220000000003
5959,73.3451199999999
5960,62.349000000000224
5961,61.671600000000154
5962,62.67380000000029
5963,64.46180000000032
5964,67.49819999999988
5965,64.9045999999998
5966,70.00459999999993
5967,68.68140000000011
5968,63.599800000000215
5969,65.76899999999992
5970,65.87099999999988
5971,63.594800000000276
5972,71.28060000000005
5973,67.34260000000006
5974,63.87800000000027
5975,67.49879999999993
5976,66.54480000000001
5977,66.22759999999988
5978,67.49799999999983
5979,66.97919999999966
5980,66.15260000000002
5981,60.22120000000013
5982,64.26840000000026
5983,68.61839999999985
5984,65.57580000000021
5985,67.47346666666643
5986,65.13720000000019
5987,71.67879999999988
5988,64.58379999999997
5989,80.7667999999999
5990,65.52159999999999
5991,65.42440000000002
5992,67.41379999999987
5993,66.95719999999996
5994,67.1167999999999
5995,67.37799999999999
5996,65.85480000000027
5997,63.21579999999975
5998,66.29980000000015
5999,64.74279999999986
6000,65.76720000000009
6001,65.4104
6002,65.79519999999992
6003,69.9214
6004,66.40080000000009
6005,65.69379999999985
6006,65.13239999999992
6007,68.23060000000011
6008,66.24920000000016
6009,63.18960000000037
6010,65.2163999999998
6011,65.02339999999977
6012,70.25339999999989
6013,67.1963999999999
6014,66.96800000000007
6015,66.8816
6016,64.72620000000032
6017,66.77260000000022
6018,67.90819999999994
6019,65.94339999999995
6020,66.00759999999977
6021,66.15759999999982
6022,68.08419999999997
6023,64.09520000000029
6024,64.0481999999998
6025,66.5796000000002
6026,66.22319999999982
6027,61.67639999999997
6028,63.85980000000032
6029,69.32259999999971
6030,65.25640000000006
6031,65.39980000000024
6032,64.36339999999998
6033,64.68600000000018
6034,66.4959999999997
6035,70.09899999999998
6036,63.521799999999814
6037,68.75280000000006
6038,60.34470000000025
6039,63.48100000000027
6040,67.57940000000008
6041,70.09459999999991
6042,65.6293999999998
6043,64.01880000000041
6044,64.52959999999997
6045,64.15859999999985
6046,67.5816
6047,64.33379999999968
6048,66.60839999999982
6049,64.24579999999997
6050,67.5343999999997
6051,63.67239999999983
6052,63.60540000000031
6053,63.81320000000001
6054,79.68339999999999
6055,67.15039999999979
6056,64.92879999999982
6057,68.96079999999994
6058,66.07940000000013
6059,65.09980000000031
6060,65.63439999999963
6061,66.92499999999997
6062,66.83219999999999
6063,66.86960000000012
6064,66.74579999999973
6065,63.29579999999973
6066,64.8202000000003
6067,66.79099999999994
6068,66.59959999999971
6069,66.33173333333333
6070,68.48784666666663
6071,67.66780000000004
6072,64.9043999999995
6073,69.16479999999983
6074,74.46280000000019
6075,63.87180000000025
6076,64.1610000000003
6077,64.63060000000004
6078,64.23979999999986
6079,68.41500000000005
6080,65.62579999999988
6081,66.17319999999987
6082,66.78859999999999
6083,67.6702000000003
6084,62.97300000000037
6085,57.28800000000039
6086,63.464466666666894
6087,64.56559999999988
6088,67.64645714285713
6089,65.77359999999997
6090,63.58559999999998
6091,64.17040000000016
6092,70.21940000000002
6093,67.75820000000004
6094,65.5092000000002
6095,63.95280000000015
6096,70.68120000000005
6097,63.89519999999998
6098,72.36280000000001
6099,64.98149999999998
6100,66.84959999999998
6101,64.43659999999984
6102,67.29259999999995
6103,65.20139999999965
6104,67.63330000000003
6105,69.84819999999992
6106,65.21959999999991
6107,63.42780000000029
6108,63.60140000000025
6109,65.55699999999992
6110,67.93240000000014
6111,64.55599999999994
6112,69.46439999999993
6113,64.91079999999998
6114,61.835000000000164
6115,65.37960000000027
6116,66.59639999999999
6117,66.01780000000001
6118,72.79040000000008
6119,62.819799999999546
6120,67.51880000000001
6121,66.81879999999983
6122,65.0161999999999
6123,65.71279999999985
6124,68.95899999999989
6125,64.50219999999995
6126,65.55280000000015
6127,66.65919999999983
6128,67.03039999999999
6129,60.10795000000043
6130,66.94060000000017
6131,64.13280000000024
6132,65.57800000000012
6133,64.31940000000016
6134,62.18459999999988
6135,66.6095999999997
6136,62.22839999999946
6137,66.29819999999984
6138,65.87319999999973
6139,67.90699999999998
6140,63.76719999999955
6141,67.67639999999993
6142,67.60060000000018
6143,64.11120000000012
6144,65.51010000000028
6145,61.90260000000008
6146,68.98459999999993
6147,64.30439999999997
6148,65.70299999999993
6149,65.11039999999988
6150,72.62520000000006
6151,62.79739999999974
6152,67.65580000000037
6153,69.31219999999988
6154,66.7992000000002
6155,64.73080000000012
6156,66.80399999999975
6157,70.554
6158,63.75560000000028
6159,65.54132000000018
6160,69.7237999999997
6161,71.35860000000014
6162,62.04440000000016
6163,66.6835999999998
6164,70.49260000000018
6165,66.61150000000005
6166,65.27879999999979
6167,63.80960000000028
6168,61.77279999999982
6169,62.98799999999974
6170,69.44280000000002
6171,62.626399999999926
6172,67.5957999999998
6173,74.93559999999988
6174,64.88819999999988
6175,68.80300000000007
6176,64.96000000000002
6177,68.38840000000009
6178,64.02480000000025
6179,61.00559999999991
6180,83.81939999999997
6181,66.77779999999967
6182,65.4875999999996
6183,75.75500000000002
6184,64.5754000000001
6185,67.4658
6186,70.75619999999995
6187,64.36700000000008
6188,67.58079999999964
6189,66.22539999999992
6190,65.74519999999995
6191,64.37500000000021
6192,67.43679999999974
6193,66.79379999999979
6194,63.254599999999776
6195,67.12299999999992
6196,65.2862000000001
6197,63.51740000000032
6198,63.12940000000028
6199,64.66179999999989
6200,68.02719999999985
6201,64.43900000000015
6202,63.02140000000047
6203,63.61480000000036
6204,65.0337999999998
6205,67.15780000000021
6206,64.2704
6207,67.39219999999968
6208,68.07539999999983
6209,64.00940000000018
6210,63.42440000000041
6211,65.12320000000007
6212,64.40420000000013
6213,63.47399999999966
6214,66.47479999999999
6215,68.67959999999984
6216,59.099133333333526
6217,68.47740000000023
6218,65.47720000000008
6219,66.05320000000007
6220,65.4596000000001
6221,66.8558
6222,66.21279999999982
6223,64.6766000000002
6224,67.43279999999982
6225,69.5840000000001
6226,65.60340000000004
6227,68.39179999999978
6228,66.84580000000015
6229,65.5600000000002
6230,67.90700000000005
6231,66.77939999999997
6232,68.23780000000006
6233,67.19019999999966
6234,64.16360000000024
6235,64.37160000000002
6236,66.35179999999974
6237,60.421400000000034
6238,65.47039999999984
6239,67.98759999999984
6240,69.99700000000007
6241,68.109
6242,67.40939999999974
6243,64.41620000000002
6244,63.63280000000018
6245,66.14939999999997
6246,61.83089999999973
6247,63.43639999999959
6248,65.95140000000015
6249,66.49580000000006
6250,67.27360000000006
6251,65.83999999999989
6252,64.11319999999995
6253,74.01420000000009
6254,67.78680000000008
6255,66.90180000000001
6256,64.7674000000002
6257,63.26039999999971
6258,63.64174999999996
6259,65.54800000000027
6260,68.88360000000004
6261,65.50859999999986
6262,71.15480000000018
6263,65.67059999999985
6264,71.65380000000006
6265,65.49040000000028
6266,66.9703999999999
6267,67.0857999999999
6268,65.40159999999987
6269,64.60120000000019
6270,65.94319999999973
6271,62.935400000000264
6272,65.98579999999977
6273,70.08619999999995
6274,67.01219999999977
6275,72.25440000000015
6276,63.38059999999981
6277,80.8058000000002
6278,66.52300000000007
6279,68.62020000000005
6280,70.47460000000018
6281,65.79740000000002
6282,65.68980000000025
6283,78.75939999999981
6284,67.51940000000003
6285,66.85480000000015
6286,63.33180000000043
6287,68.67419999999983
6288,67.503
6289,63.81739999999979
6290,69.3914000000001
6291,66.6658
6292,68.4917999999996
6293,68.69799999999977
6294,68.2501999999999
6295,63.45460000000037
6296,73.3767999999999
6297,63.74400000000027
6298,65.52160000000005
6299,82.6423999999998
6300,65.57019999999976
6301,70.12559999999996
6302,62.14760000000007
6303,65.37519999999995
6304,66.80360000000012
6305,63.44960000000038
6306,66.76219999999986
6307,66.29200000000007
6308,66.8449999999998
6309,70.33099999999976
6310,67.1928
6311,70.1932000000001
6312,64.88240000000005
6313,66.64579999999974
6314,66.33240000000006
6315,65.81279999999978
6316,68.4721999999999
6317,68.02980000000005
6318,67.4611999999998
6319,64.81620000000018
6320,70.11980000000017
6321,64.95020000000007
6322,68.21859999999998
6323,64.68399999999994
6324,63.92959999999989
6325,67.59639999999973
6326,66.17660000000011
6327,63.11879999999975
6328,70.43799999999993
6329,64.544
6330,67.40359999999983
6331,68.27620000000002
6332,67.90580000000014
6333,66.40179999999972
6334,66.49360000000011
6335,65.11000000000003
6336,66.54199999999993
6337,64.33980000000007
6338,69.50820000000003
6339,64.94120000000001
6340,66.1612
6341,69.24019999999994
6342,64.8005999999998
6343,65.50520000000004
6344,61.745000000000424
6345,68.65620000000011
6346,81.77160000000006
6347,65.91799999999989
6348,67.84439999999984
6349,63.420599999999546
6350,67.77020000000017
6351,68.36860000000001
6352,62.88859999999958
6353,70.91459999999988
6354,61.84439999999993
6355,64.76640000000019
6356,68.40239999999963
6357,70.69939999999998
6358,65.84639999999982
6359,66.11299999999977
6360,74.90240000000009
6361,70.14940000000009
6362,66.44639999999998
6363,62.856399999999496
6364,64.68479999999988
6365,65.21779999999993
6366,64.64420000000018
6367,63.442199999999794
6368,69.59320000000012
6369,66.21079999999996
6370,65.28300000000037
6371,72.24860000000004
6372,64.74000000000008
6373,63.15319999999971
6374,63.26760000000029
6375,66.08139999999968
6376,69.83479999999989
6377,66.73040000000013
6378,64.18700000000021
6379,67.55439999999986
6380,62.56739999999969
6381,65.61839999999997
6382,69.59120000000009
6383,63.46580000000044
6384,69.5944000000001
6385,54.77957000000005
6386,62.89700000000046
6387,68.39399999999974
6388,63.82940000000039
6389,65.9899999999997
6390,65.15339999999992
6391,61.29699999999992
6392,70.78280000000001
6393,63.127400000000165
6394,64.1008
6395,64.68459999999982
6396,65.32640000000016
6397,66.36740000000005
6398,65.66879999999975
6399,64.89999999999984
6400,69.88089999999991
6401,64.47700000000005
6402,66.58899999999974
6403,67.4169999999998
6404,73.46779999999993
6405,65.36100000000026
6406,66.37439999999967
6407,66.29179999999987
6408,65.1001999999999
6409,76.42700000000002
6410,65.83940000000008
6411,65.79599999999981
6412,66.36819999999996
6413,64.54540000000004
6414,79.09180000000002
6415,69.68439999999977
6416,66.55100000000013
6417,67.27580000000017
6418,66.43779999999994
6419,72.14800000000018
6420,62.65280000000007
6421,63.617200000000295
6422,67.16379999999968
6423,75.84660000000014
6424,65.5294
6425,65.46499999999979
6426,67.1716000000001
6427,77.5560000000001
6428,67.85459999999986
6429,63.43060000000029
6430,63.529500000000255
6431,68.82779999999988
6432,65.26320000000015
6433,61.65060000000008
6434,66.40359999999974
6435,54.83281000000002
6436,66.37939999999999
6437,71.02340000000004
6438,64.49380000000029
6439,67.01720000000036
6440,63.650999999999954
6441,64.54020000000023
6442,61.19439999999971
6443,63.47200000000032
6444,63.31540000000029
6445,64.12439999999967
6446,63.611300000000284
6447,66.71920000000017
6448,66.07639999999986
6449,68.36600000000008
6450,68.7903999999999
6451,65.68040000000026
6452,66.52379999999991
6453,67.60159999999978
6454,68.90300000000003
6455,65.65700000000008
6456,67.14800000000012
6457,66.46280000000004
6458,66.37419999999968
6459,66.60219999999985
6460,62.8594666666669
6461,68.67159999999978
6462,67.04979999999999
6463,66.9351999999999
6464,64.55000000000022
6465,66.51219999999984
6466,64.69439999999966
6467,64.784
6468,67.75059999999996
6469,67.06979999999986
6470,69.97799999999988
6471,65.88219999999986
6472,67.01619999999977
6473,67.36260000000014
6474,62.9902
6475,66.74819999999991
6476,66.37779999999977
6477,59.367399999999584
6478,64.76440000000022
6479,71.59080000000009
6480,65.86500000000005
6481,62.925799999999604
6482,69.76099999999995
6483,76.69160000000011
6484,68.78820000000012
6485,67.66599999999994
6486,63.67700000000004
6487,67.66740000000007
6488,66.77919999999986
6489,65.53519999999978
6490,65.49260000000002
6491,63.17880000000026
6492,66.56319999999997
6493,63.402800000000326
6494,64.91959999999978
6495,65.33779999999967
6496,74.83420000000001
6497,68.59639999999973
6498,68.05119999999988
6499,65.20780000000006
6500,63.56153333333341
6501,67.39019999999971
6502,67.96320000000011
6503,75.0917999999999
6504,66.26940000000008
6505,63.37139999999983
6506,70.80899999999994
6507,64.23239999999993
6508,70.58660000000006
6509,62.84379999999951
6510,63.633200000000386
6511,66.22099999999989
6512,66.88819999999993
6513,67.35360000000001
6514,63.67140000000029
6515,72.36969999999992
6516,63.70020000000005
6517,63.84420000000005
6518,63.82940000000001
6519,78.94180000000007
6520,64.41100000000024
6521,65.34960000000036
6522,78.16420000000018
6523,65.46580000000029
6524,70.06739999999994
6525,65.21700000000016
6526,65.9817999999997
6527,64.0998000000002
6528,65.82660000000017
6529,67.35620000000011
6530,63.18219999999988
6531,68.94669999999962
6532,59.766199999999955
6533,68.98199999999976
6534,70.56800000000017
6535,67.49779999999983
6536,65.95519999999965
6537,64.98179999999986
6538,66.91280000000029
6539,66.7477999999999
6540,69.5731500000001
6541,63.638000000000154
6542,62.9231999999997
6543,66.31260000000019
6544,65.80026666666673
6545,65.9517999999998
6546,70.27440000000007
6547,65.1014000000001
6548,65.32099999999986
6549,64.46359999999972
6550,63.90579999999988
6551,66.30259999999986
6552,67.15280000000001
6553,64.26740000000002
6554,65.53979999999966
6555,65.92999999999978
6556,66.60819999999991
6557,65.24219999999981
6558,64.4968
6559,67.72580000000013
6560,61.40859999999977
6561,65.40679999999976
6562,79.7536000000001
6563,66.07520000000001
6564,64.3443000000003
6565,73.56759999999998
6566,64.06920000000002
6567,64.85300000000026
6568,65.87639999999979
6569,70.26480000000005
6570,65.13639999999963
6571,64.35699999999967
6572,68.38859999999981
6573,63.13040000000037
6574,64.02020000000005
6575,62.06639999999967
6576,64.9208000000001
6577,66.08419999999995
6578,68.69180000000007
6579,65.9652
6580,65.27559999999998
6581,68.18640000000032
6582,66.87580000000003
6583,67.45879999999993
6584,65.53819999999982
6585,65.38720000000016
6586,67.2995999999996
6587,63.68890000000008
6588,66.07520000000024
6589,71.53520000000024
6590,63.44640000000039
6591,68.35740000000014
6592,66.81519999999975
6593,67.19499999999985
6594,64.05900000000028
6595,68.23859999999976
6596,67.90639999999993
6597,67.03880000000022
6598,63.967200000000275
6599,63.06520000000043
6600,68.79660000000008
6601,65.13139999999999
6602,64.44620000000029
6603,66.01799999999996
6604,63.19839999999969
6605,67.73220000000005
6606,58.48520000000042
6607,63.77400000000012
6608,59.93220000000025
6609,63.15080000000043
6610,66.28539999999995
6611,63.31199999999986
6612,67.01639999999993
6613,64.71400000000006
6614,69.419
6615,64.19560000000041
6616,67.35740000000004
6617,62.43080000000008
6618,68.2497999999998
6619,65.8844000000002
6620,63.09380000000022
6621,70.90939999999995
6622,65.04800000000012
6623,68.57559999999995
6624,68.63840000000006
6625,65.3416
6626,71.00080000000001
6627,64.73980000000013
6628,67.53339999999972
6629,66.36779999999999
6630,63.55420000000016
6631,64.00579999999994
6632,67.19259999999998
6633,60.964599999999926
6634,72.07819999999992
6635,63.40579999999984
6636,68.24199999999998
6637,71.11840000000002
6638,66.25320000000042
6639,71.39059999999992
6640,63.35819999999994
6641,65.04059999999993
6642,63.5864000000001
6643,66.82499999999985
6644,71.39920000000019
6645,70.24799999999995
6646,65.6627999999999
6647,66.01699999999994
6648,65.72880000000022
6649,68.52100000000006
6650,70.59660000000022
6651,60.66120000000012
6652,62.987200000000186
6653,65.59999999999974
6654,62.43020000000032
6655,64.3778
6656,58.030666666666725
6657,67.37920000000005
6658,68.40640000000005
6659,71.65819999999977
6660,63.83200000000025
6661,63.394000000000055
6662,66.23959999999984
6663,64.89400000000022
6664,67.03309999999985
6665,63.6438000000003
6666,64.09319999999992
6667,63.53320000000015
6668,65.60500000000009
6669,65.49839999999972
6670,64.50519999999958
6671,63.81360000000003
6672,65.22179999999963
6673,64.80960000000003
6674,64.03800000000018
6675,65.25625000000011
6676,65.27340000000004
6677,63.27880000000041
6678,67.33580000000002
6679,67.4855999999995
6680,65.53500000000003
6681,68.1140000000001
6682,67.56660000000011
6683,66.72520000000017
6684,58.58720000000012
6685,68.2669999999998
6686,63.12379999999995
6687,64.74560000000014
6688,68.76199999999993
6689,65.79919999999984
6690,63.33122000000031
6691,68.21560000000002
6692,66.73920000000018
6693,79.83280000000003
6694,64.14679999999994
6695,67.90020000000001
6696,67.64460000000011
6697,65.95320000000002
6698,68.20479999999972
6699,68.02059999999983
6700,63.97039999999999
6701,83.80739999999976
6702,65.97060000000009
6703,65.60639999999991
6704,66.80580000000012
6705,61.44900000000002
6706,65.47500000000016
6707,63.4959999999997
6708,65.3941999999999
6709,64.68940000000003
6710,59.870999999999995
6711,65.23220000000035
6712,65.0074
6713,68.16940000000012
6714,67.45620000000005
6715,65.13733333333325
6716,70.03240000000002
6717,65.27519999999984
6718,63.2997999999998
6719,71.57639999999998
6720,59.51200000000008
6721,62.218399999999846
6722,66.56979999999994
6723,70.75740000000009
6724,64.81740000000015
6725,65.74799999999982
6726,65.42240000000042
6727,65.74339999999994
6728,63.074400000000374
6729,65.63159999999965
6730,65.8095999999998
6731,64.7642
6732,64.40200000000023
6733,63.99800000000023
6734,64.50900000000019
6735,67.81519999999996
6736,71.13439999999993
6737,62.65139999999952
6738,65.71679999999998
6739,65.77279999999992
6740,66.3255999999998
6741,58.804400000000086
6742,69.93819999999982
6743,78.17500000000021
6744,65.05690000000001
6745,67.8074000000001
6746,65.26239999999987
6747,65.33459999999998
6748,66.86819999999979
6749,69.59099999999998
6750,64.0549999999998
6751,65.93640000000018
6752,67.10179999999995
6753,66.18119999999983
6754,67.95680000000006
6755,66.73219999999992
6756,69.67839999999983
6757,68.99359999999996
6758,64.5814000000001
6759,65.4683199999999
6760,65.38639999999978
6761,66.76080000000019
6762,65.95560000000008
6763,63.42320000000043
6764,67.00540000000002
6765,68.2029999999999
6766,70.93859999999992
6767,68.31419999999976
6768,54.68183000000001
6769,65.9156000000001
6770,64.69139999999997
6771,62.16540000000017
6772,66.35480000000011
6773,65.99120000000015
6774,63.09840000000034
6775,65.09159999999996
6776,64.80960000000017
6777,64.35980000000016
6778,68.62519999999971
6779,60.96560000000034
6780,64.91200000000028
6781,65.14059999999995
6782,64.47259999999997
6783,70.11419999999997
6784,70.648
6785,64.75639999999994
6786,68.31179999999969
6787,68.54579999999994
6788,66.88159999999979
6789,66.2645999999999
6790,63.6118000000002
6791,64.72640000000035
6792,68.83080000000007
6793,66.62899999999979
6794,66.65099999999991
6795,61.56479999999961
6796,64.04870000000024
6797,67.22120000000005
6798,67.60949999999991
6799,69.55
6800,67.23060000000027
6801,63.377200000000244
6802,66.54539999999959
6803,64.93839999999983
6804,63.582599999999786
6805,67.68760000000006
6806,64.93259999999995
6807,67.32419999999985
6808,66.49599999999987
6809,66.5363999999997
6810,64.05220000000028
6811,68.14679999999998
6812,70.46459999999998
6813,64.34459999999999
6814,62.936400000000084
6815,64.49580000000005
6816,65.00820000000012
6817,79.46559999999982
6818,65.20360000000018
6819,65.03700000000013
6820,62.90500000000037
6821,68.0123999999999
6822,66.41479999999976
6823,69.68339999999993
6824,63.667000000000094
6825,63.022999999999584
6826,64.74299999999997
6827,68.25839999999992
6828,63.54020000000035
6829,67.02879999999995
6830,66.63240000000025
6831,72.05119999999975
6832,67.9262
6833,65.0488
6834,63.346999999999746
6835,69.88753333333321
6836,67.49019999999977
6837,68.15099999999966
6838,65.1097999999998
6839,63.845999999999904
6840,65.65339999999965
6841,67.09610000000002
6842,64.10179999999967
6843,65.7417999999998
6844,63.42479999999959
6845,66.55659999999983
6846,63.355200000000245
6847,68.16659999999966
6848,61.722799999999566
6849,70.38860000000017
6850,64.72940000000007
6851,66.09440000000008
6852,66.48559999999983
6853,64.67199999999998
6854,67.08099999999989
6855,59.974999999999945
6856,63.92159999999984
6857,67.00280000000004
6858,64.31640000000002
6859,65.52019999999987
6860,66.80160000000011
6861,67.09699999999977
6862,63.190600000000295
6863,64.36680000000021
6864,65.66799999999992
6865,63.628200000000234
6866,65.85486666666645
6867,66.65580000000024
6868,64.93859999999988
6869,64.07720000000005
6870,68.13359999999986
6871,64.08639999999997
6872,70.0081999999998
6873,63.95440000000005
6874,66.73459999999992
6875,67.80519999999993
6876,67.40380000000017
6877,74.51760000000004
6878,68.03820000000017
6879,65.4334000000001
6880,63.465000000000245
6881,79.78779999999993
6882,70.32440000000004
6883,68.30039999999988
6884,57.43136666666704
6885,63.62120000000029
6886,68.97339999999994
6887,62.67259999999999
6888,68.36060000000019
6889,66.96619999999976
6890,62.41679999999961
6891,66.57200000000003
6892,68.0957999999998
6893,67.37699999999994
6894,63.18230000000011
6895,74.01580000000004
6896,67.41299999999993
6897,63.184399999999684
6898,68.41060000000007
6899,66.61719999999983
6900,63.6802499999999
6901,66.4415999999998
6902,64.0439999999998
6903,68.29400000000001
6904,66.01280000000023
6905,60.561199999999786
6906,64.14039999999966
6907,65.65120000000014
6908,66.64819999999982
6909,66.76980000000009
6910,67.5645999999998
6911,66.26779999999988
6912,75.17299999999979
6913,64.77160000000008
6914,60.96004000000013
6915,66.89419999999986
6916,65.25200000000044
6917,62.783400000000334
6918,63.658200000000356
6919,66.31359999999952
6920,73.28679999999994
6921,64.65859999999964
6922,66.50419999999987
6923,67.32200000000002
6924,65.41660000000005
6925,66.02940000000008
6926,70.55779999999993
6927,66.99100000000014
6928,67.50899999999962
6929,68.2498000000001
6930,63.83639999999982
6931,65.80107666666656
6932,68.51940000000018
6933,65.77580000000003
6934,66.99700000000021
6935,65.45959999999991
6936,63.03660000000033
6937,70.15999999999977
6938,60.559199999999905
6939,74.39160000000003
6940,66.51680000000005
6941,79.53599999999982
6942,66.52659999999999
6943,65.15820000000016
6944,73.8857999999999
6945,64.8656
6946,63.79500000000034
6947,63.25000000000036
6948,68.06480000000025
6949,68.51440000000015
6950,66.11919999999968
6951,65.77820000000006
6952,68.99340000000005
6953,67.44019999999973
6954,67.90160000000022
6955,63.973000000000255
6956,71.5008
6957,65.72139999999986
6958,64.50740000000027
6959,63.2002000000004
6960,66.43439999999981
6961,63.86620000000036
6962,64.19999999999993
6963,68.03099999999999
6964,63.41340000000047
6965,68.66660000000005
6966,65.73819999999992
6967,66.55220000000018
6968,65.64919999999981
6969,63.63860000000027
6970,62.68639999999952
6971,63.385800000000195
6972,67.73059999999978
6973,64.58200000000022
6974,65.23560000000005
6975,66.04819999999978
6976,65.89639999999982
6977,66.48060000000011
6978,63.14520000000048
6979,63.08380000000026
6980,64.2906000000001
6981,64.56759999999964
6982,71.90419999999997
6983,65.38839999999978
6984,64.1361999999998
6985,65.95620000000002
6986,70.79239999999994
6987,63.08579999999997
6988,66.27259999999978
6989,67.82479999999991
6990,69.30280000000005
6991,63.30540000000037
6992,64.35760000000026
6993,66.45999999999977
6994,66.77659999999996
6995,70.11440000000012
6996,73.57640000000012
6997,64.28640000000024
6998,61.39400000000025
6999,68.92780000000006
7000,61.52819999999987
7001,65.15339999999996
7002,71.53339999999986
7003,64.55220000000028
7004,66.59979999999989
7005,67.1936000000001
7006,72.1784
7007,68.13020000000006
7008,65.62359999999995
7009,69.91059999999997
7010,64.79499999999996
7011,71.85020000000017
7012,81.2645999999998
7013,67.21619999999979
7014,66.25119999999993
7015,67.10199999999972
7016,66.01599999999975
7017,65.85499999999973
7018,67.60719999999974
7019,63.208999999999726
7020,66.78600000000037
7021,66.98639999999973
7022,66.11779999999979
7023,66.03179999999993
7024,67.25599999999986
7025,67.38880000000023
7026,66.51380000000002
7027,67.7909999999999
7028,67.4574
7029,65.4066666666666
7030,66.68239999999982
7031,68.17660000000005
7032,64.0250000000002
7033,68.741
7034,62.768000000000185
7035,66.25879999999978
7036,66.37819999999988
7037,65.06319999999982
7038,64.79259999999994
7039,66.81019999999998
7040,64.17300000000029
7041,72.06059999999994
7042,63.85499999999998
7043,66.47150000000005
7044,65.61579999999984
7045,69.56540000000001
7046,65.90220000000019
7047,59.519400000000054
7048,73.73399999999985
7049,66.2583999999998
7050,69.3338000000004
7051,67.00359999999986
7052,70.52740000000013
7053,64.89239999999984
7054,63.90920000000026
7055,67.02979999999991
7056,85.8787999999998
7057,63.862399999999866
7058,65.47700000000003
7059,75.74419999999986
7060,64.30739999999994
7061,65.81299999999997
7062,65.01939999999982
7063,66.8654
7064,63.860999999999784
7065,62.15360000000021
7066,66.03459999999988
7067,63.20540000000032
7068,66.85440000000004
7069,61.46240000000019
7070,67.36759999999991
7071,64.27660000000022
7072,68.76359999999974
7073,64.33920000000019
7074,64.72559999999991
7075,62.46999999999984
7076,61.36420000000008
7077,66.01740000000004
7078,74.6644000000002
7079,64.1435999999999
7080,66.11860000000014
7081,72.3893999999998
7082,67.24620000000012
7083,66.7865999999998
7084,65.76779999999991
7085,64.65079999999993
7086,67.12160000000014
7087,65.66380000000008
7088,64.0926
7089,63.5172000000001
7090,66.17639999999957
7091,67.62659999999995
7092,67.7456000000001
7093,64.32280000000002
7094,70.3022
7095,65.66480000000023
7096,66.45839999999971
7097,67.39640000000001
7098,68.19779999999987
7099,65.25800000000032
7100,68.78200000000022
7101,64.4524000000001
7102,67.8008000000001
7103,63.29519999999952
7104,66.49199999999992
7105,65.25320000000023
7106,68.44399999999983
7107,64.51100000000027
7108,68.57219999999995
7109,63.940600000000245
7110,69.06880000000024
7111,65.27760000000033
7112,62.610800000000346
7113,67.88040000000017
7114,68.89899999999993
7115,66.1588
7116,62.53820000000026
7117,68.41239999999999
7118,65.21580000000012
7119,60.67980000000006
7120,64.19979999999994
7121,70.52599999999985
7122,66.34979999999986
7123,68.35200000000015
7124,65.1724
7125,74.16800000000016
7126,68.49059999999983
7127,71.13059999999997
7128,63.578399999999675
7129,63.74500000000029
7130,65.26199999999974
7131,64.64079999999984
7132,71.10240000000005
7133,64.77620000000012
7134,71.81540000000003
7135,65.12099999999951
7136,70.91639999999997
7137,79.58259999999986
7138,67.26439999999958
7139,64.40930000000039
7140,63.71480000000036
7141,67.29979999999989
7142,58.39953285714283
7143,65.38320000000023
7144,66.8514000000001
7145,67.31100000000016
7146,61.256599999999985
7147,65.92839999999993
7148,64.78979999999979
7149,71.00180000000002
7150,67.40360000000005
7151,64.8724000000001
7152,58.87982714285725
7153,64.65260000000012
7154,64.83939999999993
7155,66.67659999999995
7156,67.56799999999966
7157,64.62900000000019
7158,66.31480000000008
7159,66.30179999999989
7160,64.87339999999976
7161,64.89279999999947
7162,65.0955999999998
7163,64.19460000000014
7164,66.55900000000004
7165,68.50700000000009
7166,66.40200000000002
7167,66.64249999999964
7168,67.04199999999996
7169,69.03920000000005
7170,62.691600000000136
7171,64.02560000000003
7172,73.12640000000016
7173,63.58860000000023
7174,64.39620000000023
7175,67.41480000000014
7176,66.02939999999965
7177,60.6382
7178,75.54400000000025
7179,65.87559999999993
7180,64.08180000000011
7181,62.44180000000005
7182,63.63700000000027
7183,70.86820000000012
7184,69.4802000000001
7185,66.47019999999998
7186,68.34679999999987
7187,64.87119999999953
7188,67.22300000000007
7189,65.54840000000004
7190,63.85179999999998
7191,65.30039999999967
7192,67.01140000000026
7193,63.73279999999995
7194,66.39079999999977
7195,65.1436
7196,67.3001999999999
7197,72.75520000000016
7198,64.68010000000025
7199,76.79419999999989
7200,61.26079999999992
7201,66.72640000000001
7202,66.1284
7203,64.59379999999999
7204,65.32820000000012
7205,78.30700000000012
7206,67.62340000000015
7207,65.51539999999993
7208,67.92179999999996
7209,64.45620000000001
7210,65.20039999999989
7211,63.58340000000024
7212,63.1154000000003
7213,66.89740000000003
7214,66.50719999999974
7215,64.44079999999985
7216,65.49779999999978
7217,65.53340000000013
7218,65.73819999999999
7219,62.84079999999959
7220,63.915000000000056
7221,66.41500000000012
7222,68.69800000000001
7223,67.08659999999999
7224,68.97919999999975
7225,66.40320000000013
7226,56.782466666666714
7227,66.08839999999998
7228,65.70639999999993
7229,69.32899999999987
7230,65.70900000000015
7231,66.9512000000001
7232,62.800400000000145
7233,67.87379999999997
7234,62.84734999999982
7235,65.01739999999995
7236,68.17699999999986
7237,64.73559999999992
7238,65.42219999999969
7239,69.68860000000001
7240,66.13879999999976
7241,73.59279999999993
7242,66.24499999999992
7243,66.41019999999988
7244,63.17340000000038
7245,62.88679999999955
7246,65.20940000000033
7247,73.74700000000007
7248,65.67039999999973
7249,69.7946000000001
7250,71.25479999999993
7251,65.12060000000011
7252,77.10418333333317
7253,70.83699999999992
7254,67.49499999999992
7255,63.82670000000001
7256,66.11040000000008
7257,63.76000000000033
7258,66.85220000000002
7259,65.36759999999978
7260,64.8618
7261,64.81500000000004
7262,64.36779999999983
7263,67.86780000000005
7264,61.55660000000006
7265,65.79879999999999
7266,55.34369333333336
7267,64.07180000000011
7268,68.93800000000005
7269,62.253599999999686
7270,61.743199999999966
7271,61.80159999999999
7272,64.40420000000003
7273,66.89219999999983
7274,66.03219999999997
7275,62.57919999999948
7276,70.36919999999989
7277,73.60560000000007
7278,66.28899999999963
7279,64.61600000000013
7280,70.07259999999972
7281,71.09140000000015
7282,64.76140000000014
7283,67.32339999999989
7284,68.93119999999988
7285,63.24280000000025
7286,64.89500000000012
7287,65.71920000000019
7288,69.56420000000004
7289,67.24839999999993
7290,65.40019999999993
7291,68.0730000000001
7292,67.72139999999996
7293,68.44299999999994
7294,67.50679999999994
7295,74.18719999999995
7296,72.89420000000013
7297,70.32584999999985
7298,64.32979999999993
7299,64.66580000000016
7300,64.48579999999987
7301,67.67540000000018
7302,68.94097666666644
7303,79.4067999999998
7304,64.86880000000025
7305,64.10293333333334
7306,65.93539999999994
7307,67.25100000000013
7308,69.12460000000006
7309,70.4464
7310,65.45879999999983
7311,66.29219999999985
7312,65.03819999999978
7313,61.3085999999997
7314,66.07720000000013
7315,62.364999999999576
7316,63.10919999999975
7317,68.01059999999988
7318,67.07440000000022
7319,64.15700000000002
7320,64.50800000000021
7321,74.21920000000004
7322,64.84899999999989
7323,65.67500000000008
7324,66.57099999999994
7325,64.38400000000033
7326,69.27699999999996
7327,70.20980000000002
7328,63.0419999999999
7329,64.66360000000019
7330,66.75740000000002
7331,69.2535999999999
7332,67.32380000000029
7333,65.3931999999998
7334,70.49500000000012
7335,77.56019999999995
7336,64.0219999999999
7337,71.16260000000004
7338,65.87499999999973
7339,60.56379999999993
7340,65.12779999999972
7341,63.575599999999824
7342,64.48540000000023
7343,62.63580000000024
7344,65.5506000000003
7345,66.60440000000027
7346,65.90719999999985
7347,65.67760000000037
7348,64.88780000000003
7349,69.574
7350,67.01219999999974
7351,65.83519999999984
7352,65.82979999999976
7353,68.27440000000011
7354,65.02919999999973
7355,65.3962000000001
7356,64.39680000000033
7357,65.36699999999979
7358,69.38739999999989
7359,63.637999999999955
7360,66.0816466666666
7361,64.62679999999985
7362,63.89140000000023
7363,63.29879999999977
7364,65.29379999999995
7365,63.484599999999716
7366,76.72299999999991
7367,55.89320000000035
7368,65.3497999999999
7369,63.06840000000039
7370,63.152000000000044
7371,65.43680000000008
7372,65.0182000000001
7373,64.34959999999994
7374,66.10079999999996
7375,64.2120000000004
7376,63.60340000000004
7377,65.0047999999999
7378,64.98099999999991
7379,67.4331999999998
7380,65.76279999999956
7381,67.5499999999997
7382,65.90740000000011
7383,67.26899999999975
7384,67.78260000000012
7385,72.01840000000001
7386,63.49840000000038
7387,63.506200000000355
7388,69.12919999999993
7389,65.08720000000002
7390,67.02644999999994
7391,64.3476
7392,66.22880000000004
7393,75.38539999999975
7394,75.55260000000004
7395,63.92360000000026
7396,66.70840000000007
7397,66.6908000000002
7398,64.28040000000009
7399,64.77719999999997
7400,65.75319999999996
7401,68.81619999999974
7402,59.549333333333664
7403,65.42360000000028
7404,64.85300000000016
7405,63.60480000000013
7406,65.32980000000008
7407,63.5465999999998
7408,59.53313333333327
7409,69.8519999999998
7410,65.4532000000002
7411,64.54860000000016
7412,64.14499999999998
7413,72.72419999999998
7414,68.2678000000001
7415,64.53539999999981
7416,63.11580000000044
7417,64.80179999999986
7418,65.39499999999994
7419,64.44840000000002
7420,66.90539999999977
7421,66.5883999999999
7422,64.45220000000039
7423,75.19240000000008
7424,62.458199999999955
7425,64.52940000000011
7426,67.56199999999981
7427,76.17919999999971
7428,58.39953285714283
7429,64.12520000000022
7430,70.32859999999998
7431,64.5444
7432,65.6099999999999
7433,66.34579999999974
7434,67.1761999999996
7435,73.30319999999998
7436,64.19839999999974
7437,65.93740000000007
7438,66.81279999999991
7439,65.17220000000009
7440,72.76479999999985
7441,65.26519999999984
7442,66.88800000000009
7443,67.25319999999999
7444,68.93359999999983
7445,65.51319999999994
7446,66.25539999999995
7447,64.71020000000021
7448,65.04620000000025
7449,66.52219999999996
7450,71.84199999999989
7451,65.98759999999992
7452,64.74060000000003
7453,65.44060000000025
7454,68.05780000000013
7455,68.17700000000004
7456,72.50279999999985
7457,66.26639999999995
7458,64.49260000000014
7459,65.64469999999993
7460,66.91300000000003
7461,63.5404
7462,66.1997333333333
7463,64.58319999999988
7464,69.91559999999976
7465,65.06460000000015
7466,63.25039999999963
7467,72.15300000000006
7468,65.95820000000006
7469,66.66779999999983
7470,64.6807999999999
7471,64.11559999999984
7472,66.6137999999996
7473,64.37486666666683
7474,70.00000000000016
7475,67.03139999999975
7476,67.38399999999967
7477,69.03559999999996
7478,65.3085999999997
7479,70.2187999999998
7480,64.89340000000017
7481,67.38519999999993
7482,66.62319999999987
7483,66.52059999999976
7484,65.54979999999976
7485,66.35980000000013
7486,65.68399999999966
7487,68.09379999999987
7488,63.348399999999806
7489,72.35739999999997
7490,64.76440000000034
7491,69.31839999999974
7492,69.28359999999998
7493,65.3401999999999
7494,66.00019999999994
7495,71.61119999999981
7496,60.67759999999975
7497,64.56940000000019
7498,66.85920000000002
7499,64.09719999999986
7500,63.81360000000036
7501,64.90480000000008
7502,67.34719999999962
7503,66.66319999999979
7504,65.53039999999986
7505,69.54900000000018
7506,71.66800000000006
7507,65.66419999999997
7508,72.56940000000012
7509,62.21960000000023
7510,67.41620000000027
7511,64.25980000000044
7512,73.65120000000002
7513,60.34720000000012
7514,70.30319999999988
7515,69.6198
7516,67.63714999999979
7517,68.14399999999989
7518,72.6791999999999
7519,65.4144000000001
7520,67.21399999999969
7521,63.00840000000043
7522,65.50459999999988
7523,68.64380000000008
7524,67.61599999999979
7525,66.37579999999977
7526,60.955599999999805
7527,64.6428
7528,65.27200000000008
7529,71.93500000000003
7530,71.6061999999999
7531,66.43519999999995
7532,63.31060000000023
7533,66.36839999999998
7534,66.22466666666679
7535,63.51139999999958
7536,63.51080000000033
7537,69.32300000000001
7538,65.0860000000001
7539,69.16339999999985
7540,67.69399999999959
7541,64.59240000000023
7542,65.7766000000001
7543,63.00679999999994
7544,64.7536000000001
7545,66.67580000000011
7546,64.55200000000023
7547,64.9862000000001
7548,63.70360000000034
7549,67.23579999999977
7550,65.01240000000007
7551,63.51600000000024
7552,63.21980000000027
7553,67.52699999999983
7554,75.72360000000012
7555,62.207999999999934
7556,65.27759999999986
7557,79.77895000000014
7558,67.24939999999992
7559,68.06479999999975
7560,65.6616000000002
7561,72.37940000000002
7562,64.87720000000006
7563,65.33999999999978
7564,65.42060000000012
7565,65.06160000000015
7566,66.92999999999991
7567,67.43559999999991
7568,66.81059999999982
7569,66.30539999999984
7570,58.90780000000035
7571,65.37080000000006
7572,67.10679999999975
7573,66.36219999999994
7574,64.77119999999978
7575,63.211200000000424
7576,64.47480000000003
7577,67.84720000000002
7578,65.47179999999967
7579,66.47659999999985
7580,64.51519999999975
7581,64.75859999999996
7582,65.46020000000003
7583,65.54159999999987
7584,64.3534
7585,64.98299999999976
7586,65.80780000000007
7587,64.39160000000028
7588,66.53239999999985
7589,66.67039999999986
7590,67.83599999999967
7591,72.31080000000006
7592,65.30959999999999
7593,62.91000000000037
7594,73.19399999999995
7595,70.64320000000026
7596,69.88480000000001
7597,70.18520000000005
7598,66.18639999999999
7599,66.66060000000007
7600,66.7601999999999
7601,64.49900000000001
7602,63.824199999999884
7603,67.43679999999995
7604,67.16999999999973
7605,68.02839999999996
7606,64.93079999999995
7607,72.85020000000009
7608,64.06573333333327
7609,62.70760000000046
7610,67.39599999999994
7611,65.41890000000026
7612,67.40779999999988
7613,63.378400000000305
7614,62.76280000000042
7615,64.40739999999997
7616,64.64520000000014
7617,64.32440000000018
7618,66.31120000000007
7619,63.23580000000039
7620,67.24859999999978
7621,69.42660000000005
7622,64.08319999999998
7623,64.11359999999985
7624,63.552199999999964
7625,64.45220000000015
7626,67.81179999999989
7627,63.6937999999999
7628,76.37733333333335
7629,67.44626666666656
7630,66.78319999999965
7631,67.59579999999974
7632,67.8044
7633,65.3352000000002
7634,62.85760000000002
7635,63.34180000000036
7636,59.303000000000374
7637,64.45740000000016
7638,70.9942
7639,63.90760000000024
7640,65.5677999999999
7641,70.09679999999997
7642,65.4716
7643,57.98990000000042
7644,66.07020000000021
7645,73.5056
7646,68.39119999999988
7647,65.1590000000003
7648,67.34279999999984
7649,80.98759999999986
7650,64.60079999999996
7651,64.51379999999996
7652,66.72979999999988
7653,63.97439999999999
7654,64.95860000000017
7655,69.31320000000008
7656,64.70580000000017
7657,68.02079999999985
7658,54.62060000000001
7659,65.15679999999968
7660,62.93864000000006
7661,62.821399999999755
7662,66.99020000000016
7663,63.42160000000006
7664,73.66140000000009
7665,65.00899999999984
7666,65.34120000000007
7667,65.39419999999986
7668,65.48359999999997
7669,61.460600000000014
7670,63.821400000000246
7671,68.60479999999998
7672,67.22419999999985
7673,62.55119999999958
7674,59.82680000000006
7675,69.03000000000006
7676,68.05359999999992
7677,63.73920000000024
7678,66.94106666666652
7679,62.97279999999993
7680,86.29159999999976
7681,61.5781999999998
7682,66.09840000000017
7683,65.5042000000002
7684,64.86739999999988
7685,63.18140000000045
7686,70.46659999999991
7687,63.55639999999968
7688,63.441800000000306
7689,66.15939999999999
7690,63.48219999999975
7691,64.68439999999983
7692,67.88479999999993
7693,66.11560000000019
7694,65.04779999999997
7695,62.77093333333363
7696,64.74340000000025
7697,66.58639999999983
7698,66.65059999999978
7699,64.28620000000019
7700,59.96799999999989
7701,69.07960000000001
7702,65.88539999999985
7703,65.49199999999983
7704,66.74499999999978
7705,71.67359999999988
7706,61.99099999999975
7707,61.35419999999984
7708,66.14039999999981
7709,65.62500000000009
7710,69.20989999999998
7711,66.00219999999979
7712,66.8959999999998
7713,65.11759999999994
7714,65.52359999999993
7715,68.19359999999989
7716,68.75079999999957
7717,68.45939999999968
7718,65.91359999999995
7719,64.37700000000004
7720,63.27259999999986
7721,65.11919999999988
7722,65.0061999999999
7723,63.61940000000013
7724,65.89860000000013
7725,60.99719999999959
7726,66.60219999999997
7727,63.53040000000042
7728,63.71239999999986
7729,65.73100000000017
7730,66.59459999999994
7731,68.7258
7732,65.59119999999987
7733,77.18219999999987
7734,66.41580000000002
7735,67.03439999999961
7736,64.54019999999994
7737,68.75959999999972
7738,69.79099999999971
7739,76.34839999999998
7740,64.26640000000013
7741,62.407399999999974
7742,65.47059999999979
7743,65.93459999999989
7744,64.61859999999984
7745,67.03239999999992
7746,65.35400000000018
7747,64.3013999999999
7748,65.48639999999966
7749,59.693800000000174
7750,65.87700000000024
7751,66.50840000000017
7752,65.94259999999991
7753,69.68500000000006
7754,61.42960000000001
7755,65.03979999999983
7756,70.1533999999999
7757,68.48299999999995
7758,62.77319999999966
7759,60.89200000000005
7760,70.31239999999994
7761,63.37600000000023
7762,57.59310333333335
7763,64.61340000000021
7764,65.27439999999979
7765,63.25819999999997
7766,67.15419999999989
7767,72.6436
7768,65.43320000000028
7769,67.32059999999994
7770,80.21899999999984
7771,60.490599999999674
7772,67.89439999999968
7773,77.70760000000007
7774,65.80539999999985
7775,66.54999999999991
7776,66.08900000000023
7777,72.89440000000016
7778,67.69859999999997
7779,63.43879999999976
7780,63.111199999999684
7781,71.46040000000018
7782,66.8973999999998
7783,69.13799999999988
7784,66.0344000000002
7785,71.3526
7786,65.25320000000008
7787,66.87079999999999
7788,65.37720000000019
7789,68.69239999999996
7790,63.97300000000002
7791,64.40860000000022
7792,68.01880000000008
7793,68.17439999999988
7794,64.42179999999992
7795,63.35880000000017
7796,66.28959999999968
7797,65.85679999999984
7798,64.33999999999986
7799,79.4676
7800,66.75719999999988
7801,64.30400000000006
7802,68.10440000000004
7803,61.46959999999996
7804,66.60179999999983
7805,72.03660000000005
7806,65.21600000000014
7807,81.58979999999983
7808,63.23820000000036
7809,67.12740000000001
7810,67.89660000000008
7811,68.53100000000005
7812,66.38580000000033
7813,65.38380000000004
7814,66.75319999999994
7815,63.272400000000324
7816,71.61819999999999
7817,63.845400000000225
7818,67.40959999999986
7819,64.9643999999998
7820,65.02360000000019
7821,70.08500000000008
7822,66.71040000000013
7823,73.14560000000012
7824,64.59499999999993
7825,66.3333999999998
7826,68.23759999999983
7827,64.63599999999983
7828,65.57919999999984
7829,73.71519999999977
7830,62.25700000000005
7831,59.735399999999636
7832,67.55100000000017
7833,65.5677999999999
7834,71.333
7835,69.1478
7836,65.79899999999996
7837,68.3689999999999
7838,69.61839999999992
7839,72.23179999999998
7840,66.56039999999994
7841,70.52659999999979
7842,64.49159999999978
7843,67.47159999999981
7844,72.64275238095266
7845,66.67239999999988
7846,69.73839999999986
7847,65.92739999999975
7848,61.54009999999996
7849,65.46919999999997
7850,70.0489999999998
7851,67.1280000000002
7852,67.64899999999997
7853,66.80679999999982
7854,66.44200000000009
7855,64.32860000000002
7856,63.04840000000046
7857,71.57440000000001
7858,70.89700000000015
7859,65.90799999999997
7860,64.69480000000004
7861,65.48080000000004
7862,77.1106000000001
7863,70.12279999999976
7864,67.8932
7865,64.21620000000009
7866,65.11800000000001
7867,67.49659999999997
7868,68.45326666666664
7869,67.07240000000006
7870,61.72759999999983
7871,63.892800000000214
7872,62.070399999999964
7873,67.04940000000009
7874,66.97399999999983
7875,64.64920000000028
7876,65.89900000000011
7877,64.37600000000016
7878,64.42499999999995
7879,68.46000000000005
7880,68.39819999999965
7881,65.37899999999983
7882,63.05600000000034
7883,66.56280000000004
7884,64.08366666666679
7885,63.84900000000003
7886,69.47420000000001
7887,66.51699999999991
7888,64.38299999999991
7889,65.6419999999999
7890,64.87479999999962
7891,66.76199999999992
7892,62.80359999999974
7893,63.847600000000035
7894,63.6662
7895,67.19960000000015
7896,64.24400000000041
7897,67.78519999999982
7898,61.85619999999976
7899,66.4057999999999
7900,67.1536
7901,65.64760000000007
7902,65.37600000000013
7903,64.165
7904,62.60820000000014
7905,67.93780000000002
7906,67.38320000000007
7907,62.72239999999964
7908,62.7429999999998
7909,76.22240000000001
7910,65.12280000000017
7911,67.58649999999989
7912,64.57759999999978
7913,64.84719999999984
7914,65.34479999999984
7915,64.61700000000026
7916,65.95579999999977
7917,67.17000000000006
7918,69.5502999999999
7919,69.6413999999998
7920,68.4135999999997
7921,66.34099999999992
7922,67.46300000000001
7923,65.80819999999989
7924,67.9964000000002
7925,63.36340000000037
7926,71.75633333333346
7927,67.24599999999995
7928,65.30259999999994
7929,68.68760000000016
7930,57.20260000000029
7931,65.55240000000009
7932,66.11329999999981
7933,66.60859999999998
7934,68.57499999999973
7935,68.7435999999999
7936,63.818199999999784
7937,66.93519999999988
7938,69.11480000000009
7939,64.37800000000028
7940,67.34759999999966
7941,65.3200000000001
7942,67.29479999999987
7943,65.31460000000007
7944,65.85239999999996
7945,68.50139999999982
7946,64.68479999999997
7947,65.64559999999972
7948,68.92400000000016
7949,72.14560000000003
7950,64.48960000000008
7951,66.83939999999963
7952,67.22720000000002
7953,65.7305999999998
7954,65.94240000000005
7955,65.84539999999996
7956,65.71660000000016
7957,67.17600000000002
7958,68.28419999999988
7959,71.38359999999986
7960,66.09560000000008
7961,70.01859999999999
7962,65.99759999999993
7963,67.34100000000008
7964,69.9648
7965,67.15660000000011
7966,65.0366
7967,70.93280000000007
7968,69.8505999999999
7969,65.43739999999994
7970,65.4679999999997
7971,67.2922000000003
7972,57.60280000000041
7973,66.55079999999973
7974,73.63939999999991
7975,67.07919999999976
7976,63.903800000000324
7977,66.40919999999991
7978,65.4149999999999
7979,64.32559999999994
7980,71.26219999999991
7981,65.58259999999983
7982,66.54959999999993
7983,68.7221999999998
7984,66.68459999999985
7985,56.25500000000005
7986,63.42419999999973
7987,71.93780000000024
7988,66.30999999999985
7989,67.33899999999998
7990,66.77339999999963
7991,76.61060000000025
7992,65.03500000000017
7993,62.72779999999962
7994,69.93459999999999
7995,59.368999999999886
7996,67.04799999999992
7997,63.91580000000023
7998,63.67659999999994
7999,66.05419999999991
8000,63.34040000000035
8001,66.60399999999996
8002,67.33539999999982
8003,66.2077999999998
8004,63.75299999999968
8005,62.83360000000019
8006,63.215200000000195
8007,79.22380000000015
8008,70.62160000000006
8009,64.95359999999974
8010,65.84739999999995
8011,65.5051999999998
8012,66.09628000000009
8013,66.51819999999978
8014,67.55920000000005
8015,66.17999999999991
8016,65.6224
8017,65.91700000000014
8018,60.69134999999969
8019,66.7215999999998
8020,63.578999999999965
8021,64.87219999999998
8022,66.2659999999997
8023,65.79679999999982
8024,70.56919999999997
8025,60.825400000000094
8026,66.39819999999975
8027,64.53019999999981
8028,63.92080000000022
8029,64.23339999999993
8030,71.03600000000013
8031,63.732800000000175
8032,66.50559999999993
8033,74.9866
8034,64.00719999999968
8035,69.02059999999985
8036,69.1986000000003
8037,65.83479999999955
8038,64.95539999999991
8039,65.08339999999978
8040,65.35419999999995
8041,67.23940000000003
8042,69.96199999999989
8043,68.36480000000012
8044,70.55700000000012
8045,63.790599999999586
8046,65.93780000000011
8047,66.83199999999977
8048,65.78420000000024
8049,66.02240000000033
8050,69.30940000000014
8051,65.66800000000005
8052,65.90319999999998
8053,71.42099999999985
8054,65.05879999999989
8055,65.81360000000006
8056,64.05859999999987
8057,69.53980000000007
8058,65.55039999999998
8059,67.0278000000002
8060,67.0445999999999
8061,64.78839999999977
8062,64.93040000000013
8063,63.11720000000042
8064,67.46879999999985
8065,64.70619999999977
8066,64.3360000000002
8067,67.25179999999992
8068,65.13079999999997
8069,67.15140000000025
8070,61.67000000000016
8071,64.61680000000001
8072,73.61520000000007
8073,65.40999999999991
8074,65.44980000000011
8075,63.51540000000025
8076,60.9935999999997
8077,68.52939999999998
8078,66.67480000000009
8079,62.649400000000185
8080,65.31040000000009
8081,65.85419999999999
8082,67.13820000000001
8083,73.95900000000015
8084,64.14560000000024
8085,64.21020000000047
8086,64.83899999999994
8087,62.696399999999784
8088,65.52899999999985
8089,64.29439999999984
8090,65.13680000000014
8091,67.95139999999994
8092,64.92240000000018
8093,63.5536000000002
8094,63.400200000000225
8095,66.03760000000021
8096,67.34899999999982
8097,65.52899999999975
8098,61.38453333333351
8099,64.23959999999984
8100,65.0489999999998
8101,66.21379999999994
8102,70.53579999999992
8103,64.79739999999987
8104,71.68880000000001
8105,81.72800000000002
8106,67.74120000000003
8107,71.00320000000002
8108,66.6643999999999
8109,66.00739999999993
8110,64.23900000000036
8111,66.17300000000014
8112,67.13639999999985
8113,65.24660000000023
8114,64.26539999999996
8115,64.42379999999994
8116,65.45660000000028
8117,71.4921999999997
8118,65.4517000000001
8119,66.49380000000006
8120,72.66059999999995
8121,69.13700000000021
8122,66.21739999999986
8123,64.94399999999969
8124,64.4149999999999
8125,66.19440000000019
8126,63.068000000000396
8127,63.134600000000304
8128,66.56359999999974
8129,69.29959999999997
8130,63.99520000000005
8131,77.41899999999997
8132,68.95260000000016
8133,64.25400000000008
8134,65.07660000000008
8135,69.14579999999997
8136,68.50299999999989
8137,65.74100000000006
8138,68.33780000000007
8139,60.66279999999995
8140,67.31720000000006
8141,66.26959999999995
8142,69.4622000000001
8143,65.94059999999979
8144,63.5750000000001
8145,63.73180000000039
8146,67.61559999999963
8147,64.0992
8148,57.070200000000256
8149,65.85500000000027
8150,65.70340000000026
8151,62.56106666666701
8152,62.94099999999971
8153,65.5521999999999
8154,71.44019999999999
8155,68.55940000000005
8156,70.56619999999995
8157,62.47079999999948
8158,65.33819999999972
8159,65.17099999999989
8160,65.48139999999985
8161,64.12159999999997
8162,73.59100000000002
8163,63.457199999999816
8164,64.1997999999998
8165,73.02279999999998
8166,67.89079999999993
8167,67.81899999999992
8168,67.53779999999973
8169,71.50320000000005
8170,63.28260000000043
8171,61.11160000000008
8172,68.18960000000001
8173,64.05240000000029
8174,65.52319999999996
8175,65.49239999999996
8176,65.56939999999982
8177,64.61480000000005
8178,69.28599999999993
8179,63.50820000000025
8180,71.56149999999991
8181,67.57240000000004
8182,74.34140000000008
8183,76.49939999999984
8184,66.61419999999981
8185,67.19359999999969
8186,63.47419999999968
8187,63.86040000000032
8188,65.29560000000002
8189,67.46479999999988
8190,63.26460000000024
8191,61.01659999999991
8192,73.72720000000024
8193,64.66719999999997
8194,66.78879999999982
8195,66.8354
8196,66.59633333333343
8197,62.69300000000028
8198,69.44700000000006
8199,69.24279999999995
8200,66.05479999999996
8201,59.02099999999967
8202,66.8243999999998
8203,63.14560000000014
8204,62.67839999999952
8205,65.82559999999988
8206,74.03640000000027
8207,63.68000000000024
8208,65.85059999999993
8209,67.65980000000003
8210,70.29260000000015
8211,62.9618000000004
8212,67.21760000000003
8213,66.54259999999962
8214,64.22859999999994
8215,59.51145000000018
8216,67.52319999999985
8217,65.97673333333316
8218,64.20980000000031
8219,66.36860000000007
8220,65.25660000000013
8221,74.32599999999975
8222,68.79239999999993
8223,65.74539999999983
8224,65.54660000000013
8225,65.43920000000013
8226,64.95920000000012
8227,62.88120000000038
8228,63.3212000000004
8229,68.93680000000005
8230,67.19179999999977
8231,66.32739999999974
8232,65.73739999999981
8233,62.85339999999992
8234,67.21639999999994
8235,67.23779999999972
8236,71.94040000000005
8237,65.83240000000005
8238,67.6560000000002
8239,66.74279999999983
8240,54.908379999999966
8241,63.5514000000004
8242,65.0544000000002
8243,64.88739999999994
8244,62.10839999999958
8245,65.91000000000031
8246,66.40319999999987
8247,67.53060000000012
8248,66.35139999999996
8249,67.93460000000005
8250,65.13619999999986
8251,65.67180000000015
8252,62.987000000000414
8253,67.24310000000004
8254,67.25980000000001
8255,66.42599999999958
8256,64.38219999999995
8257,62.71860000000036
8258,67.36360000000003
8259,64.64640000000013
8260,67.09020000000035
8261,67.58779999999986
8262,66.0753999999996
8263,66.44539999999982
8264,66.4623999999999
8265,63.12099999999968
8266,63.701800000000354
8267,63.253800000000204
8268,64.38440000000017
8269,64.83479999999987
8270,66.10539999999982
8271,65.80159999999994
8272,65.52079999999991
8273,66.25779999999992
8274,72.12460000000003
8275,69.26660000000001
8276,63.8996000000001
8277,68.4708000000001
8278,70.66359999999989
8279,73.61400000000005
8280,68.7675999999998
8281,64.17499999999974
8282,74.5924000000001
8283,68.17680000000006
8284,62.96580000000024
8285,65.77359999999992
8286,68.2577999999996
8287,67.0956000000001
8288,65.07740000000008
8289,68.5637999999999
8290,67.4726
8291,65.94519999999986
8292,64.69180000000007
8293,66.60100000000003
8294,69.64339999999982
8295,79.92519999999968
8296,69.65580000000004
8297,65.42159999999986
8298,67.07919999999994
8299,65.64660000000016
8300,67.07199999999993
8301,62.24679999999955
8302,64.14279999999987
8303,63.57820000000024
8304,65.82019999999997
8305,68.44339999999987
8306,63.09440000000037
8307,64.92979999999993
8308,66.28593333333325
8309,70.24679999999992
8310,69.41759999999981
8311,63.83499999999985
8312,67.07920000000003
8313,64.60359999999999
8314,65.603
8315,66.12880000000003
8316,66.41199999999995
8317,68.34919999999994
8318,69.46039999999978
8319,65.00179999999968
8320,66.0993999999998
8321,65.84820000000003
8322,62.51400000000036
8323,63.859800000000156
8324,68.3754000000001
8325,75.26979999999993
8326,62.923200000000165
8327,67.82620000000003
8328,69.03619999999998
8329,64.27939999999982
8330,62.822599999999866
8331,63.7422000000003
8332,65.01560000000003
8333,67.40500000000002
8334,62.8783333333336
8335,62.15440000000015
8336,68.56639999999985
8337,65.83300000000033
8338,70.59920000000005
8339,68.44619999999983
8340,60.941999999999844
8341,70.15760000000004
8342,65.09930000000021
8343,65.36779999999966
8344,66.14999999999984
8345,73.69820000000009
8346,67.6379999999998
8347,66.77339999999963
8348,64.65480000000001
8349,67.49499999999988
8350,67.39239999999984
8351,64.48640000000006
8352,65.58039999999981
8353,65.33440000000006
8354,65.99580000000016
8355,64.91680000000026
8356,62.03539999999998
8357,66.65780000000018
8358,65.45019999999992
8359,64.66359999999993
8360,63.23000000000044
8361,59.49499999999992
8362,66.56079999999984
8363,65.50740000000005
8364,70.57199999999987
8365,63.28779999999966
8366,66.10639999999985
8367,65.57300000000023
8368,66.30399999999989
8369,67.20780000000018
8370,77.49698333333328
8371,70.96200000000005
8372,60.035599999999675
8373,66.62880000000001
8374,63.17099999999995
8375,66.61579999999975
8376,65.35280000000014
8377,69.31520000000019
8378,70.32659999999989
8379,70.39220000000005
8380,63.436400000000205
8381,66.77459999999998
8382,68.4984
8383,66.01472000000008
8384,64.75540000000017
8385,63.209600000000385
8386,67.09259999999993
8387,63.82640000000035
8388,64.42019999999997
8389,66.63919999999996
8390,68.68220000000008
8391,67.66660000000023
8392,64.93040000000023
8393,74.72300000000018
8394,62.76840000000046
8395,66.60220000000008
8396,70.95139999999999
8397,69.67200000000012
8398,62.877400000000314
8399,63.43560000000031
8400,63.34320000000036
8401,65.64059999999984
8402,64.8478
8403,69.6534000000002
8404,68.47560000000011
8405,66.74040000000005
8406,72.61060000000022
8407,66.61760000000005
8408,74.19279999999999
8409,66.61873333333341
8410,64.6688
8411,64.30660000000023
8412,74.24599999999995
8413,65.63459999999974
8414,67.07200000000009
8415,75.44079999999998
8416,67.36419999999985
8417,58.44200000000008
8418,67.68159999999978
8419,68.63300000000002
8420,72.86599999999994
8421,67.21159999999998
8422,72.74910000000006
8423,66.07680000000019
8424,80.67300000000019
8425,68.20620000000002
8426,66.7042
8427,67.03919999999972
8428,62.88699999999992
8429,62.86999999999948
8430,60.117800000000145
8431,64.7310000000001
8432,67.71480000000003
8433,65.08175000000014
8434,66.85499999999989
8435,68.28180000000002
8436,64.70839999999986
8437,64.9555999999999
8438,67.18159999999993
8439,67.97799999999988
8440,64.32819999999977
8441,70.689
8442,71.6726
8443,71.08759999999995
8444,63.02880000000035
8445,68.71440000000014
8446,64.4298000000001
8447,68.45999999999975
8448,63.960600000000156
8449,66.65845999999993
8450,74.04620000000018
8451,66.41739999999974
8452,65.20279999999983
8453,66.22049999999992
8454,66.14559999999997
8455,66.65000000000005
8456,75.22100000000027
8457,66.65399999999991
8458,68.67120000000001
8459,73.90420000000022
8460,64.6126
8461,63.735600000000055
8462,65.6117999999999
8463,65.03520000000005
8464,67.0599999999997
8465,64.47240000000004
8466,65.4110000000002
8467,63.17679999999984
8468,67.34999999999987
8469,64.84020000000011
8470,61.498599999999705
8471,70.64039999999966
8472,68.72419999999983
8473,65.65040000000008
8474,67.87519999999992
8475,68.86960000000023
8476,71.47400000000022
8477,63.73780000000019
8478,64.59240000000003
8479,66.03599999999987
8480,66.1733999999998
8481,66.07239999999994
8482,64.57280000000024
8483,67.09770000000009
8484,64.80099999999993
8485,67.08000000000007
8486,67.94719999999975
8487,62.41079999999973
8488,64.90579999999984
8489,67.33240000000002
8490,69.08459999999991
8491,67.24040000000015
8492,65.8277999999999
8493,64.4363999999999
8494,66.50679999999969
8495,64.39900000000038
8496,63.53120000000013
8497,67.86599999999967
8498,64.10479999999981
8499,65.7822000000002
8500,61.35080000000027
8501,64.3666000000002
8502,64.89740000000002
8503,65.16039999999991
8504,67.58880000000005
8505,65.31
8506,65.34559999999985
8507,66.48919999999967
8508,67.07780000000012
8509,68.01839999999996
8510,63.999199999999774
8511,66.34240000000007
8512,67.56059999999964
8513,70.14300000000006
8514,69.52459999999986
8515,74.27179999999997
8516,63.83100000000001
8517,65.35139999999987
8518,66.7570999999998
8519,64.63980000000018
8520,68.37480000000023
8521,68.37459999999997
8522,62.31319999999992
8523,63.77860000000025
8524,63.552399999999665
8525,63.59500000000027
8526,64.0704
8527,70.84379999999989
8528,67.22325999999993
8529,69.00299999999984
8530,65.36239999999997
8531,67.0854
8532,68.94639999999985
8533,66.94419999999992
8534,62.88880000000011
8535,64.48220000000023
8536,66.3027999999998
8537,69.5543999999997
8538,66.86480000000003
8539,63.386199999999924
8540,64.31719999999997
8541,67.20419999999963
8542,67.4419999999999
8543,64.13560000000018
8544,66.48499999999999
8545,62.25279999999947
8546,65.53540000000032
8547,68.76379999999992
8548,66.61619999999976
8549,65.33140000000019
8550,69.74480000000004
8551,62.85152000000024
8552,62.905000000000236
8553,61.22680000000001
8554,65.93259999999988
8555,63.687200000000146
8556,65.77359999999989
8557,65.02359999999996
8558,75.50399999999999
8559,69.20059999999995
8560,71.32260000000021
8561,62.90020000000042
8562,69.33560000000014
8563,65.01419999999997
8564,67.05560000000003
8565,67.90580000000003
8566,70.269
8567,67.08139999999985
8568,67.45280000000004
8569,65.68559999999975
8570,66.60319999999975
8571,63.19640000000045
8572,69.47739999999993
8573,63.794400000000294
8574,67.73120000000009
8575,62.110999999999514
8576,66.4167999999999
8577,64.55932
8578,63.38819999999985
8579,59.23780000000011
8580,74.06539999999997
8581,66.99299999999987
8582,66.72359999999996
8583,63.47220000000045
8584,70.93639999999998
8585,64.92120000000024
8586,67.82199999999997
8587,67.58
8588,63.39840000000033
8589,67.27640000000014
8590,65.63619999999999
8591,62.79159999999963
8592,65.6134000000001
8593,64.55420000000028
8594,66.1172799999998
8595,64.58799999999991
8596,66.45620000000008
8597,68.98620000000018
8598,64.70539999999995
8599,69.46900000000004
8600,64.81380000000011
8601,60.14200000000023
8602,70.18879999999999
8603,66.79319999999996
8604,62.7602000000004
8605,72.9952
8606,63.85579999999984
8607,65.42040000000001
8608,63.19120000000023
8609,64.85599999999997
8610,62.36400000000005
8611,62.87900000000012
8612,68.28440000000005
8613,62.52119999999959
8614,67.10320000000004
8615,65.76239999999996
8616,64.80080000000007
8617,65.4448000000001
8618,70.09859999999989
8619,63.36060000000028
8620,68.48560000000008
8621,67.04199999999986
8622,65.49399999999994
8623,68.3485999999998
8624,64.54140000000005
8625,63.08620000000034
8626,63.01059999999965
8627,63.96799999999989
8628,61.62179999999998
8629,64.33740000000014
8630,64.86099999999993
8631,64.65780000000022
8632,67.19960000000013
8633,66.42379999999996
8634,66.00519999999986
8635,66.85359999999974
8636,63.0902000000003
8637,66.18620000000004
8638,69.78179999999978
8639,60.00880000000003
8640,65.18420000000015
8641,66.62720000000006
8642,67.00019999999995
8643,72.0579999999999
8644,63.198600000000326
8645,69.39019999999987
8646,66.95080000000003
8647,72.6725999999999
8648,68.29059999999994
8649,68.35800000000002
8650,66.51519999999998
8651,64.04100000000024
8652,65.13580000000016
8653,64.36659999999985
8654,66.87879999999996
8655,67.29620000000004
8656,62.80600000000029
8657,67.52579999999983
8658,71.46580000000002
8659,64.9279999999999
8660,65.88080000000015
8661,66.21319999999983
8662,65.82779999999975
8663,68.37024999999957
8664,63.81020000000028
8665,69.79459999999982
8666,64.89120000000017
8667,65.58793333333313
8668,63.29279999999982
8669,62.99740000000049
8670,66.99760000000003
8671,66.00239999999991
8672,75.43839999999992
8673,69.04679999999996
8674,64.08399999999997
8675,67.34253333333317
8676,66.3648000000001
8677,67.2071999999999
8678,64.43139999999997
8679,67.75739999999988
8680,65.60640000000012
8681,66.1592
8682,66.99460000000018
8683,66.61499999999981
8684,63.317599999999864
8685,64.38680000000016
8686,67.13440000000007
8687,67.66961333333316
8688,67.75540000000026
8689,67.81739999999999
8690,67.2976000000001
8691,67.39099999999983
8692,72.89220000000016
8693,65.96040000000008
8694,67.13539999999983
8695,65.22679999999995
8696,67.69059999999998
8697,67.4101999999999
8698,66.48219999999961
8699,62.911200000000306
8700,63.38860000000033
8701,66.9066000000001
8702,59.97779999999995
8703,60.01940000000004
8704,68.75739999999995
8705,65.64079999999996
8706,67.32690000000021
8707,64.59459999999979
8708,64.11780000000019
8709,60.98819999999991
8710,66.19180000000006
8711,57.80374944055945
8712,64.34179999999998
8713,65.64520000000022
8714,65.10859999999974
8715,64.36460000000018
8716,63.23780000000043
8717,66.01779999999978
8718,69.08065142857123
8719,65.16300000000035
8720,69.22699999999999
8721,80.85939999999994
8722,65.76660000000022
8723,63.545400000000235
8724,65.63220000000024
8725,64.45360000000016
8726,63.26739999999972
8727,65.22319999999982
8728,66.4274
8729,66.4693999999999
8730,69.08420000000002
8731,56.874800000000285
8732,67.3437999999999
8733,67.10900000000015
8734,62.490999999999865
8735,65.9245999999999
8736,65.94679999999968
8737,64.69899999999987
8738,69.90700000000004
8739,74.26839999999994
8740,63.02131999999986
8741,70.35829999999982
8742,63.53240000000032
8743,66.45499999999967
8744,63.613199999999715
8745,63.95720000000027
8746,63.8076000000002
8747,64.6603999999999
8748,66.86395333333316
8749,66.02299999999993
8750,66.5356000000002
8751,64.88799999999983
8752,66.60319999999984
8753,64.11039999999997
8754,66.9818
8755,64.4917999999999
8756,66.89300000000004
8757,63.91440000000033
8758,71.26199999999993
8759,66.86440000000003
8760,71.80760000000005
8761,69.45399999999974
8762,66.20620000000004
8763,64.66920000000012
8764,69.55819999999999
8765,65.5691999999997
8766,66.95299999999975
8767,64.47420000000025
8768,63.62160000000015
8769,62.8202000000004
8770,70.75360000000015
8771,64.54079999999992
8772,70.54499999999993
8773,65.14069999999981
8774,63.47959999999994
8775,67.09679999999986
8776,66.33739999999997
8777,63.76520000000026
8778,64.11270000000007
8779,63.90959999999984
8780,62.839600000000225
8781,63.793800000000104
8782,69.00480000000022
8783,65.10599999999992
8784,66.33279999999965
8785,68.35600000000022
8786,63.90340000000028
8787,62.927400000000276
8788,62.703200000000166
8789,63.63159999999998
8790,62.32620000000008
8791,67.59379999999976
8792,63.311000000000284
8793,63.94439999999978
8794,68.39339999999972
8795,78.29439999999994
8796,69.30739999999994
8797,69.87959999999998
8798,69.3964
8799,72.64460000000007
8800,62.81400000000044
8801,63.19660000000004
8802,66.15439999999995
8803,64.15300000000023
8804,63.77879999999987
8805,65.59980000000013
8806,66.43439999999993
8807,67.08859999999983
8808,68.36539999999987
8809,68.13540000000006
8810,64.17319999999997
8811,60.51119999999957
8812,67.52779999999986
8813,70.20579999999997
8814,62.834800000000385
8815,64.4292
8816,64.08240000000033
8817,65.07979999999992
8818,65.37019999999984
8819,64.54959999999986
8820,65.2008000000001
8821,64.5294000000003
8822,71.5342
8823,66.85799999999979
8824,74.43360000000001
8825,63.850400000000036
8826,75.61640000000007
8827,66.62760000000019
8828,66.0867999999999
8829,65.04559999999975
8830,66.76239999999997
8831,65.22620000000008
8832,67.81779999999998
8833,67.47260000000003
8834,63.40820000000023
8835,71.30659999999968
8836,65.25699999999982
8837,67.3119999999998
8838,69.83339999999984
8839,66.73380000000003
8840,65.59339999999986
8841,65.67760000000004
8842,64.53260000000022
8843,64.5642000000002
8844,63.35019999999981
8845,66.13419999999995
8846,67.63740000000006
8847,67.15979999999983
8848,70.33219999999987
8849,65.55599999999987
8850,63.29200000000028
8851,69.71899999999974
8852,66.89619999999974
8853,74.26100000000007
8854,63.14359999999953
8855,66.15059999999995
8856,68.48799999999977
8857,63.315000000000396
8858,68.67259999999987
8859,67.93120000000032
8860,60.62699999999987
8861,70.2326000000002
8862,65.7150000000001
8863,66.88839999999989
8864,64.78679999999974
8865,65.63820000000013
8866,65.91179999999999
8867,65.34699999999995
8868,73.68560000000004
8869,66.24739999999981
8870,63.46020000000002
8871,78.24020000000003
8872,65.5190000000001
8873,67.86979999999997
8874,65.00020000000025
8875,65.99899999999987
8876,63.33440000000015
8877,66.0194000000001
8878,66.91680000000008
8879,64.31060000000024
8880,65.99700000000009
8881,65.1191999999999
8882,67.82179999999998
8883,64.6286000000002
8884,63.586400000000246
8885,63.52440000000029
8886,74.4724000000001
8887,66.11840000000022
8888,62.340000000000245
8889,63.619400000000276
8890,63.630399999999874
8891,66.86440000000017
8892,69.39679999999981
8893,65.30100000000037
8894,67.19059999999973
8895,63.61439999999988
8896,66.12139999999991
8897,70.93539999999996
8898,71.4708
8899,63.869400000000326
8900,66.33139999999977
8901,66.59180000000002
8902,71.31739999999995
8903,65.1009999999999
8904,64.69659999999962
8905,67.74280000000007
8906,69.50539999999982
8907,67.50700000000006
8908,63.899399999999844
8909,67.8263999999997
8910,64.44479999999986
8911,68.50139999999978
8912,70.76459999999976
8913,63.732600000000325
8914,68.69639999999998
8915,69.4902000000003
8916,67.56139999999982
8917,67.68220000000004
8918,64.66980000000015
8919,60.99659999999999
8920,63.76339999999982
8921,65.26860000000035
8922,72.19900000000018
8923,71.12319999999993
8924,63.16300000000018
8925,69.23460000000013
8926,64.78359999999998
8927,66.34939999999986
8928,65.65419999999999
8929,62.88700000000043
8930,67.33040000000021
8931,63.53819999999961
8932,78.21699999999993
8933,63.84000000000037
8934,62.82200000000046
8935,66.62420000000002
8936,61.09199999999976
8937,65.87399999999967
8938,67.09899999999992
8939,64.52380000000035
8940,63.97539999999997
8941,65.00240000000016
8942,63.10660000000032
8943,64.61439999999975
8944,60.51599999999998
8945,66.48359999999985
8946,66.11599999999991
8947,72.47539999999988
8948,64.5086
8949,66.32419999999968
8950,71.76580000000006
8951,69.59519999999998
8952,63.46940000000032
8953,66.60760000000002
8954,64.01100000000024
8955,66.75004999999982
8956,64.09540000000001
8957,65.00299999999979
8958,63.43719999999995
8959,69.18939999999995
8960,66.54639999999974
8961,65.33430000000006
8962,67.22299999999981
8963,66.3616
8964,64.93979999999966
8965,60.9014
8966,64.45379999999997
8967,63.4316000000004
8968,68.36379999999981
8969,69.41659999999989
8970,65.26979999999995
8971,60.73979999999977
8972,68.7159999999999
8973,65.33159999999992
8974,67.49120000000002
8975,64.08580000000028
8976,67.12519999999991
8977,67.37900000000008
8978,69.20239999999998
8979,66.75764000000012
8980,65.67719999999998
8981,64.37460000000027
8982,64.38486666666672
8983,65.33120000000005
8984,66.20359999999981
8985,68.36399999999989
8986,64.23319999999984
8987,63.8219999999996
8988,62.86939999999999
8989,65.44019999999976
8990,64.03470000000031
8991,56.10272857142888
8992,66.87299999999983
8993,64.56739999999998
8994,68.56259999999999
8995,63.333400000000275
8996,65.2537999999999
8997,63.27319999999954
8998,62.2891999999998
8999,66.72319999999992
9000,66.24500000000002
9001,59.52720000000022
9002,67.55499999999995
9003,62.9115999999999
9004,64.09320000000038
9005,65.55860000000003
9006,65.68760000000017
9007,65.63039999999977
9008,66.26159999999986
9009,66.48880000000001
9010,64.84219999999972
9011,66.21219999999997
9012,68.58599999999996
9013,65.31360000000016
9014,68.24640000000002
9015,64.15860000000008
9016,64.39980000000024
9017,66.38299999999997
9018,64.50580000000024
9019,63.91319999999984
9020,67.1785999999999
9021,63.5312000000003
9022,65.94659999999996
9023,64.11239999999974
9024,64.43499999999983
9025,67.84040000000007
9026,59.75340000000002
9027,66.7719999999998
9028,63.537200000000304
9029,70.38059999999989
9030,67.56860000000005
9031,69.20819999999986
9032,67.81680000000023
9033,63.51199999999979
9034,62.87740000000035
9035,67.83240000000006
9036,54.60390666666668
9037,64.43390000000028
9038,66.55019999999965
9039,67.49985000000027
9040,68.42900000000003
9041,63.11280000000044
9042,70.48259999999998
9043,59.29899999999994
9044,72.25620000000033
9045,63.40000000000021
9046,70.4192000000002
9047,64.76080000000023
9048,63.50260000000033
9049,66.18259999999984
9050,63.2154000000003
9051,56.35432809523797
9052,67.11999999999975
9053,63.370400000000416
9054,66.14100000000002
9055,62.97079999999967
9056,66.59739999999962
9057,64.49759999999992
9058,63.41260000000023
9059,66.98259999999982
9060,64.78010000000008
9061,63.41860000000038
9062,67.03799999999998
9063,66.60839999999992
9064,67.43579999999987
9065,68.5320000000001
9066,70.51300000000002
9067,65.63980000000022
9068,69.93240000000003
9069,66.55700000000007
9070,67.27119999999978
9071,68.47739999999976
9072,64.50192000000025
9073,70.56099999999986
9074,67.7225999999997
9075,66.3235999999998
9076,72.04720000000009
9077,71.903
9078,68.03559999999989
9079,62.84259999999971
9080,67.25979999999984
9081,66.52260000000028
9082,65.89199999999973
9083,65.23119999999996
9084,65.21679999999974
9085,70.49019999999993
9086,71.30520000000026
9087,64.89200000000005
9088,63.99629999999988
9089,79.33740000000006
9090,62.14799999999982
9091,62.7805999999998
9092,60.90079999999975
9093,68.88280000000016
9094,63.60460000000015
9095,66.91699999999987
9096,67.98879999999986
9097,65.22299999999994
9098,67.38619999999986
9099,68.29780000000011
9100,64.74230000000027
9101,60.122200000000035
9102,68.70079999999984
9103,66.3646
9104,67.6647999999998
9105,68.09899999999968
9106,74.56096666666627
9107,63.34960000000034
9108,63.68940000000028
9109,72.1338000000002
9110,67.25540000000008
9111,63.78240000000026
9112,64.97620000000029
9113,71.89839999999982
9114,68.44880000000018
9115,66.14099999999995
9116,78.40920000000018
9117,63.087800000000385
9118,67.07240000000021
9119,63.356800000000284
9120,64.26440000000008
9121,64.20840000000005
9122,64.92779999999986
9123,64.27939999999988
9124,65.75880000000024
9125,65.58600000000008
9126,65.99440000000007
9127,69.5398000000001
9128,67.05339999999967
9129,67.93560000000006
9130,63.082800000000425
9131,65.39230000000005
9132,66.17399999999981
9133,60.19979999999964
9134,63.7888000000002
9135,66.53799999999991
9136,70.91740000000019
9137,65.10599999999981
9138,64.07820000000027
9139,69.90479999999997
9140,68.11820000000006
9141,64.14539999999981
9142,66.09540000000011
9143,66.4082000000002
9144,67.6507999999999
9145,66.66999999999976
9146,71.97280000000008
9147,66.78099999999998
9148,65.2790000000002
9149,66.76529999999985
9150,65.53319999999955
9151,67.49080000000009
9152,65.24860000000015
9153,65.95099999999994
9154,66.29120000000005
9155,70.48619999999984
9156,66.9027999999998
9157,62.874399999999994
9158,65.67319999999984
9159,57.059152380952774
9160,70.00940000000004
9161,63.92420000000013
9162,71.09879999999981
9163,70.73120000000016
9164,65.51759999999996
9165,64.3319999999996
9166,65.28239999999997
9167,62.08559999999988
9168,65.91179999999981
9169,63.72000000000022
9170,66.87499999999996
9171,64.11099999999995
9172,64.34519999999993
9173,66.3773999999998
9174,68.18660000000011
9175,71.2354
9176,63.638599999999876
9177,65.3497999999999
9178,64.75399999999986
9179,65.84439999999988
9180,63.03220000000034
9181,62.881200000000426
9182,64.15324000000003
9183,65.39620000000016
9184,64.62899999999992
9185,67.91619999999992
9186,68.10799999999982
9187,65.91179999999977
9188,65.54559999999996
9189,63.17520000000037
9190,66.71279999999972
9191,66.85240000000015
9192,65.42120000000033
9193,73.11800000000007
9194,66.10239999999985
9195,63.586600000000075
9196,63.03959999999963
9197,63.033600000000426
9198,62.22360000000026
9199,66.89519999999983
9200,66.51759999999996
9201,65.16960000000016
9202,65.46300000000001
9203,67.34299999999989
9204,67.23300000000005
9205,68.76899999999978
9206,67.50740000000036
9207,67.17319999999995
9208,64.98805000000011
9209,59.925200000000004
9210,65.2343999999997
9211,65.90119999999999
9212,71.04160000000007
9213,66.0118000000001
9214,66.20039999999985
9215,65.72540000000018
9216,71.13019999999969
9217,66.86859999999967
9218,63.50239999999974
9219,68.57060000000023
9220,73.10179999999995
9221,68.54780000000007
9222,69.65899999999992
9223,68.89899999999992
9224,68.48559999999972
9225,65.1788000000001
9226,69.24739999999993
9227,62.15459999999965
9228,66.25999999999975
9229,70.29359999999994
9230,64.2940000000003
9231,67.80659999999978
9232,65.44960000000012
9233,63.81680000000034
9234,64.30139999999993
9235,65.50400000000003
9236,63.19219999999989
9237,64.11040000000003
9238,69.45480000000009
9239,67.70560000000015
9240,66.29039999999995
9241,67.77959999999996
9242,69.42679999999987
9243,69.87959999999985
9244,65.1445000000002
9245,66.26406666666645
9246,65.28100000000002
9247,64.18660000000025
9248,63.47999999999997
9249,66.01820000000022
9250,61.85807333333335
9251,65.02960000000003
9252,69.60899999999994
9253,65.88560000000003
9254,65.67079999999989
9255,64.87960000000001
9256,70.4732
9257,69.24380000000023
9258,67.56400000000006
9259,63.35080000000036
9260,65.1483999999999
9261,64.84660000000025
9262,64.91120000000012
9263,69.87559999999992
9264,66.93559999999988
9265,76.94400000000014
9266,66.28260000000012
9267,74.43880000000024
9268,68.37100000000001
9269,65.8049999999995
9270,65.83919999999985
9271,68.39019999999987
9272,66.60559999999984
9273,63.765400000000135
9274,66.72879999999972
9275,69.90559999999999
9276,64.03980000000016
9277,65.40700000000007
9278,73.42799999999988
9279,62.145200000000074
9280,72.0244
9281,63.74420000000025
9282,65.1221999999999
9283,60.35779999999997
9284,68.5795999999998
9285,65.5325000000003
9286,66.37079999999985
9287,67.58259999999984
9288,62.018800000000205
9289,81.24560000000012
9290,64.23000000000017
9291,66.17880000000014
9292,69.78920000000004
9293,65.66619999999985
9294,67.64880000000008
9295,66.06920000000014
9296,65.26679999999998
9297,64.20959999999998
9298,67.48579999999998
9299,63.65480000000013
9300,67.26000000000006
9301,63.59700000000022
9302,63.72260000000038
9303,68.82160000000005
9304,64.81719999999989
9305,65.11240000000012
9306,67.87840000000017
9307,68.10979999999992
9308,67.32379999999992
9309,67.17760000000017
9310,66.57500000000024
9311,72.62079999999982
9312,64.66579999999993
9313,66.14859999999973
9314,65.16999999999992
9315,63.45340000000044
9316,66.26899999999998
9317,68.07660000000006
9318,57.884133333333274
9319,65.95179999999968
9320,60.12180000000033
9321,66.76139999999984
9322,75.84980000000003
9323,68.84360000000004
9324,63.33039999999986
9325,65.98319999999997
9326,65.37740000000024
9327,64.30220000000007
9328,64.67710000000025
9329,63.35820000000037
9330,64.20819999999999
9331,75.98380000000006
9332,63.2263999999996
9333,67.42899999999992
9334,64.37859999999996
9335,64.6036
9336,66.78239999999971
9337,64.68879999999993
9338,65.34679999999989
9339,70.36859999999989
9340,64.49340000000007
9341,60.218047380952235
9342,62.28040000000015
9343,66.00839999999965
9344,63.02340000000034
9345,69.81759999999989
9346,68.0946
9347,65.44920000000003
9348,68.60680000000002
9349,69.32739999999978
9350,65.95060000000018
9351,66.32919999999987
9352,64.38999999999996
9353,70.91820000000004
9354,65.57079999999992
9355,64.13120000000002
9356,62.82600000000031
9357,76.14039999999996
9358,74.45740000000009
9359,65.51136666666667
9360,69.95379999999996
9361,66.62759999999965
9362,68.77339999999982
9363,64.49699999999996
9364,65.70940000000009
9365,67.3962
9366,65.53580000000008
9367,68.48520000000006
9368,65.31379999999973
9369,64.69820000000024
9370,63.90639999999978
9371,62.481600000000405
9372,64.47660000000002
9373,63.58659999999975
9374,65.97560000000003
9375,66.49839999999993
9376,64.83500000000028
9377,68.09784999999978
9378,64.7340000000002
9379,69.64119999999984
9380,67.4542000000002
9381,65.7664000000004
9382,70.83119999999995
9383,65.44460000000021
9384,65.00600000000034
9385,66.82939999999995
9386,65.6033000000002
9387,65.08720000000007
9388,64.9099999999998
9389,63.25159999999983
9390,65.923
9391,65.59279999999977
9392,65.73799999999963
9393,64.0461999999997
9394,71.2696
9395,66.39559999999994
9396,64.84060000000017
9397,66.24359999999994
9398,64.74659999999979
9399,67.69279999999985
9400,69.95060000000005
9401,66.05079999999978
9402,66.52560000000007
9403,69.58040000000004
9404,56.0982800000003
9405,60.2637999999999
9406,66.55739999999975
9407,66.10159999999968
9408,62.60300000000035
9409,69.95820000000006
9410,75.28299999999977
9411,67.65579999999994
9412,64.25219999999996
9413,64.24239999999992
9414,65.74339999999975
9415,66.4095999999998
9416,58.6440333333337
9417,69.76499999999983
9418,73.93100000000004
9419,66.71600000000015
9420,65.5322
9421,67.11679999999988
9422,66.4878
9423,66.16600000000005
9424,69.67439999999985
9425,66.65819999999974
9426,63.868000000000166
9427,65.7832000000001
9428,65.52999999999999
9429,65.3716
9430,64.7666000000001
9431,66.31479999999995
9432,67.21820000000018
9433,70.9079999999999
9434,67.50020000000019
9435,63.3888000000001
9436,64.16939999999995
9437,65.04579999999972
9438,63.97919999999977
9439,63.41419999999979
9440,62.78660000000045
9441,68.27500000000009
9442,66.91559999999973
9443,63.11419999999967
9444,66.09799999999991
9445,66.19399999999978
9446,64.64120000000018
9447,65.29140000000004
9448,64.09940000000027
9449,65.34800000000003
9450,71.05299999999997
9451,74.58600000000001
9452,63.5361999999998
9453,65.66289999999978
9454,71.76759999999993
9455,64.96019999999973
9456,64.03140000000015
9457,64.4002000000001
9458,66.77560000000007
9459,65.4851999999998
9460,65.2628000000002
9461,70.43260000000022
9462,66.28899999999986
9463,66.43840000000012
9464,63.35320000000019
9465,66.61879999999968
9466,66.33899999999986
9467,65.30040000000022
9468,66.05579999999976
9469,61.13079999999992
9470,63.02640000000042
9471,64.6954000000002
9472,66.71020000000007
9473,67.89600000000021
9474,68.42220000000002
9475,63.41080000000039
9476,61.79910000000037
9477,71.83239999999994
9478,66.05020000000012
9479,63.17099999999949
9480,66.7253999999998
9481,66.58640000000004
9482,64.51140000000024
9483,65.06819999999983
9484,72.13500000000018
9485,72.8546
9486,73.43859999999991
9487,65.46199999999979
9488,78.25199999999984
9489,66.56639999999975
9490,67.95040000000031
9491,63.82100000000022
9492,64.39379999999979
9493,67.48399999999995
9494,67.56039999999985
9495,72.97640000000007
9496,67.64480000000019
9497,63.876199999999834
9498,63.01899999999954
9499,63.56420000000033
9500,64.78446666666659
9501,65.99199999999988
9502,63.72179999999952
9503,65.3709999999996
9504,70.07539999999979
9505,65.72440000000027
9506,65.27879999999979
9507,65.85020000000023
9508,64.70240000000021
9509,66.83680000000011
9510,73.10659999999999
9511,63.941799999999674
9512,68.83260000000024
9513,66.77739999999997
9514,66.10139999999997
9515,64.83320000000026
9516,66.03460000000003
9517,62.58539999999964
9518,67.30724999999977
9519,66.20939999999965
9520,64.52199999999999
9521,67.34379999999975
9522,61.967799999999926
9523,66.54331999999992
9524,66.10419999999985
9525,63.06020000000009
9526,64.38159999999979
9527,72.09400000000004
9528,68.48379999999993
9529,71.3994000000003
9530,66.63939999999964
9531,68.61339999999996
9532,67.71500000000006
9533,63.49459999999959
9534,67.1149999999999
9535,63.78693333333338
9536,66.3912
9537,64.67179999999989
9538,64.68359999999976
9539,69.20220000000006
9540,64.37600000000003
9541,66.40720000000015
9542,64.42080000000013
9543,69.65919999999983
9544,66.70579999999968
9545,71.20119999999991
9546,70.31840000000011
9547,63.6329999999998
9548,62.48839999999974
9549,63.7981999999997
9550,82.51519999999968
9551,64.56719999999981
9552,75.52359999999977
9553,66.5249999999997
9554,66.48039999999986
9555,63.763000000000076
9556,65.0213999999998
9557,65.14559999999994
9558,64.60760000000012
9559,67.7040000000001
9560,65.89459999999984
9561,66.94519999999979
9562,62.752000000000464
9563,65.08400000000017
9564,64.20680000000021
9565,65.37340000000029
9566,65.2861999999999
9567,64.54760000000013
9568,66.2324
9569,66.97820000000006
9570,65.67440000000022
9571,67.03159999999987
9572,65.80939999999995
9573,71.05119999999987
9574,62.861400000000195
9575,65.42300000000004
9576,68.88299999999994
9577,59.79099999999983
9578,67.5240000000001
9579,66.78759999999966
9580,65.32719999999972
9581,63.64260000000041
9582,62.71980000000004
9583,63.45379999999979
9584,65.64659999999989
9585,68.70519999999972
9586,64.59780000000019
9587,65.72340000000008
9588,61.505000000000166
9589,65.79460000000003
9590,69.88939999999968
9591,63.30240000000012
9592,62.226799999999486
9593,64.90179999999981
9594,65.84259999999982
9595,63.40599999999971
9596,63.38299999999981
9597,69.01979999999979
9598,67.22539999999957
9599,66.13639999999997
9600,71.02639999999984
9601,65.95319999999998
9602,68.26359999999971
9603,71.50640000000006
9604,66.13739999999972
9605,70.93680000000012
9606,67.92299999999967
9607,64.66759999999984
9608,60.41400000000006
9609,66.417
9610,65.08499999999988
9611,71.22620000000015
9612,64.70760000000031
9613,63.311399999999814
9614,64.19120000000002
9615,68.15799999999979
9616,72.02870000000011
9617,77.1375999999999
9618,69.04439999999992
9619,62.6922000000004
9620,71.26159999999985
9621,64.25540000000042
9622,66.79180000000005
9623,66.81600000000012
9624,63.43200000000018
9625,66.29840000000013
9626,67.80100000000007
9627,61.26399999999989
9628,67.30279999999979
9629,67.14600000000023
9630,65.04559999999984
9631,64.15779999999974
9632,69.82099999999978
9633,66.47539999999972
9634,70.55850000000027
9635,76.9174
9636,66.976
9637,65.64120000000001
9638,61.64820000000006
9639,66.60860000000014
9640,68.5063999999998
9641,63.3834000000003
9642,67.90359999999987
9643,66.21139999999995
9644,66.36480000000006
9645,63.867399999999705
9646,67.77219999999983
9647,68.85439999999993
9648,64.2992000000002
9649,62.79100000000018
9650,64.69880000000032
9651,66.7282000000001
9652,63.802599999999764
9653,65.0186000000001
9654,65.6603999999999
9655,65.9823999999999
9656,64.50899999999987
9657,65.2918
9658,62.986000000000224
9659,63.20260000000027
9660,63.07299999999958
9661,66.91160000000006
9662,64.0351999999998
9663,65.33039999999983
9664,67.21939999999995
9665,64.2500000000001
9666,63.8784000000002
9667,66.54010000000012
9668,67.78719999999979
9669,62.862400000000456
9670,63.49339999999981
9671,64.21860000000021
9672,66.48039999999988
9673,65.48119999999976
9674,72.26119999999997
9675,68.17139999999989
9676,74.59060000000015
9677,66.61159999999984
9678,77.62760000000011
9679,65.34000000000009
9680,64.47399999999993
9681,63.85419999999983
9682,69.8254000000001
9683,66.77500000000012
9684,66.55620000000005
9685,73.9024
9686,66.7770000000002
9687,66.13339999999988
9688,68.85120000000028
9689,80.94499999999987
9690,63.7500000000003
9691,71.72039999999997
9692,64.35160000000036
9693,64.28280000000001
9694,68.83979999999997
9695,63.22939999999971
9696,64.65520000000001
9697,67.25679999999969
9698,62.19060000000002
9699,66.50620000000015
9700,64.52480000000024
9701,64.61440000000002
9702,65.51080000000012
9703,66.7914
9704,65.71379999999989
9705,65.12100000000002
9706,63.6965999999999
9707,67.69079999999991
9708,65.40679999999993
9709,69.14439999999968
9710,67.6082000000001
9711,82.24999999999976
9712,66.14699999999986
9713,65.54980000000013
9714,54.70408000000001
9715,63.12180000000034
9716,63.01059999999995
9717,62.966400000000334
9718,65.61099999999992
9719,74.13099999999964
9720,66.32159999999985
9721,70.35140000000024
9722,74.3410000000001
9723,56.91620000000038
9724,64.28459999999993
9725,66.77039999999995
9726,63.03420000000041
9727,65.77440000000018
9728,63.09740000000036
9729,65.23720000000014
9730,64.13359999999987
9731,66.1008000000001
9732,67.01640000000002
9733,65.95339999999992
9734,62.88280000000036
9735,64.90140000000044
9736,62.77540000000034
9737,64.98740000000004
9738,63.28260000000038
9739,62.87159999999953
9740,64.42000000000014
9741,64.94219999999974
9742,64.8126
9743,64.63410000000032
9744,66.37019999999977
9745,65.27159999999992
9746,62.34460000000007
9747,65.7028
9748,70.54059999999987
9749,65.90139999999998
9750,65.2218000000001
9751,72.89200000000025
9752,63.59880000000014
9753,61.629399999999855
9754,66.89319999999991
9755,63.59120000000012
9756,66.39279999999995
9757,64.66280000000019
9758,65.30019999999976
9759,65.56519999999969
9760,65.17720000000003
9761,66.28679999999986
9762,64.19640000000018
9763,69.18419999999988
9764,64.63920000000024
9765,65.07700000000015
9766,66.49439999999981
9767,73.4269999999999
9768,65.61840000000011
9769,65.78299999999986
9770,63.49639999999953
9771,66.1535999999996
9772,60.01359999999997
9773,71.85200000000005
9774,64.98340000000005
9775,66.51439999999982
9776,66.09480000000003
9777,76.27419999999945
9778,64.64459999999995
9779,67.95620000000007
9780,63.22559999999983
9781,73.58100000000016
9782,66.77999999999983
9783,64.32119999999999
9784,70.13020000000014
9785,61.297199999999656
9786,63.51420000000043
9787,66.55900000000001
9788,62.89960000000006
9789,68.87360000000024
9790,66.39919999999975
9791,71.99560000000004
9792,64.2508
9793,64.37459999999997
9794,67.81080000000013
9795,65.56300000000017
9796,74.56980000000013
9797,65.80759999999992
9798,60.88779999999977
9799,68.94579999999993
9800,67.35900000000015
9801,61.18939999999992
9802,69.9500000000001
9803,64.36940000000003
9804,64.93660000000003
9805,65.84060000000018
9806,67.5214000000001
9807,64.62939999999988
9808,65.6044
9809,65.09100000000011
9810,64.91259999999974
9811,65.58840000000008
9812,63.075200000000365
9813,64.98900000000008
9814,66.40839999999989
9815,68.67340000000011
9816,74.03149999999968
9817,66.12979999999972
9818,73.15200000000006
9819,68.13659999999994
9820,65.02440000000014
9821,64.39400000000025
9822,61.82719999999986
9823,67.07320000000009
9824,63.472400000000306
9825,65.0084000000001
9826,65.15619999999994
9827,69.33319999999998
9828,67.64439999999996
9829,64.01940000000005
9830,58.45190000000037
9831,67.47700000000007
9832,65.46959999999982
9833,66.40510000000023
9834,64.18400000000021
9835,65.41080000000014
9836,66.96233999999977
9837,66.13800000000019
9838,56.20129333333323
9839,64.56380000000024
9840,66.39719999999991
9841,64.48920000000005
9842,63.14519999999971
9843,67.78640000000004
9844,70.1094000000001
9845,66.97360000000005
9846,70.96500000000012
9847,74.97840000000001
9848,65.71079999999971
9849,63.369999999999926
9850,66.81180000000009
9851,66.70560000000008
9852,69.91220000000008
9853,65.32380000000025
9854,65.66460000000002
9855,68.98920000000014
9856,64.81659999999994
9857,68.0599999999998
9858,67.14620000000012
9859,66.40620000000004
9860,65.60100000000028
9861,67.5182000000003
9862,66.97819999999967
9863,57.09265463203442
9864,62.75959999999969
9865,66.15559999999995
9866,63.794199999999975
9867,64.98659999999994
9868,64.22840000000001
9869,68.62635000000019
9870,72.37240000000001
9871,65.35780000000008
9872,66.08359999999975
9873,62.98539999999992
9874,72.22299999999971
9875,66.5783999999999
9876,67.88099999999994
9877,64.94160000000021
9878,64.15880000000041
9879,64.4668000000002
9880,62.23453333333343
9881,73.98660000000007
9882,66.67459999999996
9883,66.32479999999977
9884,65.9197999999998
9885,63.50800000000033
9886,70.52780000000018
9887,63.61840000000039
9888,66.70919999999992
9889,63.02040000000043
9890,65.81420000000004
9891,66.88039999999988
9892,69.11800000000001
9893,66.64140000000036
9894,64.7879999999999
9895,71.73159999999993
9896,66.5341999999998
9897,75.97499999999994
9898,61.92819999999992
9899,62.94860000000041
9900,65.60460000000015
9901,66.44580000000002
9902,68.86460000000002
9903,66.26499999999997
9904,75.96800000000002
9905,63.15664000000015
9906,65.175
9907,66.79079999999995
9908,67.1504
9909,63.007799999999776
9910,66.005
9911,67.48980000000014
9912,68.71619999999986
9913,66.66660000000005
9914,62.50139999999986
9915,63.857000000000255
9916,71.80459999999995
9917,66.42800000000004
9918,71.96780000000014
9919,64.27040000000008
9920,78.94699999999996
9921,63.81719999999975
9922,68.92559999999987
9923,65.73799999999984
9924,65.16939999999958
9925,65.96880000000004
9926,67.2129999999999
9927,62.79140000000004
9928,63.57620000000029
9929,66.15705000000004
9930,68.09000000000005
9931,66.08599999999994
9932,64.85090000000017
9933,64.7194
9934,66.09339999999979
9935,70.48339999999982
9936,66.93859999999988
9937,65.95179999999988
9938,67.82439999999974
9939,67.00719999999966
9940,63.86940000000003
9941,70.52619999999996
9942,64.33160000000022
9943,66.55699999999987
9944,69.61499999999974
9945,66.45839999999987
9946,65.84179999999988
9947,63.07040000000033
9948,65.77100000000016
9949,65.89120000000018
9950,63.4295999999996
9951,71.39839999999995
9952,65.56239999999985
9953,64.44440000000017
9954,64.02880000000032
9955,66.42599999999987
9956,70.75940000000014
9957,64.9042000000001
9958,66.79319999999983
9959,63.91880000000036
9960,66.3525999999998
9961,67.84239999999986
9962,65.83180000000003
9963,67.76699999999991
9964,63.88599999999974
9965,66.38699999999994
9966,62.90360000000046
9967,67.37819999999982
9968,66.39119999999974
9969,64.93919999999997
9970,67.89159999999983
9971,65.8379999999997
9972,65.7312000000003
9973,68.14419999999993
9974,69.90659999999998
9975,62.95119999999968
9976,65.7032000000001
9977,65.88559999999995
9978,64.4120000000002
9979,66.20159999999981
9980,64.53040000000001
9981,62.974799999999945
9982,63.759099999999776
9983,63.20720000000037
9984,63.94540000000022
9985,64.11800000000001
9986,65.38599999999985
9987,64.85460000000023
9988,68.62120000000002
9989,75.62920000000013
9990,67.23706000000003
9991,68.93659999999977
9992,71.62260000000019
9993,65.67740000000008
9994,69.70540000000014
9995,64.57520000000021
9996,65.82679999999964
9997,64.22639999999964
9998,64.00060000000006
9999,65.40600000000042
10000,56.08171333333317
10001,64.34200000000003
10002,67.71260000000005
10003,63.33300000000037
10004,68.55619999999988
10005,64.1789999999999
10006,64.29559999999995
10007,68.25299999999993
10008,62.98069999999985
10009,64.4513999999999
10010,70.69060000000013
10011,71.35839999999988
10012,66.60679999999978
10013,58.762200000000284
10014,65.30300000000041
10015,69.96720000000023
10016,68.88219999999998
10017,67.45839999999998
10018,69.68219999999992
10019,66.9855999999997
10020,68.13659999999983
10021,65.41960000000009
10022,66.05540000000003
10023,69.7477999999999
10024,63.437799999999555
10025,69.65940000000005
10026,64.87720000000022
10027,63.149000000000456
10028,63.10260000000044
10029,66.00059999999971
10030,66.22539999999982
10031,64.31640000000039
10032,64.46680000000026
10033,63.663799999999625
10034,75.44759999999995
10035,66.53359999999988
10036,64.36399999999998
10037,64.00640000000003
10038,64.68300000000002
10039,79.8798000000001
10040,64.59980000000017
10041,64.09339999999997
10042,66.86519999999987
10043,64.86659999999995
10044,66.75040000000025
10045,66.01040000000008
10046,65.45219999999996
10047,62.77620000000015
10048,65.43959999999987
10049,72.83639999999998
10050,72.32500000000003
10051,68.81899999999989
10052,64.71479999999993
10053,64.1802
10054,62.867400000000245
10055,66.56680000000007
10056,67.23479999999981
10057,66.53939999999982
10058,65.08779999999979
10059,67.43120000000006
10060,67.10139999999994
10061,65.89079999999974
10062,63.58380000000039
10063,66.16079999999994
10064,67.47339999999994
10065,63.14539999999967
10066,67.87299999999995
10067,66.98039999999983
10068,66.54280000000001
10069,66.08759999999994
10070,65.29400000000011
10071,60.16640000000035
10072,66.34920000000001
10073,65.95180000000009
10074,72.84479999999989
10075,65.90479999999955
10076,66.20840000000007
10077,75.28340000000001
10078,65.0070000000003
10079,66.3043999999999
10080,66.94300000000004
10081,68.45380000000016
10082,59.036200000000186
10083,65.24960000000023
10084,69.5938000000001
10085,70.66180000000013
10086,61.87540000000013
10087,66.53239999999991
10088,75.7700000000002
10089,66.39819999999983
10090,64.61600000000011
10091,62.910399999999825
10092,70.00559999999986
10093,65.5739999999999
10094,63.80540000000035
10095,63.67960000000006
10096,64.62180000000006
10097,64.36359999999993
10098,68.39759999999991
10099,66.207
10100,54.23808642857146
10101,63.12639999999968
10102,65.84000000000007
10103,69.54860000000015
10104,64.25399999999996
10105,61.627799999999816
10106,73.03720000000003
10107,64.73730000000015
10108,65.14079999999989
10109,64.55760000000024
10110,68.26740000000022
10111,68.99119999999995
10112,73.18139999999993
10113,62.70880000000026
10114,68.42200000000008
10115,71.04960000000024
10116,71.9504000000001
10117,66.9777999999998
10118,69.70679999999984
10119,64.94399999999989
10120,64.42820000000007
10121,66.7976
10122,64.13880000000029
10123,66.70619999999985
10124,66.01380000000007
10125,59.80580000000008
10126,66.93179999999973
10127,64.63219999999998
10128,64.2664000000002
10129,71.57980000000009
10130,61.09699999999988
10131,74.91859999999981
10132,68.16559999999983
10133,68.41459999999984
10134,65.98809999999995
10135,68.21820000000001
10136,69.25119999999994
10137,65.79079999999992
10138,65.9969999999996
10139,67.2952
10140,64.68299999999996
10141,64.45709999999968
10142,65.54759999999983
10143,63.22940000000046
10144,68.85199999999985
10145,68.24639999999985
10146,67.50619999999968
10147,62.77160000000028
10148,69.0087999999999
10149,63.33280000000007
10150,64.9405999999998
10151,66.03280000000002
10152,69.74779999999998
10153,67.13999999999987
10154,66.29059999999969
10155,65.3343999999998
10156,66.81839999999988
10157,64.28880000000001
10158,68.97319999999998
10159,60.58200000000023
10160,69.49899999999992
10161,65.3253999999999
10162,65.55960000000009
10163,66.68879999999972
10164,65.83759999999978
10165,66.4277999999998
10166,71.01280000000006
10167,64.7796000000001
10168,66.12459999999987
10169,65.1666000000002
10170,65.86539999999991
10171,54.087450000000004
10172,67.74879999999985
10173,65.53280000000024
10174,64.3923999999999
10175,67.33419999999994
10176,65.42980000000031
10177,67.54799999999993
10178,69.09379999999983
10179,65.48189999999992
10180,66.39359999999989
10181,66.17420000000001
10182,64.36919999999962
10183,64.80119999999992
10184,59.83659999999957
10185,74.73360000000014
10186,68.63880000000003
10187,64.49
10188,63.967200000000226
10189,62.91040000000043
10190,63.552000000000355
10191,64.92199999999984
10192,65.4458
10193,63.1934000000003
10194,65.47399999999992
10195,67.36179999999997
10196,58.125800000000396
10197,69.7284000000002
10198,65.11920000000012
10199,70.70999999999985
10200,67.16200000000008
10201,64.36880000000023
10202,66.39139999999999
10203,68.73379999999985
10204,65.79939999999995
10205,69.31900000000023
10206,73.94920000000005
10207,72.86880000000005
10208,63.98119999999994
10209,71.26200000000003
10210,63.652599999999794
10211,65.25269999999989
10212,62.81580000000038
10213,64.31880000000028
10214,69.17451999999977
10215,63.98960000000032
10216,64.58059999999982
10217,67.90500000000006
10218,78.84860000000019
10219,65.07020000000007
10220,66.16940000000004
10221,65.50380000000024
10222,64.6974000000002
10223,66.70579999999997
10224,63.15780000000046
10225,66.96460000000003
10226,65.6699999999998
10227,62.86639999999957
10228,65.9107666666667
10229,65.52639999999995
10230,64.08879999999986
10231,67.5135999999999
10232,67.01980000000005
10233,69.15680000000015
10234,63.06620000000025
10235,81.40720000000013
10236,67.29889999999978
10237,64.49639999999978
10238,67.21199999999972
10239,55.879000000000225
10240,77.18140000000015
10241,68.51360000000007
10242,63.75680000000018
10243,72.98420000000017
10244,68.82359999999994
10245,65.38199999999985
10246,68.09260000000005
10247,59.92240000000004
10248,63.918000000000276
10249,65.8235999999999
10250,69.23599999999992
10251,70.12520000000015
10252,69.78219999999976
10253,68.02880000000003
10254,63.06679999999956
10255,66.7029999999999
10256,65.32959999999986
10257,68.32979999999995
10258,62.67519999999974
10259,66.10880000000004
10260,64.07259999999994
10261,71.46560000000004
10262,63.3024000000004
10263,69.3808
10264,62.71500000000026
10265,66.78119999999991
10266,64.87320000000014
10267,77.23699999999991
10268,66.84739999999995
10269,70.50919999999982
10270,66.27699999999992
10271,65.92260000000012
10272,67.4624666666664
10273,65.9373999999997
10274,71.24339999999994
10275,64.45439999999988
10276,57.24740000000014
10277,64.32239999999982
10278,64.29480000000001
10279,68.67019999999991
10280,70.46739999999993
10281,60.27499999999969
10282,63.59799999999947
10283,66.43319999999984
10284,66.47899999999971
10285,68.6185999999997
10286,64.5496
10287,66.42639999999972
10288,66.58119999999984
10289,66.26260000000009
10290,64.03110000000005
10291,67.95060000000011
10292,71.14425000000004
10293,66.92799999999993
10294,62.77480000000048
10295,64.6202500000003
10296,63.5305999999997
10297,68.5387999999999
10298,67.13869999999993
10299,64.17939999999984
10300,68.23920000000014
10301,68.1972000000001
10302,63.611800000000244
10303,64.64260000000004
10304,73.13780000000021
10305,66.16419999999995
10306,66.30220000000003
10307,64.24959999999984
10308,60.410399999999875
10309,64.77359999999962
10310,66.02300000000007
10311,65.03360000000006
10312,66.22199999999977
10313,67.05590000000011
10314,63.56219999999988
10315,64.97520000000019
10316,65.14160000000007
10317,76.00460000000014
10318,64.45639999999996
10319,66.95139999999986
10320,68.41140000000004
10321,67.64480000000027
10322,64.52719999999974
10323,64.34639999999995
10324,67.00106666666633
10325,68.11979999999994
10326,64.6576
10327,68.18059999999996
10328,66.72899999999989
10329,64.77580000000003
10330,68.14700000000043
10331,63.50120000000039
10332,65.86479999999996
10333,64.31380000000024
10334,64.45339999999995
10335,57.52660000000033
10336,76.13439999999997
10337,64.6307999999999
10338,63.72319999999989
10339,67.18979999999975
10340,65.35839999999995
10341,62.9230666666669
10342,71.11739999999999
10343,67.10780000000003
10344,64.33019999999985
10345,64.87260000000016
10346,64.38239999999988
10347,67.93939999999996
10348,66.96980000000009
10349,68.03979999999962
10350,65.40319999999976
10351,63.56720000000029
10352,61.029199999999605
10353,54.64925333333334
10354,67.3904999999999
10355,68.51119999999995
10356,65.18600000000019
10357,63.616466666666454
10358,65.00680000000006
10359,63.972599999999915
10360,64.30000000000024
10361,63.88520000000028
10362,67.52880000000022
10363,63.80620000000032
10364,68.86179999999983
10365,64.69560000000028
10366,68.21099999999976
10367,68.34520000000002
10368,67.24679999999998
10369,68.60759999999989
10370,71.84939999999999
10371,63.079399999999985
10372,66.37159999999963
10373,66.48459999999962
10374,67.15099999999983
10375,66.07339999999982
10376,65.90920000000028
10377,67.50299999999996
10378,83.24859999999987
10379,64.24899999999988
10380,75.27899999999984
10381,68.29219999999971
10382,65.53920000000015
10383,64.75340000000023
10384,62.988400000000446
10385,66.35659999999993
10386,66.88140000000007
10387,67.32639999999985
10388,69.10459999999993
10389,64.86400000000003
10390,66.73960000000004
10391,63.74020000000032
10392,64.9629999999998
10393,70.57059999999998
10394,68.44059999999962
10395,68.44479999999976
10396,67.07699999999996
10397,72.62340000000033
10398,69.43680000000012
10399,65.05907999999985
10400,68.50479999999975
10401,76.13100000000016
10402,64.94100000000012
10403,63.36020000000022
10404,64.70859999999969
10405,66.18359999999971
10406,66.17459999999967
10407,61.25379999999987
10408,65.8412
10409,64.02960000000026
10410,60.37279999999991
10411,63.075400000000265
10412,65.03760000000013
10413,65.20059999999994
10414,63.23399999999957
10415,66.62999999999975
10416,72.6222
10417,63.70380000000041
10418,65.98300000000016
10419,66.57859999999985
10420,67.64020000000033
10421,68.54080000000012
10422,67.38299999999977
10423,66.62319999999998
10424,66.3724
10425,69.77079999999968
10426,64.19460000000028
10427,65.95200000000018
10428,64.9480000000002
10429,64.90040000000023
10430,70.47120000000001
10431,65.0304
10432,62.64440000000035
10433,66.60639999999984
10434,63.174400000000375
10435,64.21139999999988
10436,66.50900000000003
10437,66.1834000000002
10438,65.72139999999979
10439,65.63779999999976
10440,66.93960000000014
10441,65.45760000000007
10442,63.273600000000286
10443,68.06139999999999
10444,63.17900000000029
10445,67.85439999999986
10446,71.36459999999994
10447,66.5518
10448,62.83780000000038
10449,64.00339999999981
10450,68.9393999999998
10451,66.95459999999997
10452,66.46599999999997
10453,65.64029999999968
10454,65.01719999999995
10455,66.88179999999986
10456,65.67650000000008
10457,61.47080000000001
10458,63.817600000000446
10459,68.89639999999999
10460,68.33599999999993
10461,63.97220000000026
10462,64.08279999999996
10463,69.05359999999986
10464,67.56639999999992
10465,68.86859999999982
10466,59.13699999999984
10467,66.62540000000007
10468,64.74060000000028
10469,62.85239999999957
10470,63.8901999999999
10471,71.0766
10472,66.84019999999994
10473,64.10779999999998
10474,62.72200000000035
10475,67.9892499999999
10476,63.1475999999999
10477,67.67859999999978
10478,66.36679999999998
10479,65.8879999999999
10480,66.59199999999973
10481,65.42920000000015
10482,60.61179999999978
10483,65.16619999999998
10484,63.94400000000018
10485,65.3356000000002
10486,61.44399999999987
10487,66.37520000000005
10488,74.80940000000024
10489,66.59780000000005
10490,67.51560000000023
10491,74.5118000000001
10492,64.71899999999992
10493,64.60959999999994
10494,65.6056000000001
10495,66.98399999999978
10496,66.13460000000016
10497,65.21420000000025
10498,64.55460000000015
10499,64.53159999999998
10500,71.23300000000005
10501,63.62400000000023
10502,67.31859999999978
10503,70.47419999999984
10504,67.66419999999981
10505,64.1966000000001
10506,70.91900000000001
10507,64.81659999999972
10508,66.59060000000018
10509,64.83479999999993
10510,66.80600000000007
10511,63.297800000000315
10512,67.81399999999994
10513,64.21119999999992
10514,61.485400000000006
10515,65.85600000000015
10516,64.1106000000003
10517,66.64060000000003
10518,65.29260000000002
10519,64.82199999999996
10520,68.68959999999996
10521,69.14960000000002
10522,65.57759999999993
10523,64.39719999999987
10524,64.88500000000013
10525,63.39580000000007
10526,63.916200000000266
10527,67.51580000000006
10528,77.82259999999995
10529,68.24879999999965
10530,66.17770000000002
10531,67.33860000000001
10532,72.08500000000015
10533,77.83140000000023
10534,66.37080000000012
10535,71.85620000000009
10536,67.05119999999981
10537,65.33639999999995
10538,62.835000000000456
10539,67.66119999999988
10540,63.245600000000294
10541,65.67739999999986
10542,67.93839999999977
10543,64.30019999999992
10544,65.77879999999996
10545,67.44340000000021
10546,67.7853999999999
10547,65.67960000000025
10548,64.77280000000015
10549,65.94279999999996
10550,66.08859999999989
10551,63.959000000000216
10552,67.61499999999998
10553,82.2005999999999
10554,67.69440000000004
10555,62.73760000000034
10556,66.3581999999998
10557,69.78360000000023
10558,68.33979999999973
10559,68.3
10560,64.96979999999984
10561,65.80359999999972
10562,68.57669999999999
10563,67.94959999999993
10564,60.612399999999965
10565,63.31160000000022
10566,66.16460000000006
10567,67.54479999999965
10568,62.71559999999996
10569,69.26639999999992
10570,70.2456
10571,66.42100000000006
10572,63.11420000000017
10573,65.71300000000014
10574,65.15699999999988
10575,66.10320000000033
10576,66.59519999999983
10577,74.44799999999995
10578,63.45800000000022
10579,63.6414000000002
10580,64.71540000000006
10581,63.431599999999996
10582,74.52279999999995
10583,67.7417999999998
10584,64.3337999999999
10585,63.95380000000032
10586,62.24580000000018
10587,65.53699999999981
10588,63.2752000000002
10589,65.39360000000026
10590,63.25680000000012
10591,66.5064
10592,68.13219999999991
10593,53.57279999999974
10594,62.26619999999978
10595,64.70239999999986
10596,63.233600000000344
10597,65.29159999999978
10598,65.84359999999984
10599,62.479000000000134
10600,65.31439999999985
10601,66.93539999999986
10602,63.35340000000026
10603,65.52379999999988
10604,67.02620000000013
10605,65.62460000000026
10606,77.03139999999999
10607,73.7788
10608,61.6384499999998
10609,67.2201999999999
10610,59.11000000000027
10611,65.3086000000002
10612,63.7592999999997
10613,65.3865999999999
10614,65.59300000000003
10615,64.16740000000004
10616,70.39639999999984
10617,66.60119999999982
10618,64.03940000000023
10619,66.8089999999999
10620,66.60999999999997
10621,64.40640000000022
10622,71.48440000000002
10623,74.20559999999986
10624,63.06280000000041
10625,63.377000000000194
10626,68.85059999999997
10627,69.13620000000012
10628,69.64600000000014
10629,65.10559999999973
10630,64.9655999999999
10631,62.80080000000036
10632,67.69760000000016
10633,72.46557857142837
10634,65.61280000000005
10635,66.01419999999996
10636,65.51919999999991
10637,68.11399999999985
10638,63.27060000000028
10639,66.34300000000013
10640,65.45620000000014
10641,67.72740000000009
10642,73.81959999999987
10643,66.45686666666667
10644,64.55539999999996
10645,70.37379999999959
10646,66.92580000000004
10647,80.15759999999986
10648,66.5932
10649,67.60439999999966
10650,65.74760000000002
10651,73.06520000000005
10652,68.60240000000019
10653,65.2700000000003
10654,64.22700000000003
10655,66.0290000000001
10656,62.170600000000114
10657,65.27380000000004
10658,66.4177999999998
10659,64.95210000000026
10660,63.1328400000003
10661,69.02019999999997
10662,81.70480000000022
10663,74.96340000000001
10664,64.96319999999992
10665,63.86739999999996
10666,68.1498
10667,73.70800000000007
10668,65.20100000000023
10669,68.59819999999999
10670,68.61639999999996
10671,72.20360000000014
10672,64.05800000000033
10673,66.25660000000003
10674,69.95720000000017
10675,69.12580000000007
10676,64.72179999999987
10677,64.5081999999999
10678,68.38299999999974
10679,64.13880000000016
10680,69.68703999999971
10681,65.28220000000033
10682,71.92500000000007
10683,68.2456
10684,64.33579999999996
10685,72.14679999999997
10686,67.16179999999977
10687,65.85880000000013
10688,79.24539999999995
10689,78.72380000000008
10690,69.56599999999975
10691,66.24399999999974
10692,64.98680000000009
10693,66.06040000000012
10694,64.37300000000006
10695,72.0536000000001
10696,63.651066666666914
10697,63.353600000000014
10698,64.0288000000003
10699,66.01640000000015
10700,68.25279999999995
10701,63.8021000000001
10702,63.329000000000356
10703,63.40480000000043
10704,60.42980000000027
10705,65.92139999999989
10706,67.02559999999981
10707,65.31739999999981
10708,69.8998
10709,64.97720000000014
10710,63.30960000000038
10711,66.14099999999995
10712,64.70620000000007
10713,65.27259999999991
10714,70.98979999999997
10715,65.0963999999998
10716,72.88820000000001
10717,66.39799999999973
10718,66.7728000000001
10719,65.95099999999988
10720,68.53539999999997
10721,64.54280000000004
10722,67.46799999999975
10723,65.76019999999974
10724,65.51969999999999
10725,64.09800000000001
10726,65.78319999999988
10727,75.05420000000022
10728,65.10019999999992
10729,66.60939999999991
10730,66.51059999999984
10731,65.86980000000005
10732,66.95899999999966
10733,65.76160000000002
10734,59.13679999999982
10735,67.72740000000009
10736,68.9641999999998
10737,63.66520000000026
10738,71.2583999999999
10739,67.20299999999988
10740,64.60760000000023
10741,67.44259999999979
10742,67.8926
10743,64.29179999999984
10744,65.7700000000002
10745,63.1397999999997
10746,64.77940000000025
10747,62.808400000000326
10748,67.51999999999992
10749,65.85380000000004
10750,63.05640000000025
10751,71.3192000000001
10752,64.61540000000021
10753,66.07460000000007
10754,63.344800000000404
10755,64.5055999999999
10756,72.00339999999996
10757,68.32119999999983
10758,65.57839999999996
10759,63.1610000000004
10760,69.63480000000015
10761,65.4944000000001
10762,69.87080000000009
10763,75.52220000000041
10764,65.84880000000027
10765,66.31739999999985
10766,66.47040000000034
10767,66.0268000000001
10768,67.9033999999998
10769,64.74660000000002
10770,64.7320000000002
10771,66.73699999999997
10772,67.77699999999997
10773,63.25860000000029
10774,75.35379999999984
10775,64.00099999999969
10776,66.71819999999957
10777,56.35432809523797
10778,72.22560000000021
10779,70.90180000000001
10780,64.18540000000012
10781,59.85960000000006
10782,65.83639999999981
10783,64.47379999999986
10784,65.24559999999998
10785,64.78866666666686
10786,68.83499999999997
10787,65.93000000000005
10788,63.12899999999954
10789,63.97659999999969
10790,65.9736000000001
10791,65.59019999999981
10792,67.40399999999993
10793,63.04420000000013
10794,65.96300000000038
10795,68.07419999999995
10796,64.54260000000019
10797,61.559000000000374
10798,64.85680000000013
10799,64.6132666666665
10800,63.15779999999957
10801,65.23967999999992
10802,75.96019999999974
10803,68.29339999999995
10804,66.14739999999999
10805,63.590200000000294
10806,62.488799999999664
10807,65.67140000000005
10808,64.95280000000015
10809,68.41239999999985
10810,66.54719999999986
10811,64.87945000000003
10812,65.33500000000002
10813,62.944000000000244
10814,69.6511999999999
10815,55.227229285714195
10816,67.69779999999994
10817,65.00340000000018
10818,65.66780000000004
10819,59.6428000000002
10820,65.97559999999993
10821,62.261000000000074
10822,62.628400000000354
10823,67.97180000000017
10824,64.19240000000023
10825,66.28259999999983
10826,69.60879999999995
10827,67.86550000000008
10828,66.61660000000008
10829,64.73399999999997
10830,74.53620000000001
10831,66.7082000000001
10832,64.73479999999996
10833,66.86580000000001
10834,67.14619999999981
10835,60.379599999999726
10836,74.56096666666627
10837,65.40159999999979
10838,69.90240000000001
10839,64.7568
10840,64.42700000000015
10841,69.06179999999995
10842,64.97420000000014
10843,69.5635999999999
10844,66.91559999999978
10845,67.3000000000001
10846,66.46769999999995
10847,74.45220000000015
10848,65.92859999999992
10849,63.269400000000196
10850,67.53480000000002
10851,68.526
10852,63.12159999999979
10853,66.06779999999983
10854,65.63560000000007
10855,67.88000000000004
10856,68.08679999999957
10857,66.06699999999991
10858,64.56320000000017
10859,69.60480000000011
10860,68.29859999999975
10861,65.70380000000019
10862,67.71780000000028
10863,63.885600000000345
10864,67.5453999999996
10865,63.708799999999634
10866,65.53420000000017
10867,71.57759999999999
10868,65.81359999999981
10869,64.35819999999994
10870,66.64700000000008
10871,65.18639999999975
10872,64.15880000000003
10873,67.10979999999982
10874,65.57240000000007
10875,63.981399999999944
10876,65.77879999999978
10877,65.28359999999998
10878,64.3996
10879,63.58320000000029
10880,64.15220000000033
10881,66.70540000000011
10882,68.0095999999999
10883,61.19539999999977
10884,66.42819999999983
10885,63.9122000000001
10886,65.98039999999972
10887,66.78919999999995
10888,61.127000000000145
10889,67.0494000000001
10890,66.06659999999998
10891,68.07459999999985
10892,71.73260000000022
10893,68.59179999999978
10894,54.66025000000003
10895,62.838
10896,66.5243499999999
10897,66.75499999999987
10898,64.39699999999999
10899,67.50420000000001
10900,67.27320000000003
10901,64.32480000000004
10902,81.52719999999982
10903,64.31180000000002
10904,74.51379999999956
10905,61.23460000000001
10906,67.35340000000006
10907,64.04659999999987
10908,65.30619999999995
10909,65.36079999999981
10910,62.90340000000038
10911,64.59380000000021
10912,67.1623999999999
10913,67.8222000000002
10914,65.4828000000002
10915,66.20660000000007
10916,67.0921999999998
10917,64.43959999999993
10918,67.16072000000017
10919,67.01619999999987
10920,64.35660000000011
10921,65.31760000000023
10922,67.77939999999981
10923,64.83920000000047
10924,62.296400000000034
10925,64.26219999999991
10926,79.64860000000002
10927,64.82359999999986
10928,68.38340000000002
10929,63.81940000000041
10930,62.657800000000464
10931,66.3102
10932,66.87559999999998
10933,67.01239999999997
10934,65.72099999999993
10935,66.0171999999999
10936,66.80580000000006
10937,70.99600000000007
10938,64.45940000000017
10939,66.70040000000009
10940,63.94840000000002
10941,63.209600000000236
10942,72.8188
10943,67.26100000000007
10944,68.61659999999988
10945,63.30120000000031
10946,66.08740000000016
10947,64.37420000000006
10948,62.89822000000022
10949,64.23460000000021
10950,64.84399999999991
10951,62.841400000000085
10952,70.90580000000006
10953,74.87860000000019
10954,64.33690000000024
10955,64.04189999999998
10956,64.6411999999998
10957,66.31599999999987
10958,66.0527999999999
10959,66.61799999999987
10960,65.75559999999987
10961,67.61019999999999
10962,67.36979999999966
10963,68.85700000000007
10964,64.26880000000021
10965,63.28800000000011
10966,64.29320000000027
10967,64.49379999999991
10968,71.6924000000001
10969,66.64519999999989
10970,69.69779999999987
10971,68.69099999999996
10972,64.23503333333329
10973,65.22019999999992
10974,59.86040000000004
10975,64.10620000000019
10976,66.73199999999979
10977,65.00680000000007
10978,64.67840000000027
10979,67.45479999999995
10980,64.44080000000042
10981,68.58960000000015
10982,66.81999999999981
10983,73.24340000000001
10984,60.217599999999926
10985,65.00000000000003
10986,62.84840000000044
10987,66.12566666666675
10988,64.34120000000003
10989,62.02559999999965
10990,64.52399999999999
10991,69.07160000000017
10992,66.88140000000004
10993,63.72279999999976
10994,64.97899999999977
10995,68.44979999999961
10996,60.40339999999996
10997,65.96640000000029
10998,67.75579999999977
10999,63.88720000000039
11000,71.49760000000006
11001,68.55380000000004
11002,64.53020000000019
11003,67.14879999999988
11004,67.06879999999985
11005,81.07500000000003
11006,65.74180000000013
11007,63.179000000000315
11008,65.31120000000011
11009,66.74573333333326
11010,63.14820000000037
11011,69.08780000000002
11012,73.907
11013,73.04840000000024
11014,72.65199999999994
11015,68.68879999999996
11016,67.96360000000018
11017,67.50879999999988
11018,71.02879999999985
11019,63.05280000000042
11020,66.08479999999962
11021,64.01679999999996
11022,65.7612000000001
11023,64.53880000000031
11024,65.9623999999998
11025,65.28099999999996
11026,67.14339999999977
11027,65.01100000000011
11028,67.57279999999996
11029,73.89060000000013
11030,66.63740000000016
11031,67.10859999999978
11032,65.72360000000009
11033,66.64799999999977
11034,63.948200000000185
11035,65.51879999999994
11036,64.33059999999998
11037,64.6064
11038,64.65780000000022
11039,62.80940000000039
11040,66.64799999999994
11041,65.36500000000004
11042,67.11139999999983
11043,76.32079999999986
11044,66.71540000000006
11045,65.27020000000003
11046,59.61000000000004
11047,64.22380000000003
11048,62.881600000000425
11049,67.23780000000025
11050,64.73019999999951
11051,79.35979999999992
11052,65.63199999999979
11053,67.04779999999992
11054,66.30419999999998
11055,70.1544000000001
11056,64.52259999999998
11057,63.54900000000003
11058,65.93939999999964
11059,63.34159999999991
11060,63.521600000000255
11061,63.17720000000016
11062,65.72459999999994
11063,65.07059999999994
11064,76.52100000000019
11065,66.20906666666656
11066,62.871000000000464
11067,64.76266666666628
11068,67.10799999999976
11069,67.01600000000009
11070,66.27159999999992
11071,66.8953999999998
11072,66.10359999999964
11073,65.42219999999978
11074,65.1824000000002
11075,62.56639999999962
11076,65.94879999999996
11077,67.03600000000014
11078,64.57279999999999
11079,66.64999999999985
11080,67.17420000000013
11081,69.21419999999992
11082,65.37160000000017
11083,64.14680000000018
11084,63.22199999999961
11085,69.15899999999974
11086,63.40280000000026
11087,64.2625999999996
11088,63.8715200000002
11089,81.29960000000015
11090,64.42399999999975
11091,68.6125999999998
11092,63.58900000000019
11093,66.80320000000027
11094,70.26939999999986
11095,67.41869999999972
11096,65.18250000000029
11097,66.00520000000002
11098,67.44059999999979
11099,64.77919999999997
11100,66.1797999999999
11101,63.896299999999854
11102,63.19499999999982
11103,64.01120000000023
11104,65.6259999999998
11105,63.98439999999968
11106,66.6770000000001
11107,66.98239999999973
11108,59.816000000000045
11109,66.7204
11110,64.79759999999995
11111,64.07459999999979
11112,63.83300000000001
11113,64.44600000000015
11114,72.54340000000028
11115,64.27120000000032
11116,66.75060000000012
11117,63.47180000000036
11118,65.92320000000001
11119,67.6165999999997
11120,67.76380000000003
11121,65.6444
11122,62.88199999999997
11123,63.74780000000026
11124,66.29340000000022
11125,73.30600000000001
11126,67.21879999999989
11127,66.07969999999983
11128,69.75240000000002
11129,65.70620000000007
11130,65.45679999999999
11131,66.72979999999998
11132,65.63340000000018
11133,68.33640000000001
11134,66.14179999999988
11135,64.24620000000004
11136,67.82139999999995
11137,62.0834000000002
11138,66.48540000000001
11139,62.95379999999999
11140,68.77259999999983
11141,63.492400000000316
11142,65.24119999999985
11143,67.38119999999991
11144,64.28384000000004
11145,67.53279999999988
11146,66.77980000000018
11147,64.52379999999994
11148,66.06040000000003
11149,66.00479999999989
11150,63.7859999999999
11151,79.28479999999978
11152,64.78980000000008
11153,59.16139999999997
11154,66.04019999999977
11155,66.99979999999998
11156,68.86099999999993
11157,69.16399999999999
11158,64.08500000000012
11159,64.00740000000005
11160,65.64279999999972
11161,63.50520000000031
11162,64.6685999999998
11163,61.97420000000029
11164,69.0814000000001
11165,66.92499999999987
11166,73.30880000000003
11167,63.98540000000018
11168,65.6408000000004
11169,63.451200000000306
11170,63.36759999999982
11171,68.28379999999977
11172,65.19139999999993
11173,66.88999999999974
11174,67.2335999999999
11175,64.39600000000004
11176,70.53619999999995
11177,70.12539999999994
11178,64.80740000000024
11179,68.4104000000002
11180,65.402
11181,66.36699999999999
11182,63.65100000000038
11183,62.48879999999947
11184,68.2026000000003
11185,66.08579999999965
11186,68.86820000000027
11187,63.11460000000019
11188,70.53259999999999
11189,69.76479999999988
11190,65.09560000000012
11191,65.68260000000002
11192,65.3736000000001
11193,65.51000000000019
11194,65.68660000000004
11195,63.747600000000276
11196,64.8394
11197,69.83119999999978
11198,68.15840000000006
11199,67.02259999999988
11200,66.01059999999956
11201,65.87819999999988
11202,64.93379999999976
11203,66.04220000000002
11204,66.84359999999984
11205,66.24900000000007
11206,64.9626000000002
11207,65.38540000000017
11208,64.5774
11209,72.73439999999998
11210,65.09820000000026
11211,63.848000000000134
11212,70.15259999999952
11213,64.82019999999986
11214,65.59820000000008
11215,65.59320000000034
11216,62.58459999999967
11217,67.25619999999996
11218,74.54699999999985
11219,63.86620000000008
11220,65.08520000000014
11221,64.56080000000007
11222,63.22519999999969
11223,65.5271999999999
11224,64.58319999999993
11225,64.34180000000022
11226,61.883800000000114
11227,68.05739999999982
11228,65.61179999999973
11229,65.49319999999986
11230,65.23979999999995
11231,67.47919999999976
11232,67.76339999999993
11233,62.46319999999953
11234,64.72200000000022
11235,67.70160000000013
11236,64.25339999999991
11237,64.25620000000019
11238,67.99500000000025
11239,67.17899999999976
11240,69.72579999999957
11241,63.53500000000037
11242,68.5894
11243,64.00400000000033
11244,63.727999999999966
11245,69.66280000000003
11246,68.20000000000013
11247,67.07520000000001
11248,65.72860000000016
11249,73.91119999999982
11250,64.94100000000022
11251,62.61060000000029
11252,66.6686
11253,65.84439999999974
11254,63.15560000000042
11255,69.19840000000015
11256,62.677199999999516
11257,65.9893999999998
11258,66.06200000000011
11259,66.49359999999987
11260,65.26099999999985
11261,64.26820000000029
11262,69.23179999999991
11263,64.76700000000018
11264,68.29220000000002
11265,63.656500000000385
11266,63.39019999999981
11267,65.32020000000007
11268,63.31759999999985
11269,64.69679999999977
11270,67.70686666666653
11271,73.02639999999997
11272,64.3194000000001
11273,62.5091999999999
11274,67.10619999999967
11275,68.5801999999999
11276,65.75859999999997
11277,67.72919999999974
11278,68.9275999999999
11279,66.63540000000013
11280,67.95959999999997
11281,54.70977706349209
11282,63.95799999999999
11283,66.50159999999997
11284,65.3894
11285,67.09920000000017
11286,66.99480000000014
11287,66.10199999999992
11288,71.38959999999965
11289,65.92699999999982
11290,66.13700000000021
11291,64.30559999999993
11292,65.56539999999993
11293,66.84539999999977
11294,63.38260000000044
11295,67.02579999999985
11296,65.4956
11297,60.67699999999974
11298,65.88089999999958
11299,63.52300000000005
11300,64.61639999999987
11301,68.76920000000004
11302,65.39939999999983
11303,67.82840000000007
11304,64.18960000000018
11305,64.74419999999989
11306,71.82100000000005
11307,68.45640000000006
11308,63.85660000000026
11309,63.16079999999982
11310,82.03740000000015
11311,72.18500000000006
11312,64.13759999999995
11313,66.29039999999965
11314,66.97740000000009
11315,68.82440000000003
11316,66.67740000000005
11317,70.17039999999992
11318,63.51040000000046
11319,64.15260000000002
11320,64.03860000000029
11321,64.13619999999977
11322,66.99880000000003
11323,63.65540000000033
11324,62.58759999999957
11325,68.14739999999993
11326,66.27499999999989
11327,67.55679999999977
11328,66.01619999999991
11329,71.63519999999991
11330,67.02200000000012
11331,64.24199999999965
11332,64.77868000000004
11333,63.548200000000094
11334,63.791399999999726
11335,69.78119999999996
11336,63.21280000000014
11337,67.94199999999984
11338,69.72030000000008
11339,65.8115
11340,66.65579999999981
11341,67.03099999999979
11342,62.35280000000011
11343,74.83180000000019
11344,66.66539999999996
11345,65.96919999999987
11346,64.99299999999968
11347,65.30740000000003
11348,66.5852000000001
11349,65.2338000000002
11350,66.68859999999968
11351,67.29339999999996
11352,66.29910000000001
11353,63.552550000000316
11354,65.72180000000006
11355,65.75539999999972
11356,68.58379999999983
11357,64.21800000000023
11358,63.544800000000315
11359,64.17199999999987
11360,65.37639999999996
11361,66.80879999999993
11362,64.15879999999981
11363,67.49280000000017
11364,72.29980000000027
11365,65.4593999999997
11366,67.70779999999974
11367,64.78779999999986
11368,66.66320000000003
11369,64.1886
11370,63.49719999999966
11371,60.63019999999988
11372,67.53099999999972
11373,65.96780000000014
11374,62.937400000000196
11375,66.16979999999995
11376,72.79810000000005
11377,66.2701999999998
11378,65.9236999999997
11379,65.75280000000004
11380,64.99160000000032
11381,71.73660000000011
11382,63.949200000000296
11383,66.77360000000002
11384,66.3930000000002
11385,61.97399999999997
11386,66.65479999999975
11387,62.69599999999974
11388,65.08820000000013
11389,63.540399999999785
11390,66.94300000000004
11391,66.32199999999976
11392,62.46919999999961
11393,63.02999999999958
11394,64.6975999999998
11395,64.52580000000006
11396,63.75139999999982
11397,67.51020000000003
11398,66.87359999999985
11399,63.46520000000032
11400,65.24760000000018
11401,67.01479999999988
11402,73.03960000000001
11403,72.86220000000019
11404,62.43419999999977
11405,66.83799999999992
11406,63.5070000000001
11407,62.80899999999961
11408,66.71979999999955
11409,69.11119999999993
11410,67.92279999999997
11411,73.49439999999997
11412,66.07659999999986
11413,62.3407999999995
11414,68.93440000000008
11415,62.919199999999904
11416,65.4634000000001
11417,65.60479999999995
11418,65.60539999999988
11419,66.08180000000002
11420,66.10920000000002
11421,64.48579999999993
11422,79.18520000000001
11423,62.3790933333335
11424,70.67986666666641
11425,66.12080000000003
11426,64.27580000000023
11427,62.9007500000004
11428,66.23059999999995
11429,66.13139999999966
11430,65.75579999999968
11431,63.758199999999874
11432,70.70039999999992
11433,66.55059999999999
11434,65.21440000000015
11435,79.14519999999992
11436,72.31820000000009
11437,61.70840000000008
11438,67.70919999999971
11439,70.07040000000006
11440,64.35700000000004
11441,64.85280000000022
11442,66.99179999999984
11443,61.15439999999973
11444,61.14660000000021
11445,76.12180000000004
11446,66.29419999999985
11447,67.96239999999963
11448,63.443600000000295
11449,65.94740000000016
11450,66.64739999999973
11451,61.4480000000002
11452,68.2549999999997
11453,66.421
11454,63.25419999999966
11455,66.49300000000014
11456,63.53400000000003
11457,68.41299999999977
11458,63.009799999999494
11459,64.37219999999995
11460,55.44583928571431
11461,65.77219999999993
11462,66.55179999999976
11463,64.3224000000001
11464,64.76159999999977
11465,69.0502000000002
11466,63.14000000000031
11467,64.13359999999994
11468,62.85639999999969
11469,68.7862000000001
11470,65.91360000000006
11471,67.64799999999997
11472,64.41460000000004
11473,65.95659999999995
11474,71.82939999999998
11475,63.85759999999973
11476,70.83880000000018
11477,66.3140000000001
11478,70.98339999999995
11479,64.05100000000002
11480,67.65799999999972
11481,69.99439999999993
11482,67.25039999999991
11483,63.647199999999955
11484,76.0650000000003
11485,64.55000000000025
11486,65.74059999999994
11487,67.64539999999998
11488,68.01819999999994
11489,64.76560000000025
11490,54.95783666666672
11491,60.71320000000002
11492,66.03599999999983
11493,69.17979999999993
11494,62.72459999999956
11495,68.50459999999984
11496,66.5987999999999
11497,72.44220000000006
11498,67.0729999999999
11499,64.97980000000013
11500,66.01480000000014
11501,65.98886666666655
11502,69.34079999999985
11503,64.36919999999988
11504,64.54739999999971
11505,67.16860000000003
11506,65.61019999999994
11507,68.19599999999984
11508,65.95900000000013
11509,69.39640000000026
11510,69.5708999999999
11511,61.81080000000024
11512,63.97920000000034
11513,63.824200000000374
11514,64.53399999999999
11515,81.61779999999973
11516,66.95960000000017
11517,62.91399999999948
11518,67.06959999999977
11519,64.19480000000021
11520,64.22860000000016
11521,71.54340000000003
11522,78.28640000000009
11523,64.35979999999999
11524,55.56007333333331
11525,69.26720000000007
11526,73.70460000000007
11527,67.17840000000008
11528,66.44920000000025
11529,71.3384000000001
11530,62.6627999999996
11531,68.37659999999985
11532,67.39340000000004
11533,68.1911999999998
11534,63.28159999999975
11535,66.85099999999979
11536,64.27090000000037
11537,67.53239999999985
11538,65.63679999999994
11539,65.50059999999968
11540,66.03339999999982
11541,76.65219999999982
11542,69.75060000000003
11543,67.15159999999963
11544,78.79599999999996
11545,66.19919999999998
11546,68.80039999999993
11547,65.04599999999995
11548,63.05000000000035
11549,61.35980000000005
11550,65.23380000000002
11551,66.96379999999982
11552,67.48459999999984
11553,66.63639999999998
11554,71.28779999999998
11555,66.3120000000001
11556,66.76420000000003
11557,65.41880000000002
11558,65.2019999999998
11559,64.96940000000006
11560,69.60160000000023
11561,63.03999999999997
11562,67.14100000000002
11563,61.27760000000013
11564,64.43760000000023
11565,65.6867999999997
11566,63.73400000000008
11567,62.75539999999972
11568,65.87119999999994
11569,66.93460000000005
11570,63.35680000000041
11571,64.28099999999992
11572,71.79179999999994
11573,68.68179999999977
11574,65.9685999999997
11575,65.64785000000016
11576,56.661686666666704
11577,66.74659999999989
11578,64.5444
11579,64.84220000000022
11580,70.9018
11581,65.16959999999983
11582,65.53539999999992
11583,66.93200000000007
11584,65.46119999999978
11585,63.15540000000005
11586,64.34019999999997
11587,67.1277000000002
11588,66.72900000000021
11589,66.29740000000001
11590,66.77080000000001
11591,66.1621999999997
11592,64.57920000000016
11593,65.18040000000022
11594,65.2952000000002
11595,63.7388000000002
11596,63.62360000000037
11597,69.7096
11598,65.16559999999964
11599,65.32019999999996
11600,64.63300000000031
11601,65.16459999999972
11602,72.71559999999997
11603,68.82719999999982
11604,66.44804999999984
11605,65.0224000000002
11606,64.19499999999975
11607,62.70879999999999
11608,66.11379999999998
11609,68.13939999999992
11610,71.91360000000014
11611,62.46260000000007
11612,68.00740000000005
11613,66.9347999999999
11614,64.409
11615,68.98640000000003
11616,66.15340000000012
11617,65.85140000000014
11618,67.98499999999999
11619,63.46620000000026
11620,63.40439999999997
11621,67.25439999999958
11622,66.32259999999988
11623,69.11240000000011
11624,64.29979999999988
11625,69.40079999999975
11626,63.63379999999995
11627,65.06040000000021
11628,64.92019999999972
11629,64.31180000000002
11630,64.04020000000024
11631,63.94420000000044
11632,65.9333999999997
11633,69.24740000000016
11634,66.48760000000003
11635,63.277200000000406
11636,74.64060000000002
11637,64.42099999999986
11638,68.42680000000003
11639,65.6043999999997
11640,63.6898
11641,66.38699999999987
11642,66.43260000000015
11643,68.35180000000005
11644,70.42659999999994
11645,70.59660000000011
11646,67.12199999999999
11647,65.81039999999985
11648,64.59620000000012
11649,66.23980000000002
11650,64.1244000000003
11651,64.0754000000002
11652,64.1704
11653,72.43280000000001
11654,64.44680000000027
11655,65.34000000000003
11656,64.7460000000002
11657,62.885600000000025
11658,73.95260000000016
11659,68.85799999999993
11660,65.42979999999993
11661,66.03209999999999
11662,65.34360000000031
11663,66.12759999999984
11664,65.3235999999995
11665,64.49640000000004
11666,66.30220000000011
11667,63.77519999999986
11668,64.91900000000027
11669,66.9069999999999
11670,59.132799999999904
11671,67.74219999999984
11672,62.914600000000405
11673,63.71379999999998
11674,66.7047999999998
11675,66.27130000000005
11676,59.735599999999565
11677,65.1355999999999
11678,60.4517999999998
11679,65.55199999999972
11680,66.9492
11681,68.2510000000002
11682,69.14919999999974
11683,66.66319999999975
11684,66.68080000000022
11685,70.32319999999984
11686,65.48160000000006
11687,63.07260000000042
11688,66.51199999999983
11689,67.22320000000003
11690,64.25320000000025
11691,65.70499999999993
11692,79.9661999999999
11693,64.49520000000008
11694,64.06359999999978
11695,63.82050000000012
11696,63.582199999999574
11697,67.52079999999984
11698,64.67879999999963
11699,63.4267999999997
11700,65.04799999999994
11701,68.16599999999984
11702,62.846000000000295
11703,71.37100000000002
11704,63.730400000000294
11705,65.67839999999985
11706,67.46120000000006
11707,64.9083999999996
11708,67.52979999999994
11709,70.60199999999973
11710,64.66660000000019
11711,72.95199999999994
11712,72.94000000000007
11713,65.44420000000014
11714,64.56440000000026
11715,61.29880000000007
11716,62.97859999999987
11717,66.11359999999978
11718,64.41460000000033
11719,65.3934000000001
11720,64.20220000000026
11721,63.62559999999994
11722,70.00560000000003
11723,66.47899999999976
11724,65.54659999999994
11725,63.080199999999735
11726,65.78339999999977
11727,65.89279999999975
11728,77.22040000000008
11729,68.3805999999999
11730,65.91719999999962
11731,65.98639999999992
11732,64.81680000000024
11733,66.29700000000012
11734,64.34699999999982
11735,67.88679999999991
11736,64.88480000000006
11737,58.65560000000034
11738,65.7705999999998
11739,64.24860000000038
11740,64.40879999999974
11741,63.984800000000284
11742,64.3536000000003
11743,65.97560000000017
11744,67.04639999999993
11745,64.0134000000003
11746,63.236400000000316
11747,67.37386666666673
11748,65.95619999999994
11749,63.752599999999816
11750,64.02520000000007
11751,77.68120000000032
11752,63.874399999999866
11753,65.25339999999996
11754,66.92819999999972
11755,64.69179999999989
11756,64.62559999999966
11757,64.9151999999996
11758,69.23840000000014
11759,64.4562000000001
11760,66.61359999999999
11761,74.41659999999996
11762,66.01739999999984
11763,67.82759999999986
11764,66.77439999999976
11765,71.65619999999998
11766,66.82399999999974
11767,66.10279999999989
11768,66.09360000000017
11769,65.46680000000023
11770,63.66479999999981
11771,68.83659999999985
11772,69.86959999999978
11773,66.05979999999977
11774,67.49279999999973
11775,63.22200000000038
11776,61.65019999999995
11777,62.88560000000042
11778,67.86400000000009
11779,64.58800000000019
11780,62.985199999999786
11781,69.14139999999995
11782,65.44400000000036
11783,63.341600000000284
11784,68.52859999999997
11785,63.61300000000025
11786,64.4106
11787,62.56319999999997
11788,63.0200000000004
11789,69.8608
11790,63.66720000000033
11791,66.86319999999996
11792,66.02739999999982
11793,69.99799999999986
11794,65.0913999999999
11795,62.63060000000043
11796,64.7086
11797,60.26939999999982
11798,67.052
11799,66.9953999999998
11800,69.33040000000004
11801,66.9029999999998
11802,68.59860000000027
11803,65.56180000000012
11804,67.77899999999988
11805,65.17719999999949
11806,63.50919999999979
11807,66.23179999999967
11808,57.3408106349206
11809,64.78899999999985
11810,68.44079999999981
11811,66.27440000000011
11812,63.2110000000002
11813,66.81340000000006
11814,65.87319999999993
11815,71.10020000000024
11816,65.64440000000012
11817,65.37599999999996
11818,62.984200000000314
11819,67.10699999999996
11820,66.7849999999997
11821,71.24879999999985
11822,66.17020000000007
11823,65.00259999999967
11824,65.67959999999995
11825,70.90980000000032
11826,66.07960000000006
11827,66.61560000000003
11828,63.13800000000041
11829,66.56060000000016
11830,64.73960000000011
11831,69.35539999999983
11832,65.35400000000018
11833,62.048799999999794
11834,63.46220000000008
11835,66.59000000000009
11836,65.0769999999996
11837,63.61220000000022
11838,68.13139999999981
11839,65.10319999999977
11840,65.69039999999993
11841,62.93119999999985
11842,58.978800000000184
11843,66.03
11844,67.4627999999998
11845,65.90539999999986
11846,69.71479999999994
11847,65.79519999999982
11848,65.97480000000009
11849,65.19999999999999
11850,66.6894000000003
11851,66.77639999999981
11852,64.49940000000014
11853,64.81960000000012
11854,65.61779999999965
11855,66.31439999999998
11856,63.72499999999977
11857,69.44720000000015
11858,67.95440000000013
11859,66.2781999999997
11860,65.12459999999996
11861,64.34299999999982
11862,57.111900000000404
11863,66.00939999999987
11864,69.29760000000005
11865,64.91159999999964
11866,70.98780000000001
11867,63.216399999999744
11868,65.37700000000008
11869,63.80599999999996
11870,67.11040000000021
11871,66.20520000000019
11872,65.99159999999992
11873,72.58920000000013
11874,61.45440000000014
11875,61.82720000000029
11876,65.8075999999999
11877,65.93940000000016
11878,61.143199999999986
11879,63.547600000000045
11880,64.81399999999994
11881,75.9662
11882,66.05760000000005
11883,63.43759999999996
11884,64.68039999999995
11885,73.00979999999987
11886,66.00960000000026
11887,68.25680000000021
11888,68.92819999999996
11889,65.37060000000014
11890,65.19380000000025
11891,74.33188571428576
11892,60.84739999999978
11893,71.28799999999998
11894,82.5508
11895,69.27159999999998
11896,58.9750000000001
11897,67.23080000000026
11898,64.34199999999998
11899,65.58800000000014
11900,68.14599999999982
11901,65.95780000000008
11902,70.47620000000025
11903,66.69319999999986
11904,64.78650000000015
11905,58.21160000000036
11906,67.56920000000017
11907,73.14739999999998
11908,66.27160000000006
11909,67.95080000000019
11910,63.495200000000125
11911,63.12909999999993
11912,72.78680000000006
11913,64.37760000000002
11914,66.32139999999974
11915,68.95459999999987
11916,64.46979999999981
11917,66.24739999999989
11918,73.12119999999982
11919,68.66559999999996
11920,64.68739999999997
11921,67.85500000000015
11922,65.4509999999997
11923,76.66480000000014
11924,65.84139999999981
11925,66.67279999999973
11926,66.84600000000003
11927,65.33820000000007
11928,59.92899999999999
11929,63.4949999999997
11930,68.54820000000004
11931,65.0765999999997
11932,65.05079999999997
11933,66.03939999999982
11934,70.06079999999996
11935,67.47989999999967
11936,57.97820000000025
11937,65.4040000000002
11938,65.14540000000028
11939,66.03789999999971
11940,64.47780000000017
11941,68.74219999999993
11942,64.98139999999965
11943,71.65340000000006
11944,65.3343999999999
11945,66.86899999999977
11946,67.695
11947,64.34820000000029
11948,64.16786666666682
11949,70.47459999999968
11950,73.0513999999999
11951,61.625000000000014
11952,67.12420000000014
11953,65.98020000000017
11954,60.60300000000007
11955,65.23300000000016
11956,65.75880000000004
11957,63.50580000000034
11958,63.618000000000336
11959,78.71979999999999
11960,68.5615999999999
11961,64.54260000000019
11962,65.7565999999999
11963,63.18620000000038
11964,60.1236000000003
11965,64.54160000000027
11966,64.75520000000003
11967,65.41060000000012
11968,67.16300000000001
11969,66.41280000000008
11970,61.467799999999855
11971,66.37820000000009
11972,65.0920000000002
11973,65.4639999999999
11974,66.10785000000013
11975,64.55900000000027
11976,67.95840000000005
11977,66.19019999999982
11978,66.79899999999975
11979,65.50040000000023
11980,65.00740000000002
11981,68.20019999999988
11982,65.49019999999986
11983,66.42239999999983
11984,67.78780000000009
11985,64.39119999999996
11986,68.73719999999999
11987,69.99120000000006
11988,66.19880000000026
11989,68.68759999999966
11990,61.12040000000036
11991,63.897000000000325
11992,70.97780000000003
11993,60.84600000000032
11994,65.29679999999992
11995,66.32759999999995
11996,66.62619999999997
11997,68.43939999999998
11998,68.43669999999985
11999,63.31059999999958
12000,65.18099999999995
12001,68.23119999999976
12002,63.17280000000029
12003,63.17719999999981
12004,63.937000000000324
12005,65.65400000000014
12006,65.36080000000014
12007,65.62840000000006
12008,64.48879999999976
12009,64.08199999999991
12010,73.90119999999996
12011,74.98740000000016
12012,64.24879999999995
12013,66.22839999999988
12014,60.16980000000033
12015,68.58019999999999
12016,72.82919999999987
12017,62.51771999999986
12018,66.47879999999968
12019,65.92679999999994
12020,64.29560000000001
12021,64.37480000000022
12022,62.666599999999875
12023,67.32299999999975
12024,66.98860000000003
12025,75.05020000000012
12026,64.39259999999972
12027,67.04459999999989
12028,65.91119999999994
12029,65.58759999999992
12030,66.75560000000007
12031,65.94259999999979
12032,64.876
12033,67.1667999999999
12034,63.140000000000434
12035,64.36980000000001
12036,67.65100000000017
12037,65.95500000000001
12038,64.49500000000002
12039,66.13039999999972
12040,63.1046000000001
12041,66.01499999999959
12042,63.20020000000002
12043,65.90689999999964
12044,68.08220000000003
12045,62.67780000000029
12046,64.33360000000026
12047,70.92240000000012
12048,67.04379999999986
12049,60.832933333333436
12050,64.34359999999991
12051,64.81740000000025
12052,63.48039999999972
12053,66.15779999999978
12054,65.5149999999997
12055,65.81299999999972
12056,63.20499999999999
12057,63.97320000000028
12058,65.59600000000009
12059,63.498800000000294
12060,68.22180000000013
12061,70.51939999999996
12062,67.54239999999986
12063,66.60360000000003
12064,60.983800000000244
12065,66.4133999999998
12066,67.9273999999999
12067,64.93379999999992
12068,75.69900000000027
12069,66.17040000000006
12070,65.01979999999998
12071,65.16140000000011
12072,64.13999999999994
12073,65.13419999999995
12074,65.65840000000006
12075,68.89239999999968
12076,69.83919999999986
12077,65.08600000000017
12078,60.51279999999991
12079,63.71279999999975
12080,66.00799999999995
12081,64.29740000000035
12082,64.49180000000001
12083,63.78620000000026
12084,64.17859999999962
12085,70.4999999999999
12086,65.10720000000029
12087,63.41120000000024
12088,65.83079999999984
12089,64.86239999999975
12090,65.58150000000018
12091,65.57760000000007
12092,68.86559999999996
12093,63.72140000000005
12094,67.30159999999995
12095,62.9379999999999
12096,67.25240000000015
12097,65.52700000000006
12098,65.95779999999976
12099,63.444400000000286
12100,62.85299999999987
12101,68.9892000000004
12102,64.63219999999974
12103,63.386199999999526
12104,66.33579999999968
12105,67.56899999999995
12106,69.56399999999985
12107,66.79360000000001
12108,66.51719999999989
12109,64.13220000000004
12110,64.5003999999999
12111,69.4331999999999
12112,65.64480000000005
12113,67.94659999999953
12114,66.03259999999997
12115,63.59640000000032
12116,65.39059999999988
12117,64.99080000000009
12118,57.86120000000029
12119,63.11400000000045
12120,67.52300000000025
12121,63.516000000000375
12122,75.89119999999997
12123,66.01430000000019
12124,69.39459999999983
12125,55.56007333333331
12126,68.5297999999999
12127,66.70579999999974
12128,65.69499999999991
12129,63.66459999999981
12130,66.27739999999993
12131,64.22860000000026
12132,71.30419999999992
12133,63.42280000000033
12134,66.44559999999983
12135,66.23760000000004
12136,67.657
12137,65.78619999999998
12138,63.16749999999978
12139,68.6022
12140,64.20600000000022
12141,63.08260000000045
12142,63.126400000000345
12143,63.45660000000039
12144,64.39160000000018
12145,66.4783999999996
12146,66.56993333333301
12147,66.26519999999988
12148,62.86760000000046
12149,64.41960000000002
12150,66.75468000000006
12151,64.66699999999983
12152,65.19880000000029
12153,63.0866000000004
12154,67.45060000000001
12155,66.88219999999998
12156,65.16799999999994
12157,65.49159999999996
12158,64.49560000000032
12159,65.17200000000017
12160,65.99080000000004
12161,66.52579999999998
12162,58.32220000000025
12163,64.98980000000019
12164,65.71959999999976
12165,64.42639999999993
12166,64.00280000000033
12167,66.97179999999993
12168,68.48279999999956
12169,65.90739999999998
12170,66.34499999999983
12171,64.94979999999977
12172,63.56920000000017
12173,70.78039999999989
12174,55.330969523809514
12175,66.21334999999999
12176,62.95120000000042
12177,69.04340000000012
12178,72.11260000000024
12179,64.63960000000031
12180,65.18799999999987
12181,66.23059999999975
12182,61.23880000000004
12183,72.17099999999994
12184,64.70860000000025
12185,65.10780000000008
12186,67.51100000000007
12187,67.47019999999968
12188,70.47979999999995
12189,65.26139999999974
12190,70.30059999999993
12191,66.51619999999993
12192,64.94780000000031
12193,67.72799999999991
12194,65.24344000000023
12195,66.6383999999997
12196,65.34860000000015
12197,68.50719999999998
12198,65.61800000000005
12199,65.35999999999993
12200,66.02819999999964
12201,67.75780000000006
12202,67.82359999999989
12203,67.03860000000006
12204,63.631199999999836
12205,67.52379999999977
12206,63.47940000000035
12207,68.41219999999984
12208,65.28619999999954
12209,63.266999999999804
12210,65.01530000000017
12211,64.8738000000002
12212,62.826000000000334
12213,64.98439999999992
12214,67.21320000000009
12215,64.02499999999988
12216,65.1152
12217,63.195600000000276
12218,67.80959999999996
12219,66.92586666666631
12220,69.42059999999995
12221,61.97880000000018
12222,54.96162000000003
12223,67.86199999999995
12224,66.3447999999999
12225,66.7657999999996
12226,70.51659999999984
12227,62.823000000000114
12228,65.09399999999977
12229,75.03499999999991
12230,68.80760000000002
12231,67.76339999999999
12232,65.23579999999983
12233,63.37260000000041
12234,63.178000000000395
12235,62.61319999999982
12236,65.22640000000015
12237,64.96019999999994
12238,63.503399999999964
12239,65.00779999999996
12240,65.91479999999997
12241,63.315200000000324
12242,65.78379999999976
12243,77.12569999999985
12244,67.01760000000012
12245,64.59819999999982
12246,67.98279999999984
12247,65.31019999999967
12248,65.10300000000016
12249,66.80980000000005
12250,68.62439999999994
12251,63.570799999999814
12252,60.48419999999975
12253,65.9954
12254,64.34599999999999
12255,66.48140000000008
12256,65.86659999999998
12257,66.51540000000008
12258,64.12960000000042
12259,67.12820000000012
12260,66.26200000000003
12261,63.568599999999876
12262,61.792199999999774
12263,63.243200000000265
12264,63.470600000000346
12265,65.45600000000005
12266,64.31220000000025
12267,63.728199999999966
12268,68.64999999999974
12269,70.88740000000013
12270,66.73939999999983
12271,68.43960000000023
12272,64.53980000000021
12273,66.50020000000006
12274,66.46939999999975
12275,64.14500000000027
12276,66.48979999999986
12277,64.33840000000014
12278,66.38999999999986
12279,66.1793999999999
12280,66.0899999999998
12281,66.15719999999972
12282,65.86120000000027
12283,63.21780000000014
12284,67.08219999999974
12285,67.87839999999979
12286,64.53260000000026
12287,64.89100000000013
12288,63.69520000000011
12289,62.89540000000017
12290,65.62779999999985
12291,68.35580000000007
12292,66.95220000000005
12293,63.65580000000027
12294,66.20479999999968
12295,63.48819999999982
12296,62.70420000000039
12297,66.29960000000014
12298,65.74699999999982
12299,66.72360000000013
12300,69.55319999999996
12301,59.322200000000386
12302,65.04540000000007
12303,64.95679999999993
12304,66.84544999999973
12305,66.39500000000001
12306,62.509200000000234
12307,64.54015857142848
12308,68.86919999999989
12309,64.53419999999994
12310,64.78999999999998
12311,66.24859999999974
12312,62.8734000000003
12313,63.3560000000004
12314,68.79859999999995
12315,68.27119999999988
12316,66.05660000000017
12317,64.6338000000002
12318,65.00360000000019
12319,65.90819999999994
12320,63.102799999999824
12321,62.69580000000047
12322,70.077
12323,67.76039999999995
12324,64.94600000000047
12325,64.20300000000026
12326,63.08359999999969
12327,65.80039999999985
12328,66.85519999999983
12329,65.70360000000001
12330,67.46179999999983
12331,63.46800000000021
12332,67.61880000000022
12333,66.81179999999982
12334,68.10119999999999
12335,67.78099999999976
12336,74.60563999999997
12337,66.95199999999983
12338,68.92399999999995
12339,66.70819999999974
12340,68.2599999999998
12341,72.27279999999988
12342,70.00259999999994
12343,66.84300000000002
12344,69.18339999999984
12345,62.985199999999686
12346,67.03420000000001
12347,66.3114000000001
12348,63.855800000000244
12349,64.67500000000014
12350,68.73660000000012
12351,64.68139999999961
12352,65.06419999999987
12353,66.57799999999999
12354,63.193799999999754
12355,63.90080000000018
12356,67.57019999999973
12357,63.0334000000004
12358,65.03980000000011
12359,70.45
12360,67.90759999999985
12361,67.90900000000018
12362,65.80039999999991
12363,68.43359999999973
12364,65.2854000000002
12365,65.43779999999977
12366,63.28020000000032
12367,64.30300000000005
12368,73.89159999999994
12369,71.26659999999987
12370,63.12660000000001
12371,65.18280000000004
12372,77.56039999999996
12373,63.20540000000018
12374,63.85400000000017
12375,64.45299999999989
12376,66.49420000000013
12377,63.559800000000024
12378,68.98500000000001
12379,68.18239999999997
12380,65.27440000000026
12381,66.96740000000003
12382,68.2708000000001
12383,64.85339999999987
12384,66.4501999999996
12385,64.86800000000032
12386,65.05819999999996
12387,67.49979999999972
12388,68.69874999999976
12389,65.4262
12390,66.24479999999994
12391,63.596999999999795
12392,63.47900000000036
12393,68.9273999999999
12394,69.34700000000012
12395,67.03940000000014
12396,68.43039999999986
12397,68.73199999999977
12398,63.7076000000003
12399,65.4476000000001
12400,67.35059999999996
12401,68.58219999999993
12402,70.4118
12403,67.70119999999987
12404,64.73720000000003
12405,67.56700000000005
12406,66.5820000000001
12407,65.94339999999973
12408,69.76260000000009
12409,69.10079999999982
12410,66.46979999999992
12411,67.06440000000002
12412,64.83059999999998
12413,68.01779999999978
12414,61.33399999999996
12415,70.54899999999974
12416,66.34119999999999
12417,65.07240000000013
12418,67.44559999999994
12419,65.34120000000016
12420,64.95700000000004
12421,67.34779999999999
12422,65.69520000000016
12423,71.71239999999979
12424,64.56879999999998
12425,63.06759999999967
12426,64.37640000000002
12427,65.23239999999991
12428,63.84519999999976
12429,63.32139999999974
12430,55.077478333333374
12431,64.83440000000027
12432,79.71279999999975
12433,60.89100000000006
12434,67.47939999999961
12435,63.432200000000186
12436,65.18180000000014
12437,71.45980000000004
12438,69.44959999999976
12439,55.795700000000245
12440,65.6046000000001
12441,65.76199999999956
12442,67.2906000000001
12443,66.67799999999991
12444,65.68679999999998
12445,65.49839999999973
12446,75.30039999999993
12447,59.85000000000002
12448,67.12860000000002
12449,66.63464999999981
12450,65.45899999999989
12451,66.07279999999983
12452,63.59639999999985
12453,75.04900000000013
12454,66.69479999999974
12455,65.62760000000014
12456,65.55900000000022
12457,65.66499999999978
12458,64.48780000000036
12459,66.59940000000002
12460,66.56579999999978
12461,57.34367527750032
12462,67.2219999999999
12463,68.62119999999985
12464,64.06080000000034
12465,66.60599999999985
12466,65.6593599999999
12467,67.18159999999989
12468,69.90799999999992
12469,64.46200000000007
12470,63.038400000000436
12471,67.79780000000001
12472,65.86919999999981
12473,68.91759999999971
12474,64.89059999999999
12475,66.07779999999984
12476,65.54020000000008
12477,71.61679999999981
12478,65.86779999999972
12479,64.76700000000018
12480,64.26900000000002
12481,64.79659999999986
12482,66.0882
12483,71.90779999999988
12484,66.12980000000009
12485,68.659
12486,66.26179999999985
12487,62.99600000000011
12488,66.12019999999983
12489,63.24300000000023
12490,66.50419999999994
12491,63.0796999999997
12492,66.5943999999998
12493,64.01520000000005
12494,65.64039999999976
12495,65.92319999999994
12496,65.14960000000013
12497,67.70299999999975
12498,66.03999999999986
12499,67.76600000000009
12500,68.60020000000024
12501,64.49640000000026
12502,64.62519999999996
12503,64.67019999999997
12504,71.79660000000004
12505,65.2012
12506,73.31620000000001
12507,69.18219999999995
12508,64.8572000000002
12509,64.92840000000018
12510,65.10040000000026
12511,70.98879999999996
12512,64.32699999999997
12513,61.96340000000007
12514,65.75720000000018
12515,64.35379999999999
12516,67.25273333333324
12517,62.97380000000008
12518,68.21599999999991
12519,68.55000000000005
12520,61.520200000000116
12521,67.25220000000003
12522,63.97719999999983
12523,65.58260000000038
12524,63.203800000000356
12525,63.85400000000027
12526,65.14179999999969
12527,65.79660000000004
12528,66.68019999999981
12529,64.43387999999996
12530,66.57228000000016
12531,69.97699999999993
12532,65.36240000000002
12533,66.93520000000012
12534,67.13039999999998
12535,66.53399999999972
12536,70.7372
12537,65.2231599999997
12538,69.00960000000002
12539,75.4560000000002
12540,71.37480000000015
12541,63.09240000000032
12542,67.29133333333314
12543,67.86139999999976
12544,66.02340000000025
12545,67.54819999999992
12546,68.89999999999985
12547,65.40279999999974
12548,64.66720000000032
12549,59.68979999999986
12550,65.60579999999983
12551,66.74299999999991
12552,65.28739999999972
12553,63.741599999999785
12554,67.49839999999969
12555,63.79960000000018
12556,62.83639999999995
12557,65.69839999999985
12558,60.64259999999978
12559,66.38819999999983
12560,60.55120000000004
12561,67.87400000000005
12562,64.43549999999999
12563,66.1652000000002
12564,67.7817999999999
12565,62.98100000000001
12566,70.5123999999999
12567,65.14489999999978
12568,62.859600000000455
12569,64.14019999999998
12570,69.31940000000003
12571,65.91239999999975
12572,70.05166666666675
12573,67.89120000000001
12574,66.0969999999999
12575,65.65359999999968
12576,64.72559999999972
12577,66.44599999999966
12578,67.07200000000006
12579,63.932399999999916
12580,65.57279999999984
12581,65.89479999999992
12582,72.09880000000004
12583,66.49119999999994
12584,66.85299999999991
12585,65.02380000000005
12586,63.233799999999555
12587,65.45020000000024
12588,65.4323999999999
12589,64.30019999999998
12590,65.65919999999987
12591,65.27079999999995
12592,68.9865999999999
12593,69.7598
12594,75.9341999999999
12595,66.45340000000002
12596,65.41119999999998
12597,67.2502
12598,65.99560000000002
12599,68.76999999999977
12600,65.20140000000022
12601,64.92800000000011
12602,70.6350000000001
12603,65.89339999999987
12604,64.56490000000007
12605,65.71939999999982
12606,66.18299999999967
12607,62.6943999999997
12608,57.833000000000396
12609,67.08280000000033
12610,71.03860000000007
12611,65.94739999999989
12612,71.37740000000012
12613,65.65619999999986
12614,63.24419999999957
12615,66.29880000000023
12616,69.16539999999976
12617,66.13340000000008
12618,67.1522
12619,67.41780000000024
12620,64.10580000000033
12621,66.1923999999997
12622,65.27239999999985
12623,65.67419999999957
12624,67.24120000000013
12625,69.31960000000012
12626,66.5968
12627,68.80079999999981
12628,66.11760000000028
12629,62.9778000000004
12630,66.99520000000003
12631,69.7562
12632,71.56639999999992
12633,66.87199999999984
12634,73.35079999999972
12635,65.86779999999996
12636,63.7212000000002
12637,64.90659999999995
12638,65.2484000000001
12639,57.09265463203442
12640,65.59219999999999
12641,64.94340000000021
12642,68.33099999999969
12643,63.995800000000095
12644,62.81599999999989
12645,65.4652000000001
12646,65.56240000000015
12647,67.28719999999996
12648,63.073600000000155
12649,70.66680000000026
12650,66.77339999999985
12651,68.84899999999983
12652,64.55440000000016
12653,69.50180000000019
12654,66.1643999999996
12655,69.81879999999983
12656,71.71520000000012
12657,65.1372000000002
12658,69.32520000000005
12659,64.17679999999996
12660,65.4541999999998
12661,63.64400000000005
12662,64.3423999999997
12663,65.40320000000008
12664,68.34300000000007
12665,61.624000000000265
12666,66.56020000000002
12667,68.24079999999996
12668,65.64459999999978
12669,63.632599999999776
12670,65.65239999999993
12671,59.417400000000384
12672,65.07199999999996
12673,69.42439999999996
12674,62.8366000000002
12675,67.14613333333345
12676,67.10219999999985
12677,66.18500000000019
12678,63.83920000000013
12679,63.87360000000005
12680,67.22759999999978
12681,63.543000000000326
12682,66.3199999999999
12683,75.96279999999985
12684,63.68800000000017
12685,67.69880000000005
12686,65.76760000000003
12687,64.8519999999999
12688,66.87119999999992
12689,73.67600000000013
12690,70.31219999999992
12691,67.26819999999987
12692,65.087
12693,70.6267999999999
12694,65.80520000000014
12695,65.2287999999999
12696,66.40159999999996
12697,62.909800000000295
12698,66.95379999999987
12699,64.1168000000003
12700,64.75919999999981
12701,66.21940000000004
12702,64.00680000000024
12703,67.58719999999991
12704,63.92039999999964
12705,69.00179999999985
12706,67.92159999999988
12707,65.56680000000028
12708,66.50919999999992
12709,66.53340000000006
12710,65.33360000000006
12711,63.446386666666854
12712,66.41099999999994
12713,68.37480000000026
12714,64.8877999999997
12715,65.04840000000002
12716,65.0101999999999
12717,65.55320000000007
12718,66.76139999999978
12719,65.26780000000016
12720,66.67699999999991
12721,67.14399999999969
12722,66.2315999999999
12723,68.59980000000002
12724,67.9711999999998
12725,69.47080000000007
12726,63.61499999999966
12727,66.10199999999999
12728,64.0206000000003
12729,63.06600000000043
12730,68.21760000000003
12731,69.55720000000002
12732,65.88759999999994
12733,66.70859999999993
12734,60.180600000000304
12735,66.30259999999986
12736,70.62619999999973
12737,66.2491999999998
12738,65.23720000000007
12739,65.55559999999994
12740,69.61540000000004
12741,64.54799999999997
12742,64.45140000000005
12743,66.7059999999997
12744,62.951799999999714
12745,66.09739999999978
12746,64.0780000000003
12747,67.9568999999999
12748,65.15180000000015
12749,66.60879999999995
12750,64.49579999999978
12751,68.23739999999977
12752,66.52079999999988
12753,66.3037999999997
12754,71.24139999999997
12755,67.51529999999991
12756,71.87413333333346
12757,80.85400000000031
12758,66.58020000000013
12759,66.67339999999983
12760,71.54560000000008
12761,66.33159999999991
12762,65.29360000000023
12763,68.17680000000001
12764,68.94859999999989
12765,68.24940000000012
12766,68.31579999999997
12767,66.87919999999994
12768,71.65699999999995
12769,62.88200000000036
12770,65.58099999999978
12771,66.59040000000009
12772,67.95639999999995
12773,62.093799999999675
12774,65.77779999999991
12775,64.2817
12776,68.85339999999972
12777,64.7413999999998
12778,70.22340000000013
12779,64.09290000000018
12780,64.45519999999993
12781,64.3386
12782,67.7173999999999
12783,64.8546000000001
12784,66.17359999999982
12785,64.2779999999997
12786,76.01699999999991
12787,67.48619999999994
12788,66.33179999999997
12789,63.0908000000003
12790,65.59640000000012
12791,71.22539999999978
12792,64.57379999999985
12793,63.194599999999795
12794,68.63080000000004
12795,62.52080000000024
12796,64.83579999999999
12797,69.10799999999999
12798,82.50479999999992
12799,65.29820000000039
12800,67.7311999999999
12801,66.54319999999991
12802,65.37779999999991
12803,67.10524999999993
12804,64.6812
12805,74.6828
12806,61.08159999999992
12807,66.18499999999992
12808,62.69360000000028
12809,65.24540000000005
12810,65.82359999999957
12811,67.50840000000005
12812,63.257200000000324
12813,65.30120000000012
12814,66.96359999999996
12815,63.59719999999979
12816,65.98239999999998
12817,67.01759999999997
12818,64.15599999999993
12819,63.58340000000035
12820,65.36019999999986
12821,65.10460000000025
12822,66.4860000000002
12823,65.49680000000006
12824,67.7803999999999
12825,66.19219999999972
12826,66.25679999999987
12827,66.42039999999974
12828,66.94719999999995
12829,62.591999999999814
12830,68.23119999999994
12831,63.841000000000264
12832,66.22739999999958
12833,66.41359999999997
12834,64.1264000000002
12835,65.88719999999995
12836,67.97559999999982
12837,63.36800000000014
12838,64.62400000000021
12839,69.53600000000002
12840,63.8486000000003
12841,64.51780000000026
12842,67.66860000000005
12843,73.35139999999997
12844,66.40080000000007
12845,67.66559999999977
12846,73.15840000000016
12847,67.48179999999995
12848,66.87519999999991
12849,64.60459999999998
12850,65.34259999999998
12851,66.5568000000003
12852,68.28379999999981
12853,68.80580000000012
12854,68.23999999999974
12855,76.68400000000022
12856,66.51099999999985
12857,64.2968
12858,65.0816
12859,68.60879999999997
12860,73.02139999999977
12861,64.76839999999986
12862,69.19339999999983
12863,70.06199999999997
12864,67.17939999999973
12865,65.97039999999997
12866,66.30259999999974
12867,65.9716
12868,64.02348000000005
12869,69.30753333333328
12870,68.11559999999989
12871,64.47300000000007
12872,64.75940000000037
12873,64.58360000000027
12874,62.56140000000008
12875,69.88040000000017
12876,64.24239999999979
12877,69.53699999999995
12878,63.5009500000004
12879,68.84699999999975
12880,67.10859999999985
12881,68.37359999999995
12882,65.80466666666662
12883,63.789000000000286
12884,67.06080000000011
12885,67.73160000000006
12886,66.73339999999999
12887,65.23040000000003
12888,64.88399999999994
12889,66.37199999999979
12890,66.95580000000027
12891,63.10180000000008
12892,63.657999999999674
12893,65.51179999999994
12894,70.69859999999976
12895,65.58339999999973
12896,62.9332000000004
12897,62.644000000000055
12898,66.86679999999977
12899,67.25460000000005
12900,63.939199999999936
12901,68.16860000000004
12902,57.21722857142848
12903,65.70619999999971
12904,63.810400000000016
12905,62.42760000000036
12906,64.53820000000016
12907,65.58760000000024
12908,64.82819999999997
12909,61.05219999999977
12910,65.88539999999995
12911,65.25160000000011
12912,68.63099999999999
12913,65.89099999999993
12914,63.92940000000003
12915,65.30040000000012
12916,65.35760000000003
12917,69.05260000000015
12918,64.51580000000024
12919,64.52779999999976
12920,66.38660000000004
12921,67.46980000000003
12922,63.09219999999982
12923,64.16580000000019
12924,67.04039999999976
12925,68.22439999999987
12926,70.89279999999987
12927,76.6597999999998
12928,67.02579999999995
12929,64.58839999999996
12930,55.01356000000002
12931,63.371799999999816
12932,66.0071999999997
12933,66.06619999999982
12934,63.500400000000276
12935,66.69820000000016
12936,65.16740000000011
12937,66.35199999999988
12938,63.09099999999969
12939,62.76880000000034
12940,66.6735999999999
12941,66.72439999999956
12942,64.48999999999997
12943,67.85039999999988
12944,63.681899999999835
12945,71.32420000000012
12946,67.0985999999999
12947,65.89640000000003
12948,63.928200000000274
12949,66.3431999999997
12950,68.30300000000003
12951,66.7115999999999
12952,66.05602333333304
12953,67.14060000000003
12954,71.93060000000003
12955,72.66519999999994
12956,58.521800000000354
12957,63.30279999999982
12958,63.16170000000021
12959,64.20846666666691
12960,66.29079999999988
12961,62.86139999999987
12962,66.19179999999999
12963,73.34979999999999
12964,62.52859999999969
12965,66.67700000000005
12966,57.674100000000415
12967,66.23799999999976
12968,62.58820000000014
12969,69.69199999999981
12970,67.45599999999989
12971,62.773999999999845
12972,64.12140000000015
12973,63.54180000000036
12974,64.39980000000004
12975,66.03099999999996
12976,66.20839999999981
12977,65.32699999999988
12978,65.69400000000013
12979,67.9458
12980,69.67399999999996
12981,66.49999999999999
12982,69.70700000000008
12983,63.82829999999986
12984,70.96139999999981
12985,67.70019999999991
12986,64.93840000000006
12987,63.696799999999705
12988,68.1232000000001
12989,66.76979999999993
12990,66.08180000000019
12991,65.42080000000003
12992,70.78439999999998
12993,65.60839999999995
12994,66.68280000000026
12995,64.33300000000015
12996,69.71659999999999
12997,65.25819999999979
12998,67.01560000000015
12999,66.55299999999977
13000,63.401400000000294
13001,70.46999999999984
13002,67.38879999999988
13003,65.63319999999996
13004,65.86980000000025
13005,63.47420000000034
13006,63.898600000000066
13007,62.98080000000017
13008,68.40060000000021
13009,68.00159999999966
13010,64.81320000000021
13011,64.92640000000013
13012,67.95099999999984
13013,65.99100000000004
13014,64.95620000000014
13015,69.67320000000005
13016,67.14320000000016
13017,63.21120000000032
13018,65.12630000000001
13019,69.23979999999997
13020,67.07380000000008
13021,64.2464000000001
13022,64.21519999999995
13023,64.14459999999995
13024,65.07220000000025
13025,72.21579999999969
13026,65.57479999999983
13027,67.19720000000017
13028,65.99899999999968
13029,63.44540000000034
13030,65.59819999999976
13031,62.48780000000027
13032,65.75660000000006
13033,65.35700000000026
13034,64.70039999999999
13035,66.24699999999993
13036,73.75479999999979
13037,70.55240000000005
13038,58.72399999999979
13039,64.29699999999985
13040,63.34780000000023
13041,73.11860000000004
13042,66.37979999999983
13043,59.85819999999955
13044,65.09820000000012
13045,63.86840000000031
13046,63.59240000000022
13047,64.3076000000002
13048,67.2993999999999
13049,60.46760000000011
13050,59.82793333333346
13051,64.22120000000024
13052,63.18380000000035
13053,64.41659999999983
13054,67.03319999999994
13055,65.61879999999992
13056,65.98200000000017
13057,76.36919999999989
13058,63.24140000000036
13059,63.20440000000026
13060,64.39380000000021
13061,74.01479999999997
13062,66.85099999999981
13063,65.39839999999987
13064,66.68999999999969
13065,61.59899999999993
13066,67.60239999999993
13067,68.52720000000011
13068,65.7570999999997
13069,66.33956000000006
13070,65.46620000000031
13071,66.04619999999991
13072,63.765400000000305
13073,66.65899999999971
13074,67.99460000000006
13075,61.76839999999996
13076,64.081
13077,63.793200000000304
13078,66.93079999999989
13079,67.63439999999994
13080,62.5817999999995
13081,63.376600000000266
13082,67.01799999999992
13083,65.57080000000006
13084,72.77639999999998
13085,63.77960000000019
13086,66.4128000000001
13087,65.86719999999983
13088,66.91459999999987
13089,66.73639999999983
13090,69.57900000000006
13091,63.25900000000033
13092,63.41100000000037
13093,62.920999999999765
13094,70.84480000000005
13095,63.438600000000406
13096,63.95159999999964
13097,64.56119999999999
13098,68.85280000000012
13099,68.48179999999999
13100,65.48320000000011
13101,64.27186666666677
13102,64.49739999999983
13103,62.76500000000047
13104,69.12999999999987
13105,63.96680000000011
13106,73.26280000000014
13107,65.5576000000003
13108,65.78079999999973
13109,66.55279999999998
13110,68.48400000000011
13111,65.29079999999999
13112,71.42859999999988
13113,68.46359999999989
13114,65.94699999999969
13115,63.80520000000005
13116,80.13939999999975
13117,65.92619999999984
13118,65.2482000000002
13119,70.42839999999993
13120,66.33799999999995
13121,68.09499999999997
13122,66.10040000000025
13123,66.00579999999984
13124,66.84120000000006
13125,68.88739999999996
13126,64.82820000000018
13127,66.54340000000009
13128,77.4827999999999
13129,62.71959999999982
13130,74.33780000000002
13131,67.34119999999989
13132,71.45979999999976
13133,64.7692000000001
13134,66.42699999999975
13135,72.33000000000011
13136,65.43260000000011
13137,65.67415999999986
13138,65.05459999999994
13139,66.2992
13140,67.69319999999983
13141,71.8324
13142,66.05599999999966
13143,65.38919999999987
13144,66.87339999999992
13145,64.44480000000011
13146,73.25899999999993
13147,65.68920000000003
13148,64.30920000000036
13149,65.68060000000001
13150,65.59
13151,66.47479999999986
13152,64.51840000000021
13153,66.82980000000016
13154,67.02740000000017
13155,66.45900000000017
13156,67.39819999999997
13157,66.35760000000002
13158,65.31340000000012
13159,63.05140000000029
13160,62.77830000000025
13161,62.98420000000018
13162,65.35280000000019
13163,67.51839999999977
13164,70.53280000000002
13165,68.77660000000007
13166,63.03879999999983
13167,67.72379999999993
13168,65.4517999999999
13169,67.38779999999991
13170,63.912799999999955
13171,65.33720000000018
13172,66.93379999999986
13173,63.8768000000002
13174,71.00319999999992
13175,64.06660000000034
13176,69.3922
13177,67.02499999999986
13178,77.86519999999994
13179,66.55560000000024
13180,65.31940000000033
13181,61.15739999999979
13182,68.33520000000011
13183,66.65760000000006
13184,66.93919999999989
13185,66.41180000000033
13186,67.82680000000002
13187,69.64500000000002
13188,64.63859999999995
13189,63.86480000000016
13190,67.1331999999998
13191,59.2538000000004
13192,66.2274000000002
13193,68.54084666666652
13194,64.03320000000012
13195,65.52579999999989
13196,64.20419999999984
13197,57.13152539682555
13198,63.512999999999955
13199,64.55120000000021
13200,69.41993999999988
13201,69.38460000000005
13202,68.6351999999999
13203,72.4382000000002
13204,65.10259999999988
13205,65.26219999999998
13206,66.16999999999994
13207,65.67579999999997
13208,65.48140000000001
13209,64.28939999999966
13210,67.02840000000012
13211,65.03979999999999
13212,66.02059999999999
13213,68.76370000000011
13214,65.58139999999983
13215,64.4755999999998
13216,63.55480000000026
13217,64.29020000000017
13218,64.50619999999992
13219,63.97980000000026
13220,65.92820000000009
13221,65.0581999999999
13222,66.69080000000011
13223,62.66220000000041
13224,65.98200000000001
13225,63.400999999999804
13226,66.65020000000014
13227,64.78240000000024
13228,65.01999999999994
13229,69.00619999999992
13230,66.36419999999988
13231,68.38239999999993
13232,69.92260000000013
13233,66.91859999999981
13234,64.25900000000024
13235,66.34600000000002
13236,65.74740000000007
13237,65.00760000000012
13238,66.94759999999988
13239,64.59779999999995
13240,57.878400000000326
13241,66.21726666666673
13242,71.24380000000016
13243,67.16399999999994
13244,64.58839999999988
13245,70.80840000000013
13246,64.97579999999995
13247,63.585399999999666
13248,67.24719999999968
13249,65.45159999999989
13250,65.88680000000008
13251,64.26199999999976
13252,71.36079999999991
13253,65.81060000000019
13254,68.32279999999959
13255,65.13599999999961
13256,63.113399999999935
13257,66.08039999999991
13258,67.74479999999981
13259,66.70980000000004
13260,68.44080000000012
13261,65.8556000000002
13262,70.5536
13263,70.78060000000018
13264,66.82420000000023
13265,81.86339999999997
13266,75.49099999999996
13267,65.48680000000014
13268,65.0477999999997
13269,68.82939999999996
13270,69.26360000000003
13271,71.59239999999991
13272,65.24640000000028
13273,62.69639999999994
13274,64.74299999999991
13275,64.43780000000018
13276,71.11766666666678
13277,64.67659999999985
13278,68.50860000000014
13279,64.4598000000002
13280,68.26500000000013
13281,71.82959999999993
13282,66.2093999999999
13283,67.27699999999976
13284,69.66600000000011
13285,71.53380000000017
13286,68.03619999999988
13287,63.81600000000004
13288,69.66259999999978
13289,64.688
13290,64.7570000000002
13291,63.7396000000004
13292,63.4593999999997
13293,65.13739999999986
13294,65.07660000000008
13295,63.343599999999604
13296,62.8876000000004
13297,64.02280000000043
13298,64.87059999999973
13299,75.5824
13300,67.14339999999986
13301,65.91960000000019
13302,67.33819999999977
13303,64.93880000000017
13304,63.7266000000002
13305,69.62040000000012
13306,66.68440000000001
13307,78.73599999999985
13308,64.19839999999998
13309,65.23039999999996
13310,57.8016000000001
13311,70.79959999999991
13312,67.58439999999968
13313,68.7174
13314,60.23719999999968
13315,62.98460000000016
13316,66.4601999999999
13317,64.80759999999994
13318,65.3684000000001
13319,69.59579999999984
13320,62.94780000000049
13321,68.7216
13322,68.11639999999977
13323,68.0581999999998
13324,63.22020000000028
13325,66.54380000000023
13326,56.265000000000256
13327,69.45379999999986
13328,63.66120000000022
13329,63.94040000000034
13330,65.66599999999993
13331,64.34979999999999
13332,66.37960000000022
13333,65.74039999999994
13334,64.94099999999993
13335,62.97580000000034
13336,65.0408000000001
13337,64.55300000000003
13338,68.95839999999997
13339,66.68440000000005
13340,66.25088000000021
13341,66.14380000000003
13342,65.04340000000016
13343,66.12860000000008
13344,65.88260000000007
13345,67.92799999999983
13346,66.52079999999991
13347,65.82119999999989
13348,67.04699999999977
13349,67.55280000000003
13350,66.50719999999987
13351,66.76880000000004
13352,64.80979999999992
13353,67.1813999999998
13354,64.97680000000027
13355,65.66500000000023
13356,65.45560000000019
13357,66.89919999999972
13358,63.55160000000031
13359,68.19259999999977
13360,61.80979999999998
13361,63.16019999999975
13362,65.09320000000017
13363,66.94799999999984
13364,65.28759999999984
13365,64.70439999999991
13366,64.37460000000027
13367,64.72210000000018
13368,66.99119999999988
13369,67.44439999999982
13370,65.58239999999996
13371,62.78120000000027
13372,69.14839999999975
13373,67.44126666666655
13374,67.12560000000026
13375,66.69499999999988
13376,70.45420000000001
13377,66.8569999999999
13378,70.9480000000003
13379,64.51199999999996
13380,63.193000000000275
13381,63.789400000000164
13382,64.25320000000002
13383,65.09199999999976
13384,64.22120000000014
13385,66.0174000000003
13386,65.91860000000004
13387,70.43700000000011
13388,66.04019999999997
13389,67.63240000000002
13390,67.09160000000017
13391,67.39840000000008
13392,65.86990000000004
13393,66.17379999999993
13394,63.19280000000021
13395,62.81459999999949
13396,64.99300000000021
13397,67.3125999999999
13398,74.49683333333286
13399,66.25440000000005
13400,54.90640452380954
13401,65.90379999999992
13402,64.1434
13403,65.16679999999985
13404,70.4595999999999
13405,62.9348000000005
13406,63.793799999999806
13407,66.69319999999998
13408,65.32980000000025
13409,65.51579999999984
13410,65.95460000000011
13411,69.57039999999988
13412,64.24339999999995
13413,66.69300000000001
13414,66.55539999999974
13415,59.77319999999956
13416,64.49920000000029
13417,65.21219999999987
13418,64.09420000000019
13419,64.62540000000016
13420,76.91199999999998
13421,67.01880000000018
13422,65.38960000000019
13423,66.21600000000012
13424,69.28359999999967
13425,65.36420000000008
13426,64.73299999999972
13427,77.75299999999999
13428,65.8702000000002
13429,66.38339999999982
13430,65.6818000000001
13431,67.65419999999985
13432,65.45719999999994
13433,67.09259999999992
13434,68.22579999999977
13435,62.981600000000036
13436,61.7287999999999
13437,64.36220000000016
13438,65.76439999999957
13439,65.1777999999999
13440,67.10459999999999
13441,64.47180000000013
13442,67.77599999999964
13443,68.02739999999983
13444,63.838400000000206
13445,73.47379999999987
13446,65.8022000000001
13447,65.8433999999998
13448,63.10399999999983
13449,62.87820000000044
13450,66.8099999999996
13451,65.7361999999999
13452,63.7964
13453,54.621400000000015
13454,68.72020000000013
13455,69.86679999999998
13456,63.33540000000034
13457,65.94699999999985
13458,63.65520000000016
13459,63.82420000000015
13460,62.61579999999961
13461,64.55540000000038
13462,75.28299999999977
13463,65.67239999999988
13464,64.17100000000036
13465,67.45879999999971
13466,62.72039999999963
13467,64.13260000000004
13468,60.19639999999995
13469,63.27700000000033
13470,63.125800000000304
13471,71.26239999999996
13472,71.01959999999988
13473,65.70540000000004
13474,68.38699999999992
13475,65.2552000000002
13476,65.90939999999972
13477,64.5702000000001
13478,64.94719999999997
13479,65.90199999999997
13480,66.11699999999999
13481,64.6541999999999
13482,76.08980000000011
13483,70.94380000000011
13484,68.65359999999993
13485,66.23460000000004
13486,65.64760000000004
13487,64.7476000000002
13488,72.71259999999998
13489,65.44399999999965
13490,67.31639999999985
13491,64.7304000000001
13492,67.54179999999998
13493,65.6684000000002
13494,71.1826000000001
13495,66.5132
13496,66.01879999999991
13497,64.86600000000011
13498,69.66639999999987
13499,67.72200000000021
13500,69.24039999999984
13501,64.84619999999983
13502,70.80919999999983
13503,63.02580000000035
13504,65.07959999999983
13505,62.89826666666693
13506,66.34740000000015
13507,71.24040000000024
13508,67.4669999999998
13509,71.57299999999995
13510,68.5226
13511,62.92760000000038
13512,66.07780000000005
13513,65.84120000000016
13514,65.41480000000038
13515,64.77679999999985
13516,63.94299999999981
13517,64.33519999999983
13518,63.84439999999978
13519,64.23119999999983
13520,67.11760000000024
13521,67.51719999999996
13522,67.97459999999992
13523,67.25319999999988
13524,64.97019999999995
13525,74.56096666666627
13526,68.54459999999996
13527,64.03800000000031
13528,63.514000000000316
13529,63.790600000000005
13530,69.6745999999999
13531,65.4204
13532,64.79760000000007
13533,65.14260000000019
13534,66.58660000000015
13535,67.72069999999987
13536,65.6653999999999
13537,67.09460000000013
13538,70.61639999999979
13539,70.03859999999999
13540,70.59599999999983
13541,67.58879999999988
13542,66.19319999999983
13543,62.110199999999836
13544,65.24300000000017
13545,66.4823999999999
13546,64.2551999999999
13547,64.75539999999977
13548,64.43399999999987
13549,64.55819999999991
13550,64.64159999999997
13551,64.40059999999977
13552,67.45379999999996
13553,69.05399999999987
13554,66.51139999999977
13555,65.4894
13556,64.81240000000004
13557,67.14000000000009
13558,63.09380000000036
13559,63.18620000000023
13560,67.76979999999968
13561,67.20000000000016
13562,66.28959999999996
13563,67.56039999999999
13564,64.51760000000004
13565,65.83859999999997
13566,66.88699999999982
13567,63.19399999999957
13568,68.42699999999994
13569,66.10519999999997
13570,66.56179999999956
13571,65.56119999999993
13572,64.86580000000015
13573,65.17860000000013
13574,66.33039999999993
13575,65.79820000000011
13576,63.57840000000034
13577,66.2804
13578,64.496
13579,63.065000000000396
13580,63.216399999999965
13581,67.60859999999992
13582,66.15239999999973
13583,66.12699999999987
13584,69.12659999999968
13585,63.60220000000004
13586,66.97640000000023
13587,67.57279999999996
13588,62.10079999999983
13589,60.73979999999961
13590,64.96899999999995
13591,65.75760000000025
13592,70.26119999999989
13593,66.7428
13594,60.35419999999975
13595,67.11880000000004
13596,74.74719999999985
13597,69.64959999999994
13598,65.91879999999996
13599,66.76599999999998
13600,73.7835999999999
13601,66.37479999999981
13602,67.47039999999988
13603,68.64220000000014
13604,61.35279999999999
13605,64.32820000000005
13606,65.52140000000013
13607,57.27560000000041
13608,67.24360000000013
13609,69.10600000000021
13610,60.54240000000025
13611,66.88920000000007
13612,63.792199999999994
13613,66.81000000000009
13614,69.23239999999981
13615,69.02000000000001
13616,66.40729999999978
13617,67.49500000000013
13618,64.69360000000005
13619,67.50280000000012
13620,66.94700000000002
13621,62.78399999999974
13622,73.5980000000002
13623,63.04400000000039
13624,67.58079999999984
13625,64.36779999999985
13626,64.56060000000004
13627,65.70159999999984
13628,65.5009999999998
13629,66.05239999999984
13630,65.01739999999998
13631,69.7453999999998
13632,66.33439999999976
13633,65.32539999999979
13634,67.62439999999985
13635,70.49800000000002
13636,75.79141904761899
13637,63.166800000000315
13638,62.14580000000031
13639,67.77559999999988
13640,63.41199999999979
13641,63.343200000000394
13642,67.9837999999999
13643,63.28480000000031
13644,65.12659999999971
13645,62.04979999999965
13646,76.59760000000004
13647,64.31440000000019
13648,69.5480000000001
13649,64.10480000000018
13650,65.61620000000008
13651,65.32139999999997
13652,68.20700000000005
13653,68.33580000000015
13654,62.99900000000039
13655,67.66119999999992
13656,62.863200000000134
13657,65.58360000000012
13658,67.01420000000003
13659,67.94099999999993
13660,64.48640000000002
13661,63.718599999999974
13662,68.75219999999995
13663,68.44479999999966
13664,63.79880000000016
13665,73.60879999999993
13666,65.00200000000002
13667,67.8504000000001
13668,66.04810000000003
13669,64.67180000000029
13670,66.02759999999967
13671,65.9434
13672,61.62079999999991
13673,63.71040000000037
13674,61.176600000000015
13675,66.38160000000033
13676,67.29640000000008
13677,63.60699999999996
13678,62.584800000000314
13679,67.57700000000034
13680,65.80279999999995
13681,66.26179999999991
13682,67.32899999999977
13683,68.8046
13684,69.3521999999998
13685,72.9186000000002
13686,83.18620000000011
13687,64.2858
13688,66.10500000000025
13689,65.46839999999975
13690,64.7050000000002
13691,65.70699999999995
13692,63.169200000000394
13693,64.90400000000017
13694,63.14700000000034
13695,65.79579999999979
13696,64.5882
13697,70.4863999999999
13698,65.56520000000002
13699,66.21860000000004
13700,63.299000000000305
13701,67.03859999999982
13702,69.72640000000003
13703,71.18040000000018
13704,65.36379999999987
13705,70.20340000000016
13706,65.59899999999998
13707,63.194400000000314
13708,65.65280000000024
13709,74.42560000000007
13710,65.65899999999975
13711,69.81999999999982
13712,66.11720000000005
13713,64.17320000000022
13714,66.36139999999988
13715,68.84100000000002
13716,66.05799999999996
13717,73.42260000000013
13718,67.00620000000005
13719,67.77759999999981
13720,67.44360000000029
13721,67.52679999999984
13722,64.38020000000003
13723,66.47699999999993
13724,63.02879999999976
13725,67.02959999999997
13726,56.40284000000014
13727,67.65619999999998
13728,64.66839999999986
13729,65.97060000000008
13730,65.24399999999993
13731,63.8232000000003
13732,69.1333999999997
13733,68.71739999999997
13734,64.32479999999994
13735,68.73680000000012
13736,79.07499999999985
13737,66.6310000000001
13738,70.78520000000009
13739,67.40459999999979
13740,65.50019999999995
13741,71.01720000000003
13742,60.72679999999994
13743,57.66660000000023
13744,65.90580000000006
13745,66.02420000000009
13746,62.186599999999785
13747,72.42320000000015
13748,55.41199999999998
13749,66.7676
13750,65.88560000000008
13751,65.92700000000019
13752,67.66260000000005
13753,63.99719999999984
13754,67.21320000000006
13755,66.48099999999987
13756,65.51399999999987
13757,68.68239999999992
13758,63.85300000000037
13759,65.88959999999986
13760,65.19940000000008
13761,64.34459999999994
13762,65.89719999999964
13763,66.38740000000011
13764,71.71980000000003
13765,65.93679999999978
13766,70.3173999999998
13767,69.79529999999984
13768,63.868600000000384
13769,63.43100000000034
13770,66.89019999999994
13771,70.96979999999984
13772,68.36439999999989
13773,65.03460000000027
13774,65.34339999999962
13775,64.94919999999992
13776,63.72639999999994
13777,66.15159999999992
13778,62.757000000000325
13779,71.34559999999993
13780,66.10460000000006
13781,63.74380000000006
13782,63.29580000000032
13783,57.66800000000017
13784,62.21659999999991
13785,54.87000000000005
13786,65.74699999999999
13787,62.91979999999981
13788,65.72249999999994
13789,68.45600000000005
13790,64.7432000000001
13791,64.28200000000011
13792,67.23999999999982
13793,70.75060000000005
13794,67.01120000000019
13795,66.8509999999999
13796,68.10719999999986
13797,68.11220000000012
13798,65.88879999999973
13799,65.46220000000028
13800,62.19660000000008
13801,83.80099999999992
13802,69.27520000000008
13803,66.7413999999998
13804,64.58820000000027
13805,59.57319999999995
13806,62.843800000000016
13807,70.02340000000004
13808,63.75499999999973
13809,67.40199999999976
13810,67.12639999999979
13811,65.17640000000026
13812,84.51159999999955
13813,67.40180000000002
13814,59.88180000000002
13815,67.38419999999975
13816,63.88900000000022
13817,66.4192
13818,64.7856666666665
13819,67.4666000000002
13820,66.46239999999968
13821,59.76039999999989
13822,65.09580000000014
13823,64.4583999999999
13824,68.15340000000012
13825,66.12379999999996
13826,63.379200000000246
13827,67.45039999999992
13828,65.13559999999987
13829,64.68320000000021
13830,65.8583999999999
13831,67.56739999999974
13832,66.35799999999985
13833,65.8808000000001
13834,64.6700000000002
13835,66.10019999999984
13836,65.19060000000017
13837,64.48259999999992
13838,61.19159999999986
13839,68.0216000000001
13840,70.45980000000007
13841,65.44340000000004
13842,64.76740000000012
13843,63.98360000000022
13844,66.24979999999996
13845,68.03760000000047
13846,67.45199999999998
13847,66.39279999999971
13848,63.80686666666669
13849,67.5906000000002
13850,63.12059999999976
13851,62.57020000000035
13852,63.09959999999985
13853,65.6313999999997
13854,66.57479999999967
13855,64.09199999999993
13856,75.90700000000001
13857,75.00800000000008
13858,62.89360000000049
13859,65.67639999999976
13860,70.99679999999996
13861,63.52960000000019
13862,64.08079999999963
13863,67.30259999999987
13864,64.88060000000007
13865,64.7292
13866,64.37840000000034
13867,65.11860000000006
13868,65.55679999999971
13869,66.25619999999982
13870,63.1296000000003
13871,66.27859999999983
13872,66.40959999999998
13873,65.53839999999995
13874,66.27319999999982
13875,61.666799999999874
13876,65.33579999999999
13877,72.61179999999999
13878,66.27020000000005
13879,66.73719999999997
13880,61.54999999999996
13881,64.42440000000006
13882,65.21700000000017
13883,69.9992
13884,65.93079999999992
13885,64.30379999999997
13886,66.33919999999969
13887,64.7364000000004
13888,63.018799999999686
13889,70.3910000000002
13890,64.143
13891,67.51080000000002
13892,70.94880000000015
13893,63.99700000000029
13894,64.52200000000003
13895,66.28939999999986
13896,62.82219999999947
13897,65.92879999999963
13898,66.3297999999999
13899,66.05379999999991
13900,71.4348000000001
13901,68.30419999999991
13902,67.54579999999997
13903,66.47719999999987
13904,63.454200000000405
13905,63.05780000000033
13906,67.02560000000007
13907,70.37759999999982
13908,66.67679999999987
13909,64.95400000000005
13910,66.08399999999973
13911,64.68820000000025
13912,67.48000000000026
13913,65.6466000000001
13914,63.13039999999957
13915,65.26020000000015
13916,65.99720000000015
13917,63.73840000000031
13918,66.36300000000024
13919,62.6765000000003
13920,64.20379999999977
13921,66.41300000000003
13922,69.10339999999988
13923,67.33920000000019
13924,68.42400000000029
13925,65.01739999999997
13926,64.05520000000035
13927,65.05600000000001
13928,63.56120000000024
13929,62.955600000000054
13930,66.34679999999996
13931,66.1752
13932,66.87099999999971
13933,71.15979999999998
13934,67.83140000000006
13935,73.67180000000019
13936,67.3584000000001
13937,62.712000000000494
13938,64.75520000000002
13939,65.20019999999991
13940,62.25419999999998
13941,65.43453333333358
13942,64.92339999999992
13943,65.37539999999996
13944,67.15079999999976
13945,66.12599999999976
13946,63.22380000000008
13947,67.62060000000001
13948,63.926799999999844
13949,66.92479999999989
13950,66.2774000000001
13951,66.20860000000013
13952,64.72540000000029
13953,54.49573261904761
13954,63.956999999999745
13955,63.962199999999996
13956,64.59040000000027
13957,65.15159999999996
13958,68.45479999999993
13959,66.35640000000014
13960,63.95300000000016
13961,66.36880000000009
13962,67.47039999999991
13963,70.39059999999999
13964,63.24880000000046
13965,65.60479999999966
13966,63.17779999999969
13967,68.27839999999982
13968,67.93320000000027
13969,61.049400000000105
13970,66.97469999999998
13971,66.46559999999991
13972,63.868800000000235
13973,64.2246
13974,63.707400000000334
13975,63.545999999999786
13976,64.23000000000022
13977,65.39639999999999
13978,63.972550000000176
13979,66.16839999999992
13980,66.52999999999989
13981,74.16600000000001
13982,63.715799999999994
13983,63.533400000000285
13984,64.88340000000017
13985,63.4465999999997
13986,67.68800000000006
13987,70.7092000000001
13988,67.2811999999999
13989,66.0381999999996
13990,66.96940000000014
13991,65.08540000000004
13992,64.63840000000013
13993,67.25900000000007
13994,72.62160000000007
13995,65.92020000000001
13996,64.0836000000002
13997,75.69160000000026
13998,66.27759999999996
13999,67.98100000000011
14000,74.56320000000008
14001,64.18839999999996
14002,63.8711999999997
14003,66.37939999999998
14004,54.644048571428605
14005,65.72660000000002
14006,63.5563999999998
14007,66.33170000000018
14008,77.63820000000005
14009,67.21959999999997
14010,66.36080000000025
14011,65.46239999999995
14012,70.62859999999992
14013,66.0705
14014,65.3851999999998
14015,84.10079999999985
14016,66.53839999999974
14017,65.93599999999995
14018,66.93359999999979
14019,66.48769999999995
14020,63.28520000000036
14021,68.84319999999991
14022,65.54299999999999
14023,63.67639999999995
14024,63.446399999999855
14025,64.90880000000013
14026,69.99379999999987
14027,63.147000000000375
14028,68.0983999999999
14029,66.10840000000012
14030,63.61519999999967
14031,69.96540000000006
14032,65.81399999999968
14033,66.71919999999973
14034,66.46080000000005
14035,63.16180000000032
14036,68.11320000000003
14037,64.53659999999994
14038,72.40720000000013
14039,77.1153999999998
14040,65.64969999999984
14041,68.06739999999992
14042,69.55620000000002
14043,67.98519999999976
14044,66.8665999999998
14045,64.68480000000011
14046,69.11999999999996
14047,66.10380000000023
14048,72.74160000000006
14049,63.54620000000029
14050,63.678399999999996
14051,63.488600000000254
14052,65.51839999999966
14053,69.16740000000003
14054,64.77580000000012
14055,65.83439999999973
14056,73.01000000000002
14057,63.03439999999976
14058,64.05220000000025
14059,66.1333999999997
14060,65.2096
14061,67.60640000000029
14062,63.871199999999924
14063,64.63620000000036
14064,64.50119999999986
14065,71.73680000000002
14066,69.59760000000004
14067,58.25101333333324
14068,66.43259999999994
14069,64.7258
14070,65.0669999999996
14071,69.59119999999979
14072,65.92020000000015
14073,63.78600000000041
14074,67.88580000000012
14075,63.34160000000042
14076,64.20979999999996
14077,70.84470000000005
14078,67.36100000000012
14079,69.89920000000018
14080,66.86339999999997
14081,65.4418000000004
14082,65.08260000000021
14083,63.61519999999984
14084,67.10479999999984
14085,65.85280000000014
14086,69.56419999999981
14087,70.05319999999983
14088,60.31739999999979
14089,64.98160000000009
14090,65.04980000000006
14091,66.34459999999987
14092,68.00360000000005
14093,66.54099999999995
14094,79.10000000000025
14095,65.59839999999971
14096,69.00999999999989
14097,63.45180000000037
14098,64.28460000000005
14099,71.29540000000014
14100,66.35840000000005
14101,67.64159999999997
14102,65.0076000000003
14103,63.383199999999675
14104,63.65759999999983
14105,68.30240000000003
14106,63.39440000000011
14107,66.65939999999988
14108,63.152400000000405
14109,65.90379999999973
14110,68.50020000000006
14111,66.41379999999988
14112,62.602799999999654
14113,73.001
14114,65.9375999999999
14115,65.67660000000014
14116,67.98260000000022
14117,65.16359999999996
14118,63.57800000000006
14119,70.56999999999987
14120,67.49159999999993
14121,63.54960000000019
14122,79.08206666666649
14123,56.81480000000035
14124,69.01599999999974
14125,61.469399999999915
14126,71.44580000000003
14127,64.55500000000016
14128,67.75079999999987
14129,64.91720000000004
14130,63.67780000000001
14131,63.534000000000376
14132,64.33139999999996
14133,67.06880000000012
14134,67.84280000000008
14135,65.16000000000001
14136,62.64859999999952
14137,63.677600000000346
14138,63.39239999999989
14139,63.2190000000004
14140,72.59160000000003
14141,65.87259999999998
14142,60.5704000000003
14143,65.41979999999971
14144,63.779200000000365
14145,65.42600000000017
14146,65.50800000000014
14147,68.49799999999992
14148,66.19280000000009
14149,73.23640000000032
14150,66.22220000000013
14151,63.59440000000023
14152,67.12199999999994
14153,66.36280000000005
14154,64.38959999999979
14155,63.41460000000022
14156,74.9276
14157,65.87899999999983
14158,69.94159999999988
14159,65.1858000000003
14160,64.86299999999993
14161,70.84460000000003
14162,65.60179999999974
14163,66.5216
14164,70.28340000000027
14165,65.16800000000023
14166,62.90600000000029
14167,65.69819999999996
14168,62.8841999999998
14169,63.15940000000035
14170,69.84679999999992
14171,60.26219999999977
14172,64.71279999999997
14173,69.85640000000015
14174,69.14439999999998
14175,72.72780000000002
14176,64.03920000000025
14177,66.20560000000009
14178,68.39799999999974
14179,63.72080000000014
14180,67.39499999999984
14181,64.81806666666667
14182,63.48200000000002
14183,67.84820000000008
14184,65.2621999999998
14185,60.40919999999972
14186,63.613400000000105
14187,67.03239999999978
14188,64.8146000000002
14189,70.89040000000013
14190,62.68919999999961
14191,66.5066000000001
14192,61.112799999999694
14193,67.42460000000023
14194,65.51859999999995
14195,54.99913333333329
14196,73.13779999999988
14197,62.81080000000037
14198,65.01739999999978
14199,68.88059999999999
14200,63.899000000000335
14201,66.00799999999991
14202,64.16640000000008
14203,70.5155999999998
14204,62.941599999999866
14205,74.29379999999998
14206,69.18080000000018
14207,77.49698333333328
14208,66.09019999999978
14209,68.8997999999999
14210,64.6829999999999
14211,64.3402
14212,66.39779999999982
14213,66.29459999999982
14214,60.815000000000126
14215,59.99219999999981
14216,64.63879999999997
14217,68.94419999999975
14218,66.0748000000003
14219,66.26539999999997
14220,65.32440000000021
14221,66.77119999999968
14222,66.41279999999992
14223,64.96660000000006
14224,66.16879999999988
14225,66.26199999999986
14226,66.66619999999999
14227,65.98760000000017
14228,63.68220000000037
14229,65.79279999999996
14230,63.36240000000044
14231,64.77420000000026
14232,63.31360000000009
14233,71.52379999999982
14234,59.85599999999984
14235,66.00239999999968
14236,71.68979999999986
14237,73.08680000000018
14238,66.82660000000016
14239,66.58719999999991
14240,67.77380000000007
14241,64.52500000000008
14242,79.40480000000007
14243,63.41060000000024
14244,63.570999999999735
14245,62.8659999999997
14246,65.94019999999985
14247,63.086000000000176
14248,65.61279999999985
14249,61.525199999999856
14250,66.43759999999997
14251,65.9555999999999
14252,66.23429999999993
14253,69.92440000000023
14254,61.058600000000055
14255,62.068
14256,67.3124000000001
14257,65.48660000000001
14258,67.02759999999998
14259,65.44580000000032
14260,67.72039999999983
14261,67.31580000000012
14262,67.23660000000012
14263,65.9429999999998
14264,63.8240000000001
14265,68.10180000000004
14266,65.51920000000007
14267,66.59400000000011
14268,67.23279999999984
14269,67.6471999999997
14270,65.51099999999994
14271,63.42080000000003
14272,65.89000000000016
14273,64.55759999999992
14274,65.22140000000016
14275,67.20040000000003
14276,65.12780000000005
14277,67.83439999999972
14278,66.86199999999994
14279,65.86620000000005
14280,67.39179999999988
14281,65.0267999999999
14282,64.88119999999961
14283,65.57699999999991
14284,66.37819999999965
14285,67.07780000000001
14286,61.36219999999988
14287,65.7143000000002
14288,64.98319999999984
14289,66.92939999999989
14290,67.51159999999972
14291,63.53680000000034
14292,63.011600000000286
14293,72.60080000000002
14294,68.21679999999992
14295,66.40540000000013
14296,66.86859999999992
14297,63.03860000000031
14298,67.03599999999987
14299,69.08419999999987
14300,65.07799999999973
14301,66.39679999999966
14302,63.68040000000016
14303,63.202000000000346
14304,66.18639999999976
14305,67.22359999999955
14306,63.73000000000031
14307,62.21280000000017
14308,64.08999999999997
14309,65.38320000000006
14310,64.49179999999986
14311,72.825
14312,68.4601999999999
14313,64.5084000000002
14314,73.92720000000023
14315,64.90960000000024
14316,64.85299999999995
14317,68.66599999999994
14318,63.31339999999973
14319,68.60939999999992
14320,63.90579999999989
14321,65.02620000000022
14322,64.82979999999988
14323,68.38399999999997
14324,66.11539999999975
14325,65.58140000000014
14326,64.2074000000002
14327,65.9050000000001
14328,66.58899999999997
14329,66.58979999999987
14330,68.37559999999984
14331,68.95020000000001
14332,64.94799999999982
14333,61.196000000000126
14334,66.44719999999981
14335,66.95020000000024
14336,66.37819999999988
14337,67.67119999999983
14338,63.831200000000344
14339,60.23559999999957
14340,64.69519999999997
14341,63.47819999999978
14342,69.15820000000002
14343,65.10359999999972
14344,64.82960000000003
14345,64.26600000000018
14346,65.80719999999972
14347,70.0601999999998
14348,65.21460000000015
14349,66.40559999999988
14350,65.5833999999997
14351,69.0073999999999
14352,65.4466
14353,69.07779999999987
14354,67.50500000000045
14355,65.57439999999983
14356,70.06059999999981
14357,66.93540000000004
14358,69.33920000000002
14359,64.84236000000024
14360,69.45599999999985
14361,66.83739999999975
14362,64.90059999999963
14363,65.99519999999995
14364,64.39520000000006
14365,66.7878
14366,65.33840000000022
14367,63.9608000000003
14368,65.54860000000028
14369,71.47660000000005
14370,72.47920000000019
14371,68.02939999999984
14372,64.20820000000005
14373,63.074800000000394
14374,64.96100000000023
14375,68.74579999999989
14376,66.23380000000013
14377,65.43100000000005
14378,65.87219999999995
14379,66.16879999999982
14380,66.9256000000001
14381,66.00939999999962
14382,65.33449999999976
14383,66.59159999999993
14384,66.42000000000003
14385,60.74199999999972
14386,64.84459999999994
14387,72.58559999999991
14388,66.26959999999997
14389,66.13960000000003
14390,67.2798000000001
14391,64.61799999999977
14392,66.5432000000002
14393,64.0692000000001
14394,65.6637500000002
14395,65.91619999999993
14396,64.85760000000005
14397,62.99560000000003
14398,70.20039999999989
14399,65.07419999999993
14400,64.46459999999998
14401,67.53159999999998
14402,63.50739999999987
14403,67.25900000000014
14404,62.97680000000021
14405,66.22159999999982
14406,63.98300000000016
14407,65.56740000000006
14408,62.45739999999989
14409,67.73540000000017
14410,70.88740000000001
14411,67.61180000000003
14412,63.940000000000296
14413,66.33980000000014
14414,65.87320000000001
14415,76.88399999999997
14416,65.69179999999987
14417,70.32439999999995
14418,66.13419999999994
14419,62.374199999999576
14420,70.31719999999987
14421,66.35519999999995
14422,71.48399999999987
14423,64.03860000000033
14424,64.91359999999986
14425,67.7042000000001
14426,76.21119999999979
14427,71.40659999999997
14428,68.45259999999989
14429,59.28899999999995
14430,65.88220000000017
14431,64.58019999999989
14432,62.94080000000043
14433,66.74619999999975
14434,68.84639999999985
14435,63.820399999999964
14436,66.10480000000014
14437,62.89200000000048
14438,66.64759999999991
14439,63.90400000000039
14440,63.39500000000043
14441,74.05220000000007
14442,68.63560000000003
14443,65.85519999999977
14444,64.30340000000005
14445,68.91719999999981
14446,64.20120000000004
14447,64.31419999999984
14448,64.00779999999995
14449,70.19920000000003
14450,66.05040000000012
14451,69.21340000000009
14452,66.89160000000007
14453,64.39479999999986
14454,68.93539999999986
14455,62.93940000000043
14456,63.092800000000366
14457,66.66619999999978
14458,66.2264
14459,62.723400000000346
14460,66.038
14461,65.71819999999977
14462,64.51900000000003
14463,65.16659999999982
14464,64.0406000000004
14465,61.78100000000002
14466,66.1942000000002
14467,65.16899999999994
14468,65.49259999999992
14469,65.36839999999997
14470,67.61220000000004
14471,62.85539999999974
14472,63.52860000000005
14473,60.88279999999999
14474,69.27239999999982
14475,73.8276000000001
14476,73.81700000000004
14477,68.66960000000003
14478,67.47840000000001
14479,72.50159999999968
14480,62.85040000000026
14481,63.754199999999905
14482,67.22479999999986
14483,62.741400000000425
14484,72.44808571428584
14485,62.47259999999992
14486,65.58959999999998
14487,72.80099999999999
14488,67.06479999999985
14489,65.96079999999985
14490,66.48679999999977
14491,67.19939999999991
14492,66.89854999999993
14493,68.52780000000018
14494,71.58699999999985
14495,64.80160000000011
14496,64.89260000000034
14497,60.80780000000005
14498,67.66379999999991
14499,66.37259999999966
14500,65.03640000000006
14501,71.42939999999996
14502,60.64539999999975
14503,65.02920000000002
14504,64.59380000000006
14505,63.72460000000028
14506,62.39579999999973
14507,65.34020000000002
14508,64.2881999999999
14509,68.11439999999985
14510,71.94040000000007
14511,64.9142
14512,66.1221999999999
14513,80.60159999999995
14514,67.32640000000008
14515,71.60639999999992
14516,67.74560000000014
14517,63.24140000000042
14518,65.83340000000017
14519,74.68399999999993
14520,60.81180000000008
14521,63.959800000000236
14522,63.75300000000038
14523,64.18186666666666
14524,66.37890000000014
14525,66.19700000000013
14526,64.94599999999976
14527,67.24740000000001
14528,63.75619999999969
14529,66.17859999999995
14530,67.10139999999988
14531,64.47140000000005
14532,65.59159999999966
14533,64.23899999999985
14534,63.31060000000004
14535,65.66479999999997
14536,63.13119999999992
14537,69.56539999999987
14538,59.23260000000038
14539,70.19680000000008
14540,66.43580000000006
14541,64.68419999999995
14542,66.96380000000005
14543,66.32039999999984
14544,66.5842000000001
14545,65.37340000000039
14546,65.72420000000014
14547,66.24799999999992
14548,62.83859999999983
14549,65.75899999999979
14550,62.20099999999996
14551,64.00239999999981
14552,60.831000000000024
14553,75.43399999999984
14554,66.56699999999995
14555,64.059
14556,71.80419999999984
14557,64.67460000000011
14558,64.69839999999996
14559,64.1495999999999
14560,65.29419999999988
14561,64.66399999999987
14562,64.74359999999994
14563,72.35059999999991
14564,64.23299999999983
14565,62.985000000000404
14566,70.90333333333342
14567,68.59239999999991
14568,64.79439999999991
14569,66.71759999999998
14570,66.72580000000019
14571,65.05526666666687
14572,67.80799999999996
14573,64.19219999999979
14574,69.29759999999993
14575,64.82699999999991
14576,77.10239999999989
14577,67.36060000000018
14578,67.7057999999999
14579,66.93199999999985
14580,62.5893999999998
14581,64.53840000000004
14582,66.97899999999994
14583,71.21499999999997
14584,68.2318
14585,65.21760000000027
14586,67.13299999999984
14587,70.2590000000001
14588,67.9077999999998
14589,63.045000000000364
14590,64.50839999999997
14591,65.72760000000008
14592,66.8617999999998
14593,65.29600000000016
14594,63.62400000000032
14595,76.49880000000006
14596,63.193200000000175
14597,65.96400000000006
14598,66.13639999999977
14599,65.97359999999993
14600,56.110599999999884
14601,65.22740000000012
14602,63.24560000000024
14603,64.6631999999998
14604,63.63120000000023
14605,66.73729999999969
14606,67.07299999999974
14607,68.57740000000003
14608,63.02583999999987
14609,64.51119999999989
14610,65.63120000000006
14611,66.9230000000001
14612,63.98320000000016
14613,65.93299999999994
14614,64.39740000000008
14615,67.41859999999993
14616,68.04099999999991
14617,65.9336000000002
14618,58.51930000000036
14619,64.77380000000011
14620,63.790199999999665
14621,66.07799999999995
14622,65.36420000000012
14623,64.12660000000001
14624,63.317800000000254
14625,64.79260000000005
14626,63.944200000000315
14627,65.97546000000017
14628,63.59920000000031
14629,65.79019999999991
14630,64.44059999999998
14631,69.9944
14632,64.67339999999987
14633,64.54099999999998
14634,68.45939999999992
14635,66.29019999999997
14636,64.18839999999996
14637,65.76600000000033
14638,58.3940000000003
14639,64.92179999999995
14640,67.85479999999986
14641,66.65000000000002
14642,65.58299999999988
14643,66.07339999999985
14644,61.19339999999972
14645,63.79560000000002
14646,63.28340000000032
14647,66.13259999999998
14648,69.04099999999987
14649,66.25500000000005
14650,66.84059999999972
14651,65.28679999999976
14652,75.96019999999974
14653,73.3315999999999
14654,66.1827999999999
14655,65.35800000000027
14656,64.48159999999973
14657,63.65400000000011
14658,68.92449999999984
14659,64.67120000000007
14660,66.48769999999996
14661,61.33760000000009
14662,69.09620000000007
14663,66.31180000000008
14664,70.35499999999995
14665,64.33639999999991
14666,68.78259999999989
14667,64.87819999999999
14668,64.73380000000002
14669,63.3774000000003
14670,63.04419999999967
14671,65.09985333333351
14672,64.79719999999993
14673,67.90660000000007
14674,66.31840000000012
14675,63.96560000000023
14676,69.16239999999993
14677,78.27040000000004
14678,65.04979999999998
14679,65.78520000000003
14680,62.21640000000023
14681,66.49340000000015
14682,66.25479999999995
14683,72.227
14684,63.89879999999968
14685,64.49148904761874
14686,68.53540000000001
14687,64.22140000000014
14688,63.405200000000164
14689,67.32580000000004
14690,68.19040000000001
14691,68.93779999999998
14692,69.05479999999993
14693,66.2327999999996
14694,63.45200000000002
14695,66.08759999999988
14696,69.93400000000011
14697,64.2982
14698,66.15640000000002
14699,65.3039999999997
14700,65.52900000000022
14701,67.73779999999998
14702,69.53980000000023
14703,63.176800000000156
14704,71.72739999999999
14705,60.421466666666696
14706,62.69579999999985
14707,67.97939999999993
14708,65.46360000000017
14709,65.0636
14710,62.6001999999996
14711,63.43899999999957
14712,65.76480000000024
14713,71.40440000000004
14714,64.61280000000015
14715,70.86399999999999
14716,62.88899999999963
14717,64.36260000000004
14718,66.88420000000032
14719,67.27559999999984
14720,72.77960000000006
14721,67.10419999999988
14722,76.28520000000009
14723,68.06859999999983
14724,64.87579999999987
14725,63.55940000000027
14726,65.32169999999994
14727,65.85619999999972
14728,66.07620000000014
14729,65.55059999999985
14730,65.33500000000014
14731,65.65539999999979
14732,66.53399999999962
14733,66.6973999999999
14734,66.49379999999977
14735,66.10779999999981
14736,65.31499999999997
14737,65.15360000000022
14738,62.810799999999986
14739,62.05899999999972
14740,73.66019999999976
14741,65.70379999999976
14742,58.56340000000033
14743,65.19579999999992
14744,65.22920000000013
14745,65.39500000000024
14746,69.28439999999998
14747,72.73319999999984
14748,65.41320000000013
14749,70.21840000000009
14750,67.47639999999987
14751,67.69039999999976
14752,69.17919999999991
14753,60.917400000000114
14754,66.26579999999979
14755,65.653
14756,65.19599999999986
14757,68.30459999999971
14758,62.770800000000214
14759,69.67129999999983
14760,67.27939999999987
14761,64.29540000000028
14762,66.4467999999998
14763,68.30439999999986
14764,64.20360000000008
14765,68.0398000000001
14766,65.25490000000018
14767,59.744000000000014
14768,65.7090000000001
14769,70.54860000000004
14770,65.35819999999951
14771,72.31740000000016
14772,69.38480000000001
14773,66.35179999999974
14774,66.35367999999991
14775,65.8472000000001
14776,67.1154
14777,67.10480000000003
14778,72.12280000000014
14779,73.88979999999978
14780,70.26359999999991
14781,61.30420000000001
14782,67.34119999999996
14783,65.85839999999992
14784,64.3784
14785,66.67900000000007
14786,69.40359999999997
14787,67.21699999999966
14788,62.687200000000395
14789,68.68099999999978
14790,66.42075
14791,67.32599999999975
14792,68.40060000000028
14793,69.7606
14794,65.90339999999989
14795,65.37630000000011
14796,65.40919999999988
14797,65.02220000000003
14798,86.43959999999987
14799,63.212600000000286
14800,63.53359999999972
14801,64.94279999999992
14802,64.28339999999979
14803,64.1835999999998
14804,72.54160000000016
14805,67.88140000000011
14806,65.9359999999998
14807,64.04060000000014
14808,67.73
14809,74.29399999999997
14810,57.598600000000424
14811,65.96779999999971
14812,66.70360000000004
14813,64.77720000000016
14814,68.17239999999987
14815,66.71840000000007
14816,66.71739999999994
14817,64.1534
14818,66.35199999999993
14819,57.915600000000424
14820,66.21380000000003
14821,65.77740000000018
14822,64.81500000000015
14823,69.12880000000015
14824,68.01179999999984
14825,67.10259999999973
14826,70.1848000000001
14827,61.39079999999999
14828,65.82540000000006
14829,66.15119999999955
14830,63.49159999999977
14831,63.99639999999991
14832,64.74119999999971
14833,57.034713109668026
14834,63.71500000000025
14835,67.96999999999996
14836,64.19880000000018
14837,65.99540000000005
14838,61.82800000000001
14839,67.79260000000029
14840,63.58780000000021
14841,63.477000000000324
14842,61.46700000000006
14843,66.34699999999998
14844,64.13239999999983
14845,64.58620000000022
14846,65.86300000000011
14847,60.97419999999985
14848,65.16840000000012
14849,64.58259999999993
14850,65.1069999999997
14851,64.1006000000002
14852,64.3368
14853,68.58459999999972
14854,68.2281999999999
14855,65.4917999999998
14856,65.43980000000002
14857,67.08160000000007
14858,68.64499999999988
14859,66.34439999999992
14860,72.03379999999987
14861,65.85439999999996
14862,63.12319999999949
14863,73.31839999999994
14864,64.32239999999977
14865,64.2008
14866,71.27159999999995
14867,63.93140000000017
14868,63.76799999999997
14869,70.55859999999984
14870,67.92039999999955
14871,64.51
14872,65.04020000000016
14873,71.40659999999991
14874,65.10140000000003
14875,64.3514000000003
14876,65.10580000000023
14877,63.68659999999987
14878,67.0827999999999
14879,68.76680000000003
14880,66.50539999999984
14881,71.37619999999998
14882,66.10369999999989
14883,71.49320000000003
14884,66.5366
14885,65.89340000000003
14886,70.74620000000016
14887,64.66279999999985
14888,65.60360000000013
14889,64.54419999999999
14890,65.02380000000002
14891,64.76179999999994
14892,71.60140000000001
14893,63.9454000000003
14894,68.41699999999996
14895,66.58139999999986
14896,64.93919999999993
14897,68.46660000000008
14898,63.847999999999935
14899,64.34199999999998
14900,66.07070000000024
14901,61.063000000000216
14902,66.4416
14903,66.95019999999982
14904,65.83160000000002
14905,66.71080000000005
14906,62.26399999999964
14907,63.384599999999715
14908,63.99318000000034
14909,66.68919999999966
14910,62.73121333333326
14911,66.57240000000021
14912,65.27580000000005
14913,66.1056
14914,67.76899999999974
14915,68.27059999999999
14916,66.22340000000024
14917,63.41060000000038
14918,65.11159999999975
14919,66.00819999999999
14920,64.48239999999981
14921,64.1528000000002
14922,63.24120000000031
14923,63.532600000000066
14924,54.961456666666734
14925,67.56239999999984
14926,66.48559999999988
14927,67.73479999999992
14928,59.312720000000255
14929,66.58599999999996
14930,63.949799999999804
14931,64.8392
14932,65.04979999999988
14933,66.59379999999962
14934,61.19420000000005
14935,70.59380000000024
14936,68.8318000000001
14937,66.7970000000001
14938,66.99930000000008
14939,66.93019999999986
14940,73.89939999999986
14941,63.93920000000006
14942,65.00900000000013
14943,62.216199999999574
14944,63.732400000000254
14945,65.30360000000017
14946,66.12319999999985
14947,66.64379999999994
14948,65.15059999999978
14949,66.11929999999998
14950,63.16440000000043
14951,65.68920000000007
14952,65.94499999999996
14953,64.11259999999974
14954,66.86299999999996
14955,63.7163999999996
14956,65.5488000000002
14957,67.03959999999994
14958,64.77960000000006
14959,62.2615999999995
14960,60.498999999999995
14961,65.04180000000005
14962,66.28939999999992
14963,65.81399999999984
14964,66.58120000000001
14965,65.81420000000014
14966,66.29279999999977
14967,66.52520000000004
14968,67.19979999999994
14969,66.03780000000026
14970,72.268
14971,65.53979999999997
14972,66.9748000000001
14973,66.36739999999976
14974,63.06740000000038
14975,66.0033999999997
14976,64.31800000000028
14977,66.46980000000022
14978,65.65359999999984
14979,65.29000000000002
14980,66.28039999999987
14981,73.72499999999987
14982,69.04440000000018
14983,65.88099999999977
14984,65.90579999999984
14985,65.91679999999994
14986,67.7370000000001
14987,65.02279999999985
14988,63.162599999999706
14989,67.2439999999999
14990,64.64079999999998
14991,65.46580000000016
14992,64.69179999999983
14993,64.22260000000013
14994,65.18320000000017
14995,59.21740000000032
14996,67.43599999999998
14997,64.65419999999962
14998,64.34840000000003
14999,65.9813999999999
15000,65.44760000000015
15001,62.780800000000156
15002,70.23900000000002
15003,66.62835000000011
15004,66.96453333333305
15005,66.3686
15006,65.2025999999999
15007,65.57900000000033
15008,73.59700000000001
15009,66.40580000000003
15010,76.2019999999999
15011,67.33420000000031
15012,66.3213999999996
15013,66.78999999999975
15014,63.64960000000015
15015,68.90980000000005
15016,62.41660000000039
15017,65.5061999999998
15018,76.36900000000024
15019,65.0751999999998
15020,67.99059999999996
15021,61.265000000000136
15022,66.34239999999997
15023,65.1367999999999
15024,61.71199999999992
15025,63.14892
15026,63.56020000000033
15027,66.68860000000001
15028,70.04599999999995
15029,65.98679999999992
15030,62.897000000000446
15031,65.23199999999991
15032,64.33319999999983
15033,69.03619999999972
15034,63.40239999999967
15035,63.923199999999696
15036,64.39140000000019
15037,64.21660000000006
15038,65.32500000000019
15039,66.36279999999987
15040,66.40499999999992
15041,64.70880000000005
15042,66.04359999999996
15043,67.35440000000017
15044,67.05640000000008
15045,63.32260000000035
15046,73.35080000000005
15047,71.73080000000009
15048,63.62400000000013
15049,63.170399999999724
15050,66.73759999999993
15051,65.44299999999987
15052,62.20459999999958
15053,67.43599999999985
15054,74.51820000000005
15055,57.911600000000384
15056,66.83959999999996
15057,66.8000000000002
15058,66.39195000000002
15059,65.07379999999979
15060,69.96299999999992
15061,65.38800000000006
15062,65.91760000000002
15063,66.84619999999998
15064,63.001200000000345
15065,66.34339999999997
15066,64.13839999999993
15067,67.52200000000002
15068,66.18720000000005
15069,65.47539999999981
15070,64.21339999999977
15071,66.61939999999974
15072,77.2912000000002
15073,64.73179999999968
15074,80.08539999999982
15075,67.48440000000015
15076,65.98879999999993
15077,61.76560000000003
15078,66.43179999999982
15079,73.8146000000001
15080,67.30959999999963
15081,69.53520000000007
15082,75.45900000000002
15083,65.36260000000006
15084,64.25399999999982
15085,65.07080000000018
15086,72.64580000000024
15087,60.63519999999992
15088,63.66399999999968
15089,67.5256000000002
15090,62.76479999999975
15091,60.40119999999964
15092,62.867600000000266
15093,71.67100000000016
15094,65.01279999999988
15095,62.74619999999976
15096,65.96190000000013
15097,66.07380000000006
15098,68.10700000000007
15099,67.38199999999999
15100,65.27499999999999
15101,69.79360000000028
15102,67.45299999999999
15103,67.83940000000025
15104,65.06119999999973
15105,78.91560000000044
15106,66.25739999999992
15107,60.47279999999969
15108,66.33819999999997
15109,66.85779999999986
15110,66.81999999999998
15111,64.52240000000005
15112,68.05439999999997
15113,55.227229285714195
15114,70.31120000000017
15115,63.199199999999514
15116,65.11420000000008
15117,65.53219999999996
15118,67.6639999999999
15119,68.70160000000001
15120,66.81479999999999
15121,64.49520000000012
15122,67.7357999999998
15123,75.10759999999988
15124,63.98600000000022
15125,66.26260000000013
15126,67.25319999999968
15127,65.53240000000005
15128,66.51459999999992
15129,62.952800000000316
15130,69.00059999999995
15131,65.55320000000022
15132,67.58799999999995
15133,65.3975999999999
15134,64.3606000000002
15135,65.61740000000015
15136,74.70679999999999
15137,63.05699999999971
15138,62.85060000000045
15139,65.73380000000017
15140,65.77679999999991
15141,66.26679999999993
15142,75.4150000000003
15143,58.90211666666693
15144,65.70420000000009
15145,63.352600000000265
15146,68.21900000000001
15147,69.79320000000007
15148,64.95144999999997
15149,66.93000000000004
15150,69.21460000000009
15151,64.14540000000031
15152,66.6379999999997
15153,66.01340000000008
15154,66.3488000000001
15155,66.11160000000007
15156,66.38220000000007
15157,67.35259999999982
15158,64.54000000000003
15159,63.36500000000038
15160,64.50540000000034
15161,62.37359999999959
15162,68.88239999999992
15163,65.95639999999983
15164,65.36619999999999
15165,64.88199999999979
15166,63.62759999999979
15167,65.3482
15168,64.4442000000002
15169,69.94780000000016
15170,64.1874
15171,67.22279999999986
15172,66.46899999999987
15173,67.54779999999981
15174,64.56139999999981
15175,65.31459999999988
15176,66.27580000000013
15177,70.4910666666667
15178,64.50339999999979
15179,65.86120000000017
15180,66.95179999999974
15181,65.31440000000009
15182,65.78719999999981
15183,69.95799999999997
15184,65.5726000000003
15185,69.14239999999974
15186,60.73519999999999
15187,66.47100000000006
15188,65.0042000000001
15189,75.62679999999993
15190,68.53379999999994
15191,65.27600000000004
15192,66.74199999999969
15193,66.87320000000008
15194,68.4509999999996
15195,66.16980000000011
15196,66.92780000000009
15197,54.47182
15198,64.27880000000022
15199,64.22440000000026
15200,63.429200000000236
15201,64.66440000000021
15202,65.49039999999991
15203,66.40999999999987
15204,71.2366000000001
15205,67.50879999999988
15206,66.06779999999968
15207,63.272700000000285
15208,69.5360000000004
15209,63.81520000000027
15210,65.20060000000004
15211,68.72720000000004
15212,64.96779999999971
15213,62.78860000000048
15214,67.36839999999981
15215,64.90999999999998
15216,70.13879999999996
15217,73.23020000000011
15218,65.51120000000007
15219,66.58799999999995
15220,65.57400000000014
15221,65.39840000000021
15222,66.14679999999976
15223,67.23440000000015
15224,67.98719999999979
15225,64.35460000000002
15226,65.78359999999977
15227,62.231799999999836
15228,66.85059999999994
15229,64.6833500000002
15230,66.66179999999969
15231,67.56139999999999
15232,66.32480000000007
15233,66.41740000000001
15234,63.929400000000335
15235,64.62760000000024
15236,64.92779999999969
15237,67.27639999999982
15238,62.45600000000018
15239,69.0389999999999
15240,64.70880000000035
15241,64.19499999999971
15242,71.43720000000013
15243,63.51039999999964
15244,65.58160000000034
15245,63.359199999999824
15246,66.68539999999996
15247,65.60160000000027
15248,70.5002
15249,65.15999999999978
15250,65.92839999999991
15251,64.5562000000002
15252,64.88419999999995
15253,63.69860000000039
15254,68.3639999999999
15255,66.2362
15256,62.7633999999999
15257,63.9071999999997
15258,64.6946
15259,63.434199999999905
15260,64.30340000000012
15261,64.5346000000003
15262,68.29379999999998
15263,65.47179999999983
15264,62.94160000000045
15265,67.77760000000026
15266,66.08170000000014
15267,66.01780000000018
15268,65.76500000000013
15269,67.52179999999976
15270,65.7491333333333
15271,71.4381999999999
15272,69.58480000000006
15273,67.11739999999986
15274,65.56979999999994
15275,65.30360000000024
15276,63.93840000000017
15277,70.7424000000002
15278,68.06860000000044
15279,67.84239999999997
15280,67.93720000000005
15281,66.26099999999975
15282,63.940400000000245
15283,75.30380000000027
15284,65.27960000000016
15285,61.524199999999865
15286,63.045199999999774
15287,63.724000000000004
15288,66.67479999999973
15289,64.35039999999992
15290,64.70899999999979
15291,64.48499999999986
15292,64.9386000000002
15293,69.0809999999997
15294,67.11459999999995
15295,63.31780000000034
15296,67.02580000000022
15297,64.09500000000025
15298,67.3637999999998
15299,63.0952000000004
15300,65.82939999999988
15301,64.41040000000028
15302,54.95601000000001
15303,66.22679999999997
15304,63.144600000000054
15305,68.13299999999987
15306,65.21199999999995
15307,69.6333999999998
15308,64.61120000000015
15309,64.51979999999996
15310,64.53720000000025
15311,65.56659999999997
15312,64.62739999999994
15313,73.89760000000024
15314,60.299171428571576
15315,81.29820000000007
15316,66.06536000000003
15317,61.8773999999997
15318,81.58200000000001
15319,65.06420000000035
15320,66.8935999999999
15321,58.92080000000007
15322,64.34299999999996
15323,66.14879999999982
15324,65.96639999999977
15325,77.00900000000014
15326,69.93979999999999
15327,65.96760000000009
15328,64.60699999999973
15329,62.00740000000003
15330,70.62369999999983
15331,60.90939999999971
15332,63.93579999999984
15333,67.3499999999999
15334,71.74319999999987
15335,75.24000000000002
15336,64.18732000000001
15337,64.29240000000023
15338,62.23100000000017
15339,68.97099999999995
15340,66.48620000000011
15341,65.56800000000027
15342,65.6288
15343,68.90619999999994
15344,69.33640000000005
15345,67.29939999999979
15346,70.10360000000021
15347,67.22020000000009
15348,63.65200000000031
15349,65.21559999999981
15350,64.58579999999995
15351,73.13099999999997
15352,65.45739999999962
15353,62.414000000000115
15354,63.69860000000028
15355,63.678200000000345
15356,65.89900000000019
15357,64.83220000000001
15358,65.43419999999989
15359,66.92519999999993
15360,65.5398000000001
15361,62.837399999999526
15362,64.48940000000032
15363,65.26640000000002
15364,65.9394000000001
15365,69.696
15366,63.79620000000005
15367,65.05420000000018
15368,62.99700000000031
15369,60.41040000000001
15370,61.33660000000007
15371,60.688399999999845
15372,72.2480000000002
15373,62.985199999999665
15374,65.09700000000002
15375,66.92559999999989
15376,72.39460000000001
15377,66.4757999999999
15378,74.00100000000036
15379,66.18139999999973
15380,67.04780000000014
15381,63.62419999999997
15382,67.16200000000023
15383,66.0976000000001
15384,66.21319999999987
15385,65.76129999999971
15386,66.4322
15387,63.4138000000004
15388,66.5475999999996
15389,66.97400000000007
15390,63.88979999999963
15391,64.9542
15392,61.935599999999994
15393,74.91800000000003
15394,64.42179999999999
15395,67.77259999999985
15396,63.279999999999795
15397,65.18940000000008
15398,65.68479999999987
15399,64.15840000000024
15400,66.91519999999987
15401,68.12400000000012
15402,69.30499999999991
15403,76.95399999999998
15404,67.93519999999991
15405,65.7182000000001
15406,66.6679999999998
15407,64.2788000000002
15408,78.56819999999995
15409,69.80320000000006
15410,67.0106
15411,65.69200000000004
15412,67.3774
15413,72.16119999999987
15414,67.53919999999988
15415,65.44496000000001
15416,67.66080000000002
15417,67.41779999999999
15418,67.45579999999985
15419,59.23100000000019
15420,63.49940000000034
15421,67.56820000000002
15422,66.10900000000002
15423,65.19200000000002
15424,65.73340000000003
15425,72.10500000000013
15426,68.35259999999984
15427,63.28499999999984
15428,66.3398666666666
15429,73.41660000000022
15430,66.74
15431,67.37860000000012
15432,66.27900000000007
15433,68.7819999999997
15434,67.16760000000004
15435,69.4596
15436,69.61799999999978
15437,69.66660000000002
15438,68.71119999999982
15439,82.8009999999998
15440,66.50919999999981
15441,67.84399999999974
15442,63.988199999999956
15443,69.06680000000004
15444,66.94380000000014
15445,64.45020000000028
15446,65.86499999999998
15447,64.59000000000017
15448,69.61879999999991
15449,64.95299999999997
15450,69.26180000000015
15451,65.46800000000019
15452,66.6318000000002
15453,66.39279999999988
15454,65.07919999999999
15455,65.89200000000017
15456,66.06899999999982
15457,73.8299999999999
15458,65.12800000000027
15459,70.61220000000021
15460,66.73100000000005
15461,66.73380000000013
15462,66.22500000000001
15463,63.905999999999786
15464,63.91480000000011
15465,63.77740000000026
15466,66.46539999999979
15467,64.573
15468,66.00259999999967
15469,63.27599999999987
15470,69.17540000000001
15471,63.29489999999987
15472,65.52060000000014
15473,63.13739999999982
15474,67.3638000000001
15475,63.72160000000043
15476,65.72820000000006
15477,65.85640000000002
15478,66.56539999999994
15479,67.87119999999999
15480,70.47339999999994
15481,65.662
15482,63.265800000000425
15483,66.37840000000016
15484,68.31939999999976
15485,62.97380000000029
15486,67.62399999999995
15487,70.38519999999998
15488,65.35819999999988
15489,67.32126000000015
15490,81.18619999999994
15491,70.17459999999997
15492,64.23640000000026
15493,66.7588
15494,64.97180000000041
15495,69.46419999999975
15496,66.72080000000008
15497,73.46800000000027
15498,68.75599999999947
15499,67.95640000000006
15500,66.40059999999983
15501,66.04739999999994
15502,63.16500000000035
15503,66.13299999999981
15504,68.42779999999988
15505,67.16359999999985
15506,67.79140000000004
15507,67.44040000000004
15508,63.39299999999984
15509,63.86260000000028
15510,66.0672
15511,65.77240000000022
15512,65.24379999999996
15513,66.62479999999992
15514,66.91459999999965
15515,65.18340000000019
15516,66.67439999999979
15517,67.0091999999999
15518,68.28080000000024
15519,69.0192000000001
15520,69.86279999999978
15521,63.09080000000002
15522,81.57999999999998
15523,66.17419999999986
15524,65.8423999999997
15525,65.40339999999966
15526,64.21419999999982
15527,64.3402000000001
15528,65.84580000000017
15529,68.02000000000001
15530,66.69239999999988
15531,68.82779999999993
15532,71.12320000000004
15533,63.80140000000002
15534,63.19159999999975
15535,62.49039999999951
15536,65.85580000000014
15537,65.60619999999979
15538,65.41719999999987
15539,68.02459999999978
15540,66.6558000000002
15541,64.4692999999999
15542,77.09579999999997
15543,66.9720000000001
15544,63.58920000000039
15545,64.1293999999997
15546,62.74880000000022
15547,63.28899999999985
15548,66.57959999999994
15549,67.35500000000002
15550,67.04009999999995
15551,67.30620000000005
15552,65.27919999999989
15553,63.14120000000042
15554,65.09140000000019
15555,64.58260000000001
15556,64.46660000000008
15557,63.71520000000025
15558,64.69560000000003
15559,66.05799999999998
15560,65.30399999999977
15561,66.22519999999973
15562,71.20959999999977
15563,66.97139999999995
15564,63.625200000000284
15565,63.896400000000106
15566,70.7935999999999
15567,60.52869999999965
15568,66.33059999999995
15569,60.45800000000018
15570,61.54259999999989
15571,65.09159999999989
15572,65.81359999999978
15573,66.32440000000011
15574,65.55440000000021
15575,66.01050000000012
15576,64.08200000000026
15577,64.90359999999983
15578,63.29159999999963
15579,66.12019999999997
15580,66.88540000000002
15581,67.47179999999993
15582,67.20839999999974
15583,67.57300000000016
15584,61.19359999999989
15585,64.07300000000009
15586,67.67019999999971
15587,62.830400000000125
15588,63.48400000000033
15589,66.78100000000003
15590,66.52019999999978
15591,64.49659999999973
15592,65.94839999999984
15593,64.10439999999993
15594,62.40819999999959
15595,61.52039999999991
15596,65.92080000000006
15597,64.09999999999977
15598,73.3326
15599,65.87299999999972
15600,63.77699999999991
15601,62.07499999999963
15602,63.49340000000026
15603,67.9156000000001
15604,67.92719999999962
15605,64.50860000000014
15606,59.68200000000004
15607,68.37339999999995
15608,63.57320000000033
15609,63.94052000000028
15610,66.73560000000003
15611,69.80739999999977
15612,64.47019999999988
15613,66.22959999999992
15614,63.263599999999954
15615,65.62979999999975
15616,66.09359999999995
15617,66.4462
15618,73.17360000000016
15619,65.10280000000003
15620,68.4179999999997
15621,63.25340000000022
15622,67.18879999999972
15623,67.8997999999998
15624,63.41500000000025
15625,63.582800000000425
15626,68.47699999999992
15627,63.10840000000037
15628,68.16720000000004
15629,65.68419999999982
15630,67.72279999999996
15631,65.95600000000007
15632,67.18099999999978
15633,65.08560000000003
15634,66.30379999999991
15635,66.32667999999994
15636,68.8772
15637,64.1418
15638,64.99979999999987
15639,63.74540000000023
15640,62.75259999999963
15641,66.99880000000002
15642,63.29080000000046
15643,63.38520000000004
15644,78.47719999999994
15645,63.7454000000002
15646,63.106200000000285
15647,77.7694
15648,64.69410000000022
15649,64.57280000000017
15650,65.90019999999996
15651,66.1219999999997
15652,63.57699999999976
15653,64.79960000000003
15654,66.94260000000004
15655,68.01459999999983
15656,65.13680000000028
15657,68.47059999999989
15658,75.56599999999996
15659,65.7347999999998
15660,64.21160000000032
15661,66.25419999999987
15662,64.98420000000017
15663,65.29539999999987
15664,64.22800000000015
15665,64.01840000000017
15666,64.40900000000003
15667,65.95639999999986
15668,65.11520000000003
15669,63.078599999999874
15670,67.17160000000005
15671,64.08320000000015
15672,63.685400000000314
15673,66.42159999999988
15674,66.01099999999997
15675,63.0382000000001
15676,64.88540000000008
15677,65.00759999999984
15678,66.21479999999987
15679,66.38939999999975
15680,72.35800000000009
15681,64.50934000000001
15682,65.62004000000023
15683,65.88489999999993
15684,64.37000000000006
15685,68.51080000000009
15686,65.28020000000001
15687,64.8860000000002
15688,66.74039999999997
15689,66.53499999999993
15690,66.42419999999993
15691,65.08840000000014
15692,70.52880000000005
15693,62.36419999999987
15694,64.53720000000027
15695,65.7586666666666
15696,69.7736
15697,64.69860000000014
15698,71.93660000000008
15699,63.41780000000007
15700,64.0944
15701,67.54759999999972
15702,66.29559999999954
15703,60.63780000000005
15704,63.61620000000021
15705,66.88009999999994
15706,63.516400000000296
15707,68.55079999999981
15708,66.09820000000012
15709,60.8693942857143
15710,64.87139999999965
15711,65.36999999999986
15712,61.79680000000003
15713,64.32779999999977
15714,63.243599999999546
15715,64.59679999999979
15716,66.83760000000024
15717,65.13779999999971
15718,63.852400000000046
15719,67.58519999999989
15720,70.3077999999998
15721,65.32000000000015
15722,65.16760000000008
15723,65.16360000000022
15724,65.65640000000009
15725,62.81140000000046
15726,66.47460000000004
15727,64.93219999999992
15728,69.51139999999984
15729,70.42219999999968
15730,64.3931999999999
15731,64.3220000000003
15732,64.94519999999994
15733,65.22179999999966
15734,65.81299999999992
15735,65.80079999999985
15736,64.72399999999963
15737,68.2755999999999
15738,70.11199999999997
15739,64.09599999999993
15740,68.13739999999976
15741,63.67620000000025
15742,65.86200000000015
15743,67.30959999999986
15744,64.69819999999972
15745,66.03899999999967
15746,65.76479999999997
15747,64.76199999999986
15748,68.52840000000003
15749,65.75060000000003
15750,68.83420000000001
15751,66.90139999999992
15752,59.66040000000007
15753,66.24879999999983
15754,69.94519999999987
15755,66.2164
15756,65.4214000000003
15757,64.82080000000019
15758,64.20000000000024
15759,65.05540000000008
15760,68.24060000000004
15761,66.14200000000024
15762,70.32700000000015
15763,70.13479999999997
15764,62.641080000000166
15765,65.69180000000003
15766,65.69359999999962
15767,64.2888000000004
15768,64.76299999999996
15769,67.04200000000034
15770,62.70620000000033
15771,64.6099999999999
15772,64.55619999999998
15773,65.11959999999996
15774,67.35639999999987
15775,70.5417999999999
15776,66.25399999999976
15777,65.9763999999998
15778,61.642600000000286
15779,65.82799999999968
15780,62.02939999999989
15781,64.59139999999991
15782,65.42365000000018
15783,64.3161999999997
15784,67.92859999999982
15785,82.18599999999995
15786,67.46039999999999
15787,68.63140000000006
15788,64.92620000000012
15789,67.64379999999981
15790,64.41939999999992
15791,65.7211999999998
15792,69.69139999999999
15793,56.21760000000034
15794,63.00380000000041
15795,66.32939999999992
15796,72.45880000000017
15797,62.781200000000425
15798,64.08200000000001
15799,69.78509999999986
15800,64.39800000000007
15801,70.35759999999999
15802,69.25480000000005
15803,65.25419999999967
15804,68.80779999999983
15805,68.2536
15806,62.76140000000001
15807,66.67559999999976
15808,59.292469999999916
15809,64.7468000000002
15810,71.51180000000002
15811,66.99500000000003
15812,64.4684000000002
15813,63.86215000000019
15814,70.38739999999994
15815,69.60940000000006
15816,69.5351999999999
15817,64.67220000000034
15818,66.46319999999962
15819,64.80020000000025
15820,66.52500000000002
15821,62.859599999999645
15822,68.04279999999993
15823,68.68479999999988
15824,66.17099999999975
15825,67.723
15826,61.597599999999964
15827,75.97359999999993
15828,66.79760000000003
15829,69.70760000000011
15830,66.19939999999984
15831,69.06219999999998
15832,62.22740000000021
15833,65.85999999999973
15834,65.92179999999985
15835,66.13600000000022
15836,64.39959999999986
15837,64.05659999999995
15838,63.79080000000034
15839,67.4303999999999
15840,66.81299999999986
15841,66.1104000000002
15842,64.88440000000014
15843,80.13299999999994
15844,64.78279999999987
15845,66.61840000000001
15846,76.57820000000001
15847,67.87859999999993
15848,65.18719999999985
15849,62.11220000000018
15850,66.99439999999984
15851,65.2377999999996
15852,66.12900000000018
15853,68.88139999999997
15854,63.5824666666665
15855,60.607200000000425
15856,63.75860000000036
15857,67.07180000000007
15858,67.61499999999977
15859,62.85460000000043
15860,66.49579999999992
15861,62.29419999999954
15862,64.92580000000002
15863,66.78259999999959
15864,64.72859999999999
15865,67.48279999999993
15866,67.24780000000003
15867,66.77320000000027
15868,65.44180000000026
15869,64.45080000000014
15870,68.51779999999987
15871,62.74559999999984
15872,65.23960000000004
15873,63.469600000000376
15874,66.71640000000015
15875,80.67340000000006
15876,71.60560000000011
15877,67.49280000000009
15878,63.21019999999969
15879,72.8538000000003
15880,54.70166000000004
15881,67.97499999999992
15882,66.00480000000013
15883,66.51219999999999
15884,68.69839999999985
15885,62.50999999999981
15886,68.57899999999982
15887,65.78820000000017
15888,66.91100000000013
15889,64.07879999999993
15890,67.31539999999987
15891,66.1146999999998
15892,65.17160000000015
15893,63.74680000000036
15894,59.10639999999999
15895,62.973400000000424
15896,62.97860000000037
15897,64.9447999999998
15898,60.45240000000021
15899,66.44080000000005
15900,63.58760000000009
15901,62.8215999999996
15902,68.85500000000009
15903,63.61180000000025
15904,62.752600000000285
15905,68.7315999999998
15906,64.79199999999999
15907,64.10800000000027
15908,63.023400000000045
15909,65.65239999999987
15910,65.76579999999989
15911,62.95000000000044
15912,64.16760000000001
15913,64.79499999999997
15914,65.14799999999988
15915,64.91220000000024
15916,64.67899999999996
15917,63.94219999999998
15918,65.14959999999985
15919,65.91260000000005
15920,66.85660000000016
15921,65.91899999999991
15922,76.65580000000001
15923,64.68139999999964
15924,65.09699999999997
15925,64.64840000000014
15926,63.47560000000026
15927,64.55339999999997
15928,77.3804
15929,64.86020000000025
15930,66.42200000000011
15931,63.7571999999998
15932,64.40500000000033
15933,66.00739999999993
15934,70.44699999999979
15935,66.72979999999984
15936,66.58119999999975
15937,67.7224
15938,57.825600000000385
15939,64.03280000000022
15940,64.96099999999991
15941,64.99500000000032
15942,65.35920000000023
15943,66.88099999999982
15944,67.85580000000024
15945,64.53759999999994
15946,63.681400000000316
15947,66.2821999999997
15948,64.23060000000031
15949,68.78420000000011
15950,66.20739999999972
15951,66.10900000000004
15952,65.21699999999994
15953,66.61699999999976
15954,62.76779999999994
15955,65.97459999999988
15956,64.44019999999992
15957,65.84420000000016
15958,64.20760000000001
15959,64.31539999999991
15960,66.08659999999978
15961,65.21079999999998
15962,64.01519999999987
15963,66.80579999999986
15964,64.92820000000002
15965,64.37420000000033
15966,65.15080000000016
15967,62.44519999999973
15968,67.5425999999998
15969,66.54479999999981
15970,64.44173333333322
15971,64.45720000000014
15972,67.40940000000009
15973,64.76480000000001
15974,72.13159999999986
15975,62.7645999999998
15976,63.546800000000005
15977,71.65579999999999
15978,75.1712666666662
15979,65.00619999999982
15980,69.0269999999999
15981,58.35719999999999
15982,64.34540000000014
15983,64.77660000000007
15984,82.07259999999984
15985,72.93000000000023
15986,66.02386333333334
15987,69.09100000000042
15988,65.72659999999973
15989,63.34620000000031
15990,63.0839999999997
15991,65.00500000000027
15992,73.11160000000005
15993,63.68140000000026
15994,61.22219999999987
15995,69.74299999999988
15996,74.88173333333337
15997,64.37900000000018
15998,64.87999999999991
15999,69.25460000000004
16000,66.15339999999998
16001,68.76919999999996
16002,68.25179999999997
16003,65.43020000000018
16004,66.35299999999971
16005,66.18080000000006
16006,65.23940000000023
16007,66.10099999999997
16008,67.04979999999975
16009,66.84280000000017
16010,65.86940000000004
16011,66.74839999999973
16012,67.52679999999998
16013,65.06280000000005
16014,65.85399999999996
16015,62.93740000000046
16016,65.95540000000011
16017,63.12499999999958
16018,67.06239999999987
16019,64.1634000000002
16020,65.97099999999972
16021,67.02079999999971
16022,63.49359999999961
16023,66.54240000000009
16024,63.26980000000029
16025,68.4295999999997
16026,65.68599999999988
16027,63.81160000000032
16028,73.29439999999998
16029,63.7722000000003
16030,65.86139999999993
16031,63.438200000000315
16032,65.26280000000001
16033,66.7694000000001
16034,63.458399999999926
16035,67.65339999999982
16036,65.74799999999988
16037,64.02600000000028
16038,69.62839999999997
16039,69.1706000000001
16040,63.88340000000024
16041,64.1084000000001
16042,63.60200000000024
16043,66.88999999999989
16044,63.27100000000014
16045,65.1760000000001
16046,65.93439999999971
16047,62.90359999999964
16048,65.33399999999997
16049,64.44459999999995
16050,64.3178
16051,66.27119999999968
16052,66.70819999999985
16053,67.61380000000004
16054,60.636999999999944
16055,68.82300000000004
16056,66.42980000000011
16057,74.88520000000011
16058,64.01760000000024
16059,66.36459999999995
16060,65.67779999999993
16061,64.85160000000006
16062,66.43139999999984
16063,65.31599999999995
16064,66.41979999999978
16065,70.51600000000005
16066,65.75859999999996
16067,64.46959999999991
16068,64.86962999999989
16069,72.41820000000003
16070,68.12134999999991
16071,64.87639999999986
16072,64.65680000000006
16073,62.81759999999974
16074,69.92159999999986
16075,65.23400000000036
16076,66.79899999999995
16077,70.04819999999998
16078,78.99879999999992
16079,67.2584999999997
16080,73.16660000000039
16081,71.55999999999993
16082,62.32690000000034
16083,63.99279999999982
16084,70.35819999999995
16085,65.7053999999999
16086,65.42680000000009
16087,64.35420000000003
16088,66.01080000000006
16089,64.30240000000015
16090,75.79759999999978
16091,67.37239999999973
16092,62.91620000000039
16093,65.43399999999995
16094,63.948600000000255
16095,66.19659999999995
16096,67.48479999999986
16097,67.94039999999987
16098,68.31299999999989
16099,64.37240000000027
16100,66.8119999999998
16101,62.7635999999996
16102,65.76259999999976
16103,64.33599999999998
16104,63.73520000000018
16105,67.21840000000014
16106,65.38699999999966
16107,64.06599999999987
16108,64.96900000000021
16109,64.07460000000002
16110,65.73140000000025
16111,66.7123999999997
16112,65.37340000000015
16113,63.743000000000215
16114,73.10060000000014
16115,63.48760000000043
16116,66.01979999999965
16117,65.3214000000001
16118,70.54560000000008
16119,71.1588
16120,68.72959999999993
16121,63.95200000000003
16122,68.4249999999999
16123,63.832200000000014
16124,64.24920000000014
16125,71.1832000000001
16126,68.07059999999976
16127,63.80620000000004
16128,65.88140000000003
16129,65.71700000000027
16130,66.78099999999999
16131,68.21940000000005
16132,70.60800000000022
16133,65.4196
16134,66.58319999999998
16135,69.80740000000002
16136,64.23020000000014
16137,67.10319999999966
16138,66.40620000000006
16139,58.63600000000005
16140,64.19779999999965
16141,64.71459999999978
16142,70.57899999999988
16143,63.90299999999988
16144,65.98639999999972
16145,64.3
16146,64.31920000000028
16147,68.82899999999991
16148,62.851599999999976
16149,65.74139999999979
16150,69.7411999999999
16151,65.8608
16152,66.0860000000001
16153,66.19400000000016
16154,64.33100000000029
16155,67.49579999999978
16156,67.96209999999988
16157,65.05519999999994
16158,64.87800000000006
16159,64.71720000000009
16160,66.29879999999993
16161,63.49940000000032
16162,68.85080000000009
16163,66.21720000000002
16164,61.57059999999968
16165,67.03240000000002
16166,66.74780000000014
16167,65.86233000000004
16168,65.03279999999991
16169,65.13460000000002
16170,67.64300000000001
16171,64.46219999999985
16172,60.59279999999996
16173,65.35960000000001
16174,67.16020000000023
16175,68.03859999999993
16176,64.33200000000011
16177,64.48780000000008
16178,63.49560000000032
16179,63.381700000000265
16180,66.92219999999985
16181,71.4852000000001
16182,67.70060000000016
16183,63.61120000000022
16184,68.00599999999973
16185,66.13799999999979
16186,63.77680000000031
16187,66.76099999999985
16188,60.91719999999976
16189,66.43980000000005
16190,69.32219999999994
16191,66.71559999999987
16192,66.2056000000001
16193,67.92180000000012
16194,66.3648000000001
16195,63.5874000000004
16196,65.53120000000028
16197,64.24372000000032
16198,69.35979999999986
16199,67.90380000000025
16200,67.66240000000026
16201,65.9677999999998
16202,68.48520000000009
16203,66.58739999999973
16204,67.49539999999989
16205,65.47560000000033
16206,66.9300000000001
16207,66.20859999999986
16208,60.794200000000046
16209,69.11020000000022
16210,64.62879999999986
16211,66.75899999999993
16212,74.49800000000012
16213,64.6208000000003
16214,66.48619999999998
16215,60.51120000000011
16216,69.58999999999983
16217,67.37539999999993
16218,70.15200000000002
16219,70.95200000000013
16220,63.43320000000021
16221,63.77540000000005
16222,65.13839999999986
16223,65.69419999999997
16224,68.02799999999979
16225,66.66160000000005
16226,69.60739999999981
16227,66.08539999999986
16228,66.15079999999996
16229,62.72220000000046
16230,70.64099999999988
16231,65.19919999999998
16232,67.25860000000009
16233,66.97970000000004
16234,65.07740000000005
16235,65.61500000000021
16236,64.20480000000026
16237,67.17020000000025
16238,65.71000000000008
16239,78.05959999999992
16240,63.72020000000032
16241,65.74739999999996
16242,70.1857999999998
16243,65.17700000000008
16244,67.65520000000014
16245,66.14479999999995
16246,71.14159999999998
16247,65.51620000000005
16248,73.01219999999984
16249,70.4609999999999
16250,65.19139999999997
16251,67.40620000000008
16252,66.75900000000001
16253,61.393800000000155
16254,67.51700000000007
16255,67.21759999999973
16256,65.50799999999983
16257,64.5057999999999
16258,71.23759999999997
16259,71.2842
16260,65.66920000000012
16261,64.87379999999993
16262,66.02699999999997
16263,62.74149999999981
16264,64.85679999999999
16265,63.2956000000003
16266,64.0800000000002
16267,67.24619999999966
16268,67.80059999999996
16269,63.88760000000005
16270,63.76240000000038
16271,71.59920000000014
16272,64.62639999999995
16273,68.20319999999953
16274,68.48739999999988
16275,62.8455999999997
16276,65.04040000000005
16277,66.81679999999986
16278,68.52999999999994
16279,54.632600000000046
16280,65.46220000000001
16281,70.67499999999995
16282,69.90820000000001
16283,67.7985999999999
16284,60.42359999999981
16285,68.65120000000017
16286,63.07860000000041
16287,63.166199999999904
16288,63.9648000000003
16289,65.87200000000004
16290,63.200599999999795
16291,66.43430000000009
16292,69.3513999999998
16293,61.138880000000356
16294,64.46980000000028
16295,79.4189999999998
16296,62.99060000000035
16297,61.0613999999997
16298,60.864799999999725
16299,61.5757999999999
16300,69.09580000000001
16301,65.44040000000001
16302,65.80980000000008
16303,80.40900000000003
16304,65.15839999999994
16305,65.46899999999995
16306,63.813200000000165
16307,67.29439999999978
16308,65.26480000000014
16309,66.47479999999987
16310,64.0598000000002
16311,66.26140000000004
16312,66.69479999999987
16313,67.46720000000006
16314,66.29900000000002
16315,64.31019999999992
16316,69.07500000000005
16317,70.87080000000002
16318,66.38419999999999
16319,63.8107999999998
16320,68.2711999999998
16321,62.98720000000042
16322,64.12999999999998
16323,70.56059999999984
16324,67.15420000000009
16325,64.4398000000001
16326,66.55519999999987
16327,60.51920000000008
16328,63.832799999999814
16329,63.64919999999978
16330,63.7073999999999
16331,71.62340000000006
16332,63.68920000000034
16333,67.47780000000016
16334,72.92540000000004
16335,68.59380000000036
16336,63.06880000000025
16337,66.34139999999971
16338,66.10360000000011
16339,65.60859999999998
16340,65.57159999999976
16341,66.1661999999999
16342,65.99319999999999
16343,64.43559999999991
16344,64.02379999999991
16345,68.76859999999995
16346,71.43330000000005
16347,66.84580000000007
16348,65.41480000000011
16349,62.921600000000296
16350,66.89100000000012
16351,63.533600000000355
16352,65.3796000000001
16353,64.7692000000002
16354,69.1393999999998
16355,65.70480000000008
16356,65.65000000000019
16357,64.44120000000002
16358,64.78699999999999
16359,65.3628000000002
16360,69.20819999999978
16361,66.43579999999999
16362,66.97179999999994
16363,71.4648000000001
16364,69.30939999999984
16365,66.01299999999975
16366,63.400999999999875
16367,64.47599999999987
16368,68.03239999999984
16369,65.53299999999975
16370,64.70999999999994
16371,68.46399999999986
16372,63.53019999999956
16373,70.57519999999991
16374,66.98619999999981
16375,65.10080000000009
16376,73.63219999999967
16377,64.75540000000028
16378,66.45719999999977
16379,65.70139999999982
16380,61.35899999999984
16381,66.45639999999979
16382,65.50839999999981
16383,65.5615999999998
16384,69.48380000000006
16385,65.83859999999983
16386,63.1227999999997
16387,65.20460000000017
16388,70.44460000000004
16389,66.57079999999999
16390,66.51339999999993
16391,63.00460000000044
16392,66.4296
16393,74.6184
16394,65.67379999999977
16395,66.28839999999988
16396,64.40879999999997
16397,65.22120000000011
16398,65.08639999999997
16399,67.69340000000005
16400,60.38899999999968
16401,65.25620000000002
16402,66.47490000000003
16403,63.40939999999995
16404,66.9878
16405,66.43119999999986
16406,66.68819999999991
16407,64.94779999999992
16408,66.66740000000007
16409,64.9178
16410,64.88880000000006
16411,64.29459999999997
16412,70.3630000000001
16413,64.51820000000009
16414,72.48590000000017
16415,67.15619999999988
16416,66.55200000000004
16417,64.17279999999968
16418,65.98019999999995
16419,66.34899999999976
16420,67.51419999999996
16421,64.95500000000008
16422,62.353200000000086
16423,68.61719999999977
16424,65.06259999999975
16425,63.65139999999985
16426,67.16199999999971
16427,64.7188
16428,63.5976000000003
16429,67.11339999999998
16430,64.61480000000003
16431,64.53680000000013
16432,66.55099999999992
16433,68.78760000000004
16434,72.16339999999988
16435,66.31580000000011
16436,67.4697999999997
16437,64.803
16438,72.05520000000016
16439,69.67180000000032
16440,64.867
16441,65.4189999999999
16442,66.22420000000011
16443,67.22959999999958
16444,63.49740000000001
16445,63.43679999999986
16446,75.5862000000001
16447,64.37660000000044
16448,68.73339999999978
16449,61.745800000000294
16450,64.3724
16451,66.85079999999996
16452,65.6410000000001
16453,64.95220000000015
16454,65.05860000000035
16455,67.9201999999998
16456,74.79699999999991
16457,63.56050000000032
16458,64.72300000000017
16459,68.27339999999984
16460,68.00619999999984
16461,67.37839999999973
16462,63.553200000000054
16463,65.89080000000003
16464,64.8144
16465,68.78280000000018
16466,68.3869999999998
16467,63.58420000000001
16468,65.76960000000014
16469,65.17160000000003
16470,67.5336000000001
16471,65.71980000000003
16472,63.990599999999844
16473,65.24320000000036
16474,69.38359999999997
16475,64.46979999999995
16476,66.39420000000015
16477,67.19580000000012
16478,60.50459999999988
16479,66.85100000000001
16480,65.14219999999983
16481,63.68440000000045
16482,68.5499999999998
16483,63.42900000000003
16484,67.4234
16485,67.81719999999974
16486,63.54119999999978
16487,63.032799999999774
16488,71.14740000000005
16489,66.44179999999984
16490,76.4731999999999
16491,64.07100000000025
16492,75.32479999999991
16493,64.57840000000023
16494,65.77999999999982
16495,67.1627
16496,66.2057999999999
16497,76.34620000000012
16498,65.98759999999997
16499,64.99459999999988
16500,68.60220000000001
16501,67.78000000000016
16502,64.00339999999987
16503,72.61740000000005
16504,65.39039999999997
16505,66.19240000000009
16506,72.53099999999996
16507,67.53639999999992
16508,62.485000000000056
16509,66.79500000000009
16510,63.02599999999956
16511,67.12120000000003
16512,69.17179999999985
16513,65.93840000000019
16514,66.79859999999962
16515,69.53499999999973
16516,66.9583999999997
16517,65.61040000000021
16518,67.85700000000001
16519,66.36159999999991
16520,67.737
16521,66.90320000000001
16522,63.153200000000446
16523,63.771200000000306
16524,63.28080000000033
16525,64.65660000000008
16526,65.90819999999988
16527,69.2006
16528,60.46906666666657
16529,61.404200000000024
16530,65.75419999999988
16531,67.07900000000011
16532,65.92980000000011
16533,66.6054
16534,67.96700000000028
16535,65.45840000000037
16536,65.13780000000011
16537,70.70319999999953
16538,64.71599999999981
16539,64.67140000000002
16540,63.69580000000022
16541,71.31180000000016
16542,64.19899999999981
16543,63.878799999999735
16544,65.4066000000002
16545,64.31379999999962
16546,64.53999999999976
16547,64.73320000000004
16548,68.3032
16549,64.86340000000004
16550,56.98340000000033
16551,62.81759999999947
16552,67.76739999999992
16553,59.931599999999875
16554,66.0291999999997
16555,81.08959999999999
16556,68.11180000000016
16557,66.24919999999989
16558,64.39439999999978
16559,66.72259999999984
16560,66.87159999999996
16561,71.27559999999991
16562,72.8191999999999
16563,68.06819999999979
16564,63.597000000000264
16565,63.646999999999686
16566,69.69060000000037
16567,69.45339999999973
16568,63.87499999999987
16569,77.10619999999994
16570,67.7550000000001
16571,66.9389999999996
16572,62.97900000000039
16573,85.91759999999981
16574,67.07459999999966
16575,65.53779999999993
16576,70.1331999999999
16577,71.6876000000001
16578,67.73913333333306
16579,61.19159999999985
16580,64.50080000000042
16581,66.94420000000012
16582,66.75999999999975
16583,65.37320000000018
16584,65.32739999999964
16585,64.74859999999983
16586,67.1809999999998
16587,63.02620000000027
16588,62.603399999999986
16589,64.64699999999998
16590,64.90780000000008
16591,62.96740000000043
16592,63.42126666666685
16593,65.85720000000025
16594,64.47219999999972
16595,73.87640000000013
16596,70.48879999999994
16597,63.03366666666634
16598,67.51480000000001
16599,64.89079999999991
16600,74.19960000000013
16601,68.17819999999998
16602,66.88959999999986
16603,67.37440000000005
16604,65.58199999999997
16605,65.83340000000003
16606,73.49820000000004
16607,65.63479999999983
16608,66.48119999999983
16609,68.4044
16610,66.06900000000006
16611,69.54840000000014
16612,65.83760000000001
16613,72.47039999999977
16614,65.66939999999995
16615,65.57579999999972
16616,60.58180000000004
16617,67.80279999999993
16618,63.70059999999972
16619,64.44999999999995
16620,67.65519999999994
16621,66.19959999999989
16622,69.8414000000001
16623,55.93326666666675
16624,63.62100000000031
16625,64.30980000000005
16626,68.76599999999998
16627,69.78799999999994
16628,66.13919999999996
16629,64.85519999999987
16630,65.44540000000022
16631,67.09700000000016
16632,65.28620000000014
16633,65.93680000000016
16634,68.72711999999999
16635,62.72099999999957
16636,66.10299999999984
16637,68.9206
16638,67.80039999999998
16639,66.65419999999988
16640,64.68600000000018
16641,67.99980000000026
16642,65.24080000000014
16643,68.63119999999977
16644,65.8350200000001
16645,67.05400000000004
16646,65.27959999999979
16647,63.973400000000225
16648,66.10440000000004
16649,64.17920000000001
16650,67.28840000000021
16651,63.766199999999834
16652,65.83739999999963
16653,65.91560000000013
16654,64.02359999999992
16655,64.94519999999976
16656,66.73799999999984
16657,62.95459999999972
16658,65.91839999999996
16659,67.12739999999987
16660,63.74559999999995
16661,63.122400000000404
16662,76.95900000000009
16663,66.13360000000002
16664,67.39219999999997
16665,63.059600000000415
16666,71.48279999999994
16667,67.07149999999996
16668,66.25900000000037
16669,65.37040000000022
16670,66.49459999999979
16671,73.58020000000022
16672,68.31800000000004
16673,64.0264000000002
16674,62.950799999999674
16675,65.82439999999995
16676,68.27819999999991
16677,66.76039999999979
16678,65.10420000000029
16679,68.3469999999999
16680,67.25440000000006
16681,67.9225999999997
16682,66.0945999999998
16683,63.970899999999844
16684,66.99199999999975
16685,65.46280000000036
16686,64.40140000000002
16687,68.81920000000005
16688,64.4932000000002
16689,66.84919999999983
16690,78.13759999999976
16691,69.79559999999994
16692,67.52339999999977
16693,63.94360000000026
16694,68.7770000000001
16695,66.39879999999981
16696,67.9905999999996
16697,71.90659999999991
16698,66.37900000000013
16699,81.1645999999999
16700,63.92280000000032
16701,58.569160000000366
16702,59.721600000000315
16703,62.847100000000324
16704,71.18620000000011
16705,63.83660000000022
16706,63.279800000000336
16707,68.04540000000011
16708,65.9063999999997
16709,63.19833333333358
16710,65.883
16711,67.00519999999979
16712,63.941399999999945
16713,66.63599999999995
16714,56.08171333333317
16715,66.35039999999992
16716,67.80919999999986
16717,64.58010000000016
16718,65.26079999999999
16719,67.06460000000003
16720,69.32312
16721,67.77960000000004
16722,65.19000000000023
16723,64.1346
16724,71.0860000000003
16725,62.32819999999993
16726,66.82160000000009
16727,64.64679999999957
16728,66.93660000000001
16729,66.04399999999971
16730,67.00879999999994
16731,68.37040000000002
16732,67.3871999999999
16733,77.52319999999996
16734,76.40540000000013
16735,66.19940000000005
16736,69.49780000000004
16737,72.86079999999988
16738,70.97599999999994
16739,60.330600000000295
16740,65.2233999999999
16741,66.30420000000014
16742,77.93260000000015
16743,67.53880000000001
16744,67.80820000000014
16745,65.97279999999995
16746,67.15259999999992
16747,73.0137999999999
16748,63.90839999999982
16749,64.62679999999989
16750,68.27080000000022
16751,74.40719999999989
16752,67.08559999999987
16753,66.55379999999973
16754,79.8804
16755,63.78379999999985
16756,65.50819999999968
16757,67.7374000000001
16758,66.04979999999972
16759,64.90219999999994
16760,72.1226000000001
16761,67.77979999999987
16762,65.79560000000009
16763,64.99519999999994
16764,65.40740000000025
16765,67.30039999999993
16766,65.57320000000034
16767,64.7128000000001
16768,66.43619999999991
16769,66.17519999999986
16770,64.83300000000023
16771,65.39240000000014
16772,63.22079999999996
16773,67.13699999999992
16774,64.56939999999996
16775,67.87059999999978
16776,63.66300000000015
16777,64.22540000000015
16778,67.38700000000016
16779,60.758199999999626
16780,67.69139999999982
16781,64.52260000000005
16782,66.90360000000003
16783,67.34379999999986
16784,65.62400000000035
16785,63.84359999999978
16786,66.06040000000006
16787,65.65920000000017
16788,66.72959999999988
16789,67.2382000000001
16790,65.16619999999979
16791,65.44639999999995
16792,66.91020000000003
16793,65.306
16794,71.21779999999995
16795,68.76660000000011
16796,66.45299999999986
16797,63.74620000000008
16798,66.4008
16799,67.16159999999982
16800,67.4648
16801,64.8073999999999
16802,63.249400000000406
16803,66.97139999999978
16804,66.0855999999998
16805,63.49220000000022
16806,64.85640000000011
16807,65.6599999999999
16808,81.28579999999992
16809,67.92320000000012
16810,64.67280000000027
16811,67.73339999999993
16812,68.04559999999996
16813,65.30060000000012
16814,64.23899999999999
16815,64.40979999999992
16816,62.80960000000029
16817,65.60300000000021
16818,66.29380000000015
16819,67.74340000000005
16820,63.42920000000031
16821,67.06999999999996
16822,65.50059999999979
16823,66.85269999999973
16824,60.612599999999944
16825,65.79259999999995
16826,64.49919999999992
16827,70.63480000000006
16828,66.73799999999977
16829,65.6182
16830,67.56399999999996
16831,74.90639999999989
16832,64.80140000000021
16833,68.30219999999991
16834,65.74560000000014
16835,69.18839999999997
16836,66.39319999999991
16837,70.55379999999987
16838,81.38759999999996
16839,69.5499999999998
16840,63.573600000000376
16841,65.44139999999997
16842,62.92159999999979
16843,64.8873999999995
16844,65.81159999999996
16845,69.00299999999983
16846,65.48280000000003
16847,70.4737999999995
16848,67.4067999999999
16849,64.2122
16850,65.59959999999964
16851,64.18899999999991
16852,68.8111499999998
16853,68.0272
16854,63.62174999999964
16855,63.19100000000032
16856,65.76819999999982
16857,68.8266
16858,65.61260000000003
16859,65.0530000000001
16860,59.91299999999998
16861,70.56860000000036
16862,66.1636000000001
16863,67.6229999999997
16864,74.18140000000011
16865,67.52839999999992
16866,63.426199999999675
16867,60.041399999999584
16868,60.496599999999816
16869,67.73259999999996
16870,67.16719999999984
16871,64.15439999999998
16872,69.97920000000023
16873,68.03839999999995
16874,65.7449999999998
16875,65.93679999999989
16876,64.4090000000003
16877,63.95119999999991
16878,64.41520000000027
16879,63.19460000000031
16880,67.39239999999982
16881,65.0101999999999
16882,68.1902000000002
16883,64.60179999999991
16884,67.36479999999987
16885,66.39019999999984
16886,66.70920000000007
16887,61.20839999999958
16888,64.7130000000002
16889,65.33040000000017
16890,66.75439999999995
16891,67.08399999999968
16892,60.09319999999968
16893,65.13800000000002
16894,56.64668333333352
16895,70.50280000000014
16896,69.18459999999999
16897,65.74919999999955
16898,63.21244000000018
16899,65.07400000000011
16900,64.08300000000037
16901,63.52699999999957
16902,62.86539999999988
16903,76.87859999999995
16904,67.1704
16905,67.9466000000002
16906,64.49039999999997
16907,66.63040000000011
16908,63.31560000000032
16909,64.70100000000022
16910,65.58719999999981
16911,67.02899999999995
16912,68.37980000000015
16913,69.84640000000012
16914,64.86040000000024
16915,65.48499999999966
16916,64.90679999999988
16917,67.82579999999982
16918,64.25180000000023
16919,66.68019999999977
16920,63.05220000000036
16921,66.35494999999997
16922,76.08860000000001
16923,59.959150000000335
16924,66.64240000000002
16925,64.90091999999996
16926,66.71380000000006
16927,66.35839999999988
16928,65.45479999999996
16929,66.05899999999981
16930,72.32540000000017
16931,64.6160000000002
16932,66.4435999999997
16933,65.39240000000014
16934,65.99400000000006
16935,65.83800000000011
16936,65.16719999999981
16937,77.13819999999993
16938,63.1958000000004
16939,66.17320000000002
16940,62.88200000000028
16941,66.71160000000008
16942,64.39859999999999
16943,64.66759999999992
16944,67.80459999999991
16945,62.39140000000005
16946,66.50299999999999
16947,66.15780000000014
16948,64.17720000000035
16949,69.26140000000015
16950,68.39499999999974
16951,67.7122000000003
16952,64.1332
16953,66.63880000000013
16954,63.1747999999997
16955,64.32939999999998
16956,67.08059999999979
16957,68.07279999999994
16958,64.93160000000034
16959,63.64679999999987
16960,63.79500000000033
16961,66.48399999999998
16962,70.98080000000004
16963,64.70800000000031
16964,65.26559999999985
16965,68.75479999999979
16966,68.33609999999993
16967,65.6480000000002
16968,66.63500000000015
16969,65.0269999999996
16970,68.8846
16971,66.19179999999967
16972,65.64770000000016
16973,64.90300000000003
16974,67.16079999999998
16975,65.28519999999969
16976,65.62319999999971
16977,64.30940000000018
16978,66.80920000000013
16979,64.60880000000003
16980,63.62699999999961
16981,67.00179999999963
16982,64.5866
16983,67.83759999999977
16984,62.11199999999986
16985,63.161999999999736
16986,65.12399999999982
16987,64.55240000000002
16988,66.42059999999992
16989,69.68100000000001
16990,66.10580000000022
16991,65.98400000000001
16992,65.47619999999961
16993,65.61320000000006
16994,66.47760000000007
16995,72.67500000000037
16996,65.67899999999999
16997,72.12079999999999
16998,55.385134285714315
16999,68.70639999999992
17000,62.383799999999745
17001,69.28539999999973
17002,67.03779999999988
17003,67.69880000000018
17004,65.74339999999992
17005,67.25780000000023
17006,62.6683999999999
17007,64.0601700000002
17008,58.60580000000038
17009,67.8942000000002
17010,64.3774999999998
17011,67.8757999999999
17012,67.44539999999967
17013,68.13639999999977
17014,64.97800000000002
17015,65.44699999999975
17016,62.32680000000007
17017,63.664800000000376
17018,63.96140000000005
17019,66.71706666666653
17020,66.65079999999982
17021,64.3326000000001
17022,63.42079999999993
17023,62.5699999999995
17024,68.42020000000012
17025,61.50640000000013
17026,62.39660000000024
17027,70.59979999999987
17028,67.42460000000001
17029,63.24400000000012
17030,66.88239999999999
17031,68.05859999999993
17032,66.02439999999993
17033,64.40740000000024
17034,65.98859999999965
17035,65.16379999999964
17036,65.3478000000002
17037,66.05119999999968
17038,64.97040000000011
17039,65.12879999999983
17040,63.261400000000414
17041,63.493199999999725
17042,63.237599999999915
17043,65.38939999999991
17044,60.75980000000022
17045,66.25600000000004
17046,67.70460000000027
17047,65.83059999999982
17048,66.6373999999999
17049,66.98999999999997
17050,63.832400000000014
17051,63.394999999999975
17052,65.73219999999982
17053,63.83920000000029
17054,65.2689999999999
17055,67.8963999999999
17056,66.45139999999999
17057,68.49299999999995
17058,65.36699999999999
17059,63.10340000000037
17060,63.860800000000296
17061,66.78720000000003
17062,64.2238
17063,67.2234000000001
17064,64.45980000000004
17065,65.38160000000003
17066,64.76140000000002
17067,69.92600000000009
17068,64.62630000000017
17069,66.73699999999982
17070,68.70912000000013
17071,61.78740000000003
17072,64.50420000000004
17073,66.95879999999984
17074,62.262799999999885
17075,62.60599999999999
17076,65.94679999999968
17077,68.92159999999956
17078,64.32340000000032
17079,67.51699999999987
17080,64.23339999999999
17081,64.46799999999982
17082,66.21400000000025
17083,64.07180000000021
17084,69.03379999999996
17085,67.25119999999994
17086,67.40700000000018
17087,67.04620000000023
17088,63.23699999999999
17089,67.59980000000027
17090,66.91980000000025
17091,70.2220000000001
17092,65.23960000000001
17093,65.16740000000034
17094,64.58320000000018
17095,64.12480000000012
17096,65.02100000000019
17097,62.93699999999998
17098,66.65300000000013
17099,62.603199999999575
17100,77.31620000000015
17101,62.757400000000004
17102,74.70679999999996
17103,67.44759999999977
17104,64.87620000000013
17105,65.47700000000022
17106,67.10860000000008
17107,77.76559999999978
17108,62.559399999999485
17109,67.26719999999959
17110,62.782399999999626
17111,62.516199999999515
17112,65.85040000000014
17113,66.58419999999985
17114,63.39799999999984
17115,68.3985999999999
17116,68.78260000000004
17117,64.45019999999994
17118,65.95279999999974
17119,64.34240000000021
17120,63.56779999999973
17121,65.58440000000009
17122,63.009400000000255
17123,65.68639999999995
17124,63.231200000000214
17125,66.65400000000014
17126,65.84299999999995
17127,68.37639999999992
17128,64.5717999999999
17129,64.96080000000006
17130,64.54319999999997
17131,66.74179999999971
17132,62.849599999999754
17133,66.84700000000008
17134,76.95560000000016
17135,73.19069999999999
17136,66.64099999999993
17137,63.76840000000041
17138,65.98610000000012
17139,76.84800000000011
17140,63.05700000000043
17141,68.34299999999988
17142,69.741
17143,74.3344000000001
17144,65.94119999999988
17145,62.70839999999991
17146,65.09499999999993
17147,65.06599999999995
17148,63.520000000000394
17149,68.58880000000009
17150,65.19580000000018
17151,70.69699999999983
17152,65.25500000000005
17153,66.42519999999982
17154,64.66160000000018
17155,66.67560000000016
17156,66.50619999999991
17157,74.70640000000016
17158,63.6386000000001
17159,68.2066
17160,74.90859999999996
17161,60.658799999999744
17162,64.51879999999984
17163,67.79740000000017
17164,67.69639999999998
17165,68.52340000000008
17166,67.54900000000023
17167,60.403799999999855
17168,66.9078000000001
17169,75.75539999999982
17170,61.68160000000001
17171,65.54599999999982
17172,65.4937999999997
17173,62.311000000000206
17174,69.10359999999993
17175,70.0528
17176,65.99999999999991
17177,65.95299999999972
17178,67.01799999999993
17179,61.57560000000007
17180,67.85579999999973
17181,70.34639999999985
17182,65.3774000000001
17183,66.78819999999979
17184,67.3061999999999
17185,64.68239999999993
17186,65.23140000000012
17187,70.46900000000004
17188,63.16780000000035
17189,66.22559999999996
17190,65.39599999999997
17191,63.17520000000034
17192,63.17299999999978
17193,63.88400000000024
17194,66.01609999999965
17195,67.12979999999983
17196,69.45899999999999
17197,69.33919999999996
17198,69.09439999999971
17199,70.45099999999995
17200,67.67199999999985
17201,68.02019999999985
17202,66.27559999999986
17203,64.54999999999998
17204,72.91419999999997
17205,67.87456000000029
17206,65.96939999999996
17207,65.16479999999973
17208,66.68999999999976
17209,66.83519999999999
17210,68.30900000000007
17211,64.52559999999964
17212,67.87020000000007
17213,62.17439999999994
17214,62.62019999999992
17215,59.12220000000007
17216,66.72899999999976
17217,66.46079999999964
17218,64.2866000000002
17219,75.29919999999979
17220,64.91099999999986
17221,62.20019999999957
17222,70.53825714285716
17223,62.64539999999953
17224,66.75740000000009
17225,64.02320000000032
17226,64.85220000000001
17227,63.19420000000027
17228,68.61699999999992
17229,65.48079999999953
17230,67.87020000000012
17231,71.76400000000001
17232,63.33759999999992
17233,69.71599999999988
17234,66.36640000000004
17235,66.30440000000004
17236,63.765999999999785
17237,69.0395999999998
17238,64.21839999999993
17239,63.71659999999961
17240,67.28479999999979
17241,64.18579999999983
17242,64.48460000000019
17243,65.26679999999989
17244,65.71200000000006
17245,61.98339999999968
17246,65.89999999999992
17247,66.60500000000015
17248,69.9469999999998
17249,66.68360000000014
17250,66.07239999999987
17251,66.36120000000014
17252,66.35739999999966
17253,63.4464000000004
17254,67.91139999999993
17255,64.0992000000002
17256,69.96059999999994
17257,71.36479999999995
17258,64.9628
17259,69.5271999999999
17260,66.74179999999997
17261,68.54299999999989
17262,65.13800000000012
17263,68.82339999999989
17264,66.36680000000001
17265,66.60339999999977
17266,63.72580000000036
17267,63.83060000000009
17268,64.24880000000023
17269,70.94900000000004
17270,63.94540000000028
17271,69.20480000000002
17272,66.99400000000017
17273,59.86739999999993
17274,65.61729999999989
17275,70.40999999999988
17276,63.36780000000019
17277,66.23659999999973
17278,64.31819999999998
17279,64.7658000000001
17280,66.41319999999982
17281,66.74399999999996
17282,68.14799999999971
17283,62.856399999999496
17284,61.84819999999997
17285,64.28359999999996
17286,65.74319999999976
17287,64.94800000000022
17288,68.82519999999975
17289,62.377799999999894
17290,66.06579999999995
17291,65.22219999999994
17292,72.19639999999991
17293,66.86940000000003
17294,65.50800000000014
17295,65.56799999999974
17296,67.00979999999987
17297,61.21120000000017
17298,67.18040000000022
17299,65.17279999999991
17300,65.04859999999992
17301,79.97540000000016
17302,67.2205999999999
17303,65.77499999999986
17304,64.76719999999999
17305,66.4350000000001
17306,67.2929999999999
17307,73.37339999999972
17308,64.44520000000001
17309,65.08040000000015
17310,63.65419999999984
17311,64.14540000000004
17312,65.52379999999981
17313,73.45260000000027
17314,77.53100000000006
17315,67.15459999999997
17316,66.33099999999988
17317,63.004800000000365
17318,68.06459999999984
17319,68.19599999999986
17320,72.46220000000001
17321,67.65229999999983
17322,65.38999999999996
17323,66.78799999999984
17324,68.38719999999996
17325,67.98500000000014
17326,66.79420000000017
17327,66.25939999999959
17328,66.04919999999981
17329,66.3007999999999
17330,75.73739999999992
17331,64.63319999999997
17332,66.92699999999975
17333,68.5185066666668
17334,70.72299999999993
17335,63.778200000000446
17336,67.73860000000019
17337,65.05299999999986
17338,66.85699999999977
17339,62.2344000000003
17340,73.43480000000015
17341,73.09300000000003
17342,66.37500000000009
17343,70.95719999999996
17344,66.53999999999962
17345,61.305200000000376
17346,65.61599999999993
17347,63.55439999999998
17348,66.98359999999983
17349,65.36999999999993
17350,63.95600000000003
17351,63.11620000000039
17352,70.46999999999991
17353,64.50960000000026
17354,68.01699999999988
17355,71.29813333333355
17356,67.64360000000002
17357,65.95500000000007
17358,65.22119999999988
17359,68.30719999999977
17360,68.81079999999983
17361,67.40800000000002
17362,64.16240000000028
17363,66.49859999999964
17364,64.71539999999992
17365,69.81660000000001
17366,64.56659999999985
17367,69.4922
17368,65.75220000000014
17369,69.40600000000009
17370,66.2834000000001
17371,54.59100000000001
17372,64.76320000000003
17373,63.03580000000043
17374,64.31160000000001
17375,66.10560000000001
17376,61.53519999999997
17377,67.53809999999966
17378,64.35360000000004
17379,64.8380000000002
17380,66.87379999999966
17381,69.4384000000001
17382,65.20699999999978
17383,63.12160000000019
17384,68.1604
17385,65.84200000000017
17386,66.36293333333325
17387,66.68679999999988
17388,65.35680000000008
17389,69.6459999999999
17390,63.71540000000023
17391,64.4716
17392,63.12760000000023
17393,65.30640000000008
17394,73.41639999999997
17395,66.61679999999983
17396,56.35432809523797
17397,66.11359999999995
17398,66.86939999999987
17399,66.88959999999979
17400,66.04260000000004
17401,65.63979999999974
17402,66.77899999999995
17403,72.68459999999999
17404,63.36460000000013
17405,61.49099999999994
17406,65.86
17407,59.81999999999995
17408,64.1702
17409,65.09100000000011
17410,74.53639999999993
17411,64.93880000000004
17412,71.04500000000014
17413,68.50740000000003
17414,65.79880000000011
17415,62.737999999999694
17416,64.25640000000011
17417,65.27680000000042
17418,54.76889333333333
17419,65.59720000000009
17420,65.9757999999998
17421,56.76591111111122
17422,67.53519999999997
17423,63.01400000000001
17424,65.69159999999997
17425,66.15039999999988
17426,62.92499999999959
17427,64.08200000000024
17428,68.2555999999999
17429,64.8287999999999
17430,63.18020000000038
17431,64.40679999999983
17432,64.45220000000023
17433,68.48220000000005
17434,64.42939999999999
17435,79.23739999999991
17436,69.34560000000006
17437,65.19620000000003
17438,65.04039999999996
17439,63.69000000000023
17440,63.61759999999991
17441,74.3528
17442,63.541400000000124
17443,64.10159999999969
17444,65.24819999999991
17445,68.70059999999998
17446,67.02239999999975
17447,78.89700000000028
17448,65.6578000000001
17449,62.331799999999824
17450,66.30299999999995
17451,66.02740000000007
17452,66.70760000000006
17453,63.78900000000036
17454,66.8990000000002
17455,65.19680000000014
17456,71.72980000000004
17457,64.42760000000001
17458,68.0383999999999
17459,63.5186
17460,66.68800000000026
17461,62.79800000000038
17462,66.10739999999996
17463,66.89320000000002
17464,63.24459999999999
17465,66.03539999999988
17466,63.397200000000026
17467,68.4077999999998
17468,63.485599999999735
17469,66.16479999999969
17470,66.13379999999994
17471,66.86960000000003
17472,65.56559999999996
17473,64.27439999999989
17474,68.68099999999998
17475,67.2772
17476,77.80773333333325
17477,67.07500000000009
17478,66.5463999999998
17479,64.60339999999984
17480,68.13719999999964
17481,65.96539999999987
17482,71.33340000000025
17483,63.4320000000002
17484,78.96759999999992
17485,63.0046000000004
17486,63.72479999999995
17487,65.06700000000004
17488,67.38739999999972
17489,65.07980000000016
17490,67.8044000000002
17491,69.42319999999995
17492,62.81319999999972
17493,65.4610000000002
17494,65.01759999999982
17495,66.71720000000022
17496,64.19460000000001
17497,64.27439999999986
17498,66.46359999999993
17499,67.8881999999998
17500,63.7200000000003
17501,69.28099999999996
17502,78.04119999999955
17503,79.69759999999984
17504,64.66739999999986
17505,66.35348000000009
17506,66.39679999999998
17507,72.06989999999993
17508,65.89739999999964
17509,67.0024
17510,66.43059999999996
17511,65.17840000000015
17512,71.53540000000008
17513,70.1442000000002
17514,67.54960000000017
17515,67.06199999999984
17516,64.35659999999979
17517,62.231799999999474
17518,61.67199999999994
17519,64.96380000000038
17520,65.36340000000003
17521,75.11859999999996
17522,65.16099999999997
17523,67.77440000000018
17524,64.58739999999986
17525,66.63140000000007
17526,70.47359999999989
17527,59.41939999999999
17528,66.17300000000014
17529,64.78899999999997
17530,68.0177999999998
17531,63.381999999999664
17532,64.50480000000034
17533,74.46560000000004
17534,66.73040000000006
17535,68.64860000000017
17536,66.23820000000026
17537,65.62200000000004
17538,65.10299999999992
17539,63.439600000000375
17540,62.869199999999594
17541,65.17019999999997
17542,67.52320000000009
17543,72.06919999999985
17544,68.62199999999994
17545,67.8641999999999
17546,65.72700000000007
17547,68.1158
17548,67.3311999999998
17549,65.1882000000002
17550,65.46940000000015
17551,63.81440000000034
17552,67.35940000000011
17553,68.07970000000002
17554,63.63819999999971
17555,66.14399999999968
17556,65.99499999999986
17557,65.00379999999991
17558,65.04220000000012
17559,65.27819999999977
17560,65.20799999999987
17561,64.09660000000034
17562,70.41839999999988
17563,64.78779999999955
17564,65.43680000000036
17565,63.39520000000031
17566,70.26500000000001
17567,65.44599999999969
17568,66.02779999999994
17569,63.47319999999963
17570,66.67920000000005
17571,72.18175000000005
17572,66.03175000000002
17573,64.95260000000009
17574,65.16900000000017
17575,67.87520000000002
17576,65.96680000000005
17577,65.8478000000004
17578,66.07390000000012
17579,65.9422000000001
17580,74.75160000000012
17581,63.04719999999976
17582,62.896200000000206
17583,63.29299999999986
17584,65.97419999999971
17585,63.71160000000026
17586,67.66720000000007
17587,63.546199999999956
17588,65.19300000000014
17589,66.6894
17590,68.50600000000026
17591,61.29259999999989
17592,66.63039999999978
17593,63.13879999999978
17594,63.12580000000003
17595,68.82799999999992
17596,80.15160000000002
17597,64.0992000000002
17598,68.51759999999986
17599,68.41799999999985
17600,66.82160000000006
17601,69.23552000000012
17602,61.4147999999998
17603,62.88880000000003
17604,68.86879999999995
17605,69.70519999999986
17606,63.69420000000002
17607,66.88739999999984
17608,64.9742
17609,70.29239999999987
17610,67.24180000000003
17611,62.862000000000315
17612,65.48840000000001
17613,65.75560000000007
17614,64.29259999999994
17615,63.987800000000306
17616,67.76579999999984
17617,66.18760000000005
17618,64.59419999999989
17619,70.47100000000003
17620,63.315200000000374
17621,63.994400000000155
17622,61.975399999999865
17623,64.0170000000002
17624,62.755799999999525
17625,67.40700000000024
17626,55.44583928571431
17627,60.61599999999981
17628,63.83179999999986
17629,65.65519999999992
17630,61.10360000000018
17631,67.04640000000005
17632,62.72039999999964
17633,67.36439999999966
17634,64.0161999999998
17635,65.61439999999985
17636,65.86179999999973
17637,66.38959999999986
17638,67.0963999999998
17639,68.67739999999974
17640,65.75740000000008
17641,66.58300000000014
17642,65.62
17643,67.47360000000002
17644,65.77940000000015
17645,65.6721999999998
17646,64.11179999999976
17647,64.3506
17648,68.4962000000001
17649,65.13840000000002
17650,67.2040000000001
17651,67.76359999999995
17652,67.69899999999993
17653,66.73300000000002
17654,59.42540000000003
17655,63.8833999999999
17656,64.05400000000024
17657,71.37619999999988
17658,65.61340000000025
17659,65.53759999999988
17660,71.47899999999983
17661,70.04620000000013
17662,64.27079999999982
17663,66.14900000000009
17664,65.40499999999986
17665,65.54900000000016
17666,71.85520000000011
17667,66.02819999999987
17668,81.87020000000007
17669,66.46479999999981
17670,69.83559999999986
17671,64.21319999999997
17672,65.58579999999988
17673,62.953600000000364
17674,65.39619999999987
17675,66.43479999999978
17676,64.18859999999995
17677,65.47639999999996
17678,65.36373333333334
17679,64.32800000000026
17680,54.56589333333334
17681,59.102199999999925
17682,64.61639999999981
17683,64.64939999999991
17684,65.37800000000001
17685,63.034600000000445
17686,65.98319999999987
17687,66.52459999999971
17688,65.58759999999961
17689,58.30360000000036
17690,66.54020000000018
17691,69.21039999999991
17692,70.73600000000006
17693,67.60719999999999
17694,64.46059999999999
17695,63.22160000000028
17696,65.4536
17697,66.1833999999997
17698,58.56300000000036
17699,63.95239999999996
17700,65.5626000000001
17701,65.31560000000029
17702,66.7667999999999
17703,66.25020000000004
17704,63.86320000000024
17705,65.72780000000006
17706,67.26859999999995
17707,68.69860000000008
17708,63.73179999999992
17709,64.7969999999999
17710,66.10739999999983
17711,62.79479999999998
17712,62.69980000000003
17713,64.01280000000025
17714,69.04799999999986
17715,59.57419999999976
17716,66.87520000000004
17717,66.30889999999994
17718,67.33819999999997
17719,67.87940000000012
17720,65.19040000000012
17721,66.75129999999997
17722,72.6932000000002
17723,62.70320000000032
17724,63.41920000000018
17725,68.19140000000003
17726,62.499699999999805
17727,63.30060000000043
17728,63.45700000000009
17729,68.64800000000004
17730,66.56860000000005
17731,65.41340000000004
17732,65.18339999999966
17733,67.69515000000007
17734,74.25420000000032
17735,64.05000000000032
17736,66.13659999999987
17737,66.65100000000001
17738,63.680200000000305
17739,66.60840000000002
17740,61.82939999999964
17741,69.62006666666663
17742,66.28419999999998
17743,63.91699999999971
17744,68.28459999999986
17745,64.76939999999975
17746,66.32479999999971
17747,65.14239999999967
17748,64.25500000000015
17749,66.25019999999991
17750,74.08499999999994
17751,65.00360000000015
17752,62.06979999999973
17753,64.88159999999986
17754,66.23719999999999
17755,72.43900000000009
17756,67.16579999999973
17757,63.53280000000043
17758,67.56999999999981
17759,65.35259999999995
17760,66.03879999999974
17761,68.86640000000018
17762,65.37379999999987
17763,70.01179999999998
17764,64.17799999999951
17765,64.42139999999978
17766,67.09919999999984
17767,67.29900000000016
17768,65.91959999999968
17769,64.10000000000008
17770,65.3466000000002
17771,67.05260000000006
17772,59.9443333333334
17773,69.18719999999995
17774,67.15080000000013
17775,70.6617999999999
17776,71.6717999999998
17777,67.8899999999998
17778,68.32580000000044
17779,63.61960000000018
17780,63.17000000000045
17781,68.09679999999985
17782,71.3188000000001
17783,64.70219999999985
17784,69.02820000000001
17785,66.71760000000013
17786,72.16480000000013
17787,63.49800000000019
17788,66.4442000000003
17789,64.47560000000021
17790,63.24300000000026
17791,66.35120000000003
17792,68.64940000000004
17793,71.28239999999984
17794,64.5472000000003
17795,64.25339999999994
17796,70.66339999999991
17797,67.27499999999999
17798,66.9284
17799,63.494800000000296
17800,67.11039999999997
17801,65.01099999999988
17802,64.36660000000005
17803,66.68159999999995
17804,64.47960000000005
17805,64.69579999999998
17806,67.39680000000018
17807,64.16639999999971
17808,65.10019999999994
17809,66.69420000000011
17810,64.30720000000015
17811,64.51259999999984
17812,65.93919999999981
17813,74.81540000000017
17814,70.57219999999994
17815,62.70880000000046
17816,64.42700000000033
17817,69.58260000000007
17818,65.67659999999981
17819,63.70979999999996
17820,64.70339999999997
17821,62.09340000000027
17822,69.21379999999996
17823,64.24140000000011
17824,63.42919999999988
17825,66.91579999999995
17826,71.31700000000005
17827,66.09139999999991
17828,65.33380000000025
17829,68.38712666666662
17830,66.10559999999992
17831,63.59779999999984
17832,69.40300000000005
17833,67.16439999999987
17834,66.14579999999971
17835,68.61199999999997
17836,64.70799999999991
17837,65.39380000000003
17838,66.0158000000001
17839,66.7484999999997
17840,71.04280000000003
17841,66.67640000000002
17842,61.38859999999994
17843,74.65219999999994
17844,68.38839999999992
17845,61.95540000000006
17846,63.62700000000035
17847,63.11100000000012
17848,65.68760000000022
17849,71.96344999999978
17850,67.1423999999998
17851,64.92119999999981
17852,63.353199999999916
17853,65.4289999999999
17854,70.70359999999992
17855,61.923199999999916
17856,68.8969999999999
17857,64.5954000000001
17858,66.46979999999982
17859,66.06394999999978
17860,57.396400000000156
17861,66.01279999999997
17862,73.01140000000001
17863,65.01139999999964
17864,66.75780000000036
17865,64.95539999999991
17866,70.45780000000006
17867,77.82140000000005
17868,68.57720000000013
17869,66.12939999999986
17870,62.89239999999986
17871,62.98566666666691
17872,65.03900000000004
17873,70.95900000000009
17874,62.21340000000034
17875,62.98259999999994
17876,66.34279999999977
17877,65.71920000000009
17878,65.4947999999999
17879,65.7006000000001
17880,66.47179999999997
17881,71.76199999999986
17882,66.31599999999986
17883,69.80760000000001
17884,66.85440000000014
17885,65.90119999999972
17886,81.99899999999964
17887,63.47740000000036
17888,63.190200000000424
17889,66.42359999999992
17890,64.07220000000005
17891,63.667400000000114
17892,66.95380000000006
17893,78.43700000000001
17894,64.28540000000012
17895,78.85600000000032
17896,63.512799999999935
17897,64.9169999999998
17898,64.66340000000025
17899,64.31940000000017
17900,72.41880000000022
17901,69.09859999999998
17902,65.24740000000011
17903,63.40300000000029
17904,65.71520000000017
17905,66.74179999999973
17906,65.18279999999979
17907,62.98560000000047
17908,64.6209999999996
17909,65.31820000000025
17910,64.04239999999965
17911,64.02459999999999
17912,65.34231999999983
17913,69.08139999999993
17914,64.86340000000011
17915,65.30320000000002
17916,64.5758000000002
17917,66.4157999999998
17918,66.87080000000022
17919,67.9309999999996
17920,66.87654666666657
17921,65.44060000000012
17922,66.98259999999962
17923,63.67240000000033
17924,65.71160000000006
17925,67.29439999999964
17926,68.44960000000009
17927,60.5045999999999
17928,80.23799999999993
17929,65.48290000000006
17930,64.6436999999997
17931,66.47640000000013
17932,67.42660000000002
17933,67.6573999999998
17934,65.78880000000017
17935,64.76760000000014
17936,63.30999999999955
17937,69.84899999999976
17938,66.32639999999984
17939,76.38059999999989
17940,65.3938666666664
17941,65.13520000000024
17942,67.32059999999998
17943,65.94879999999972
17944,66.57100000000003
17945,75.1866000000001
17946,64.64899999999977
17947,63.7245999999998
17948,64.45219999999985
17949,67.75159999999977
17950,63.352000000000295
17951,63.398400000000365
17952,66.01580000000001
17953,70.07039999999989
17954,65.39380000000023
17955,63.86100000000035
17956,60.614199999999705
17957,67.5067000000002
17958,62.61219999999993
17959,69.90553999999989
17960,78.87820000000006
17961,62.849399999999584
17962,58.25249999999993
17963,66.25540000000001
17964,63.131800000000396
17965,70.04300000000005
17966,66.72419999999998
17967,63.99939999999983
17968,65.99099999999984
17969,67.75780000000013
17970,67.27360000000031
17971,64.90559999999991
17972,64.59539999999981
17973,70.49920000000002
17974,66.59039999999993
17975,71.86779999999999
17976,68.74719999999996
17977,66.32439999999984
17978,68.01019999999978
17979,66.6126000000002
17980,66.25120000000001
17981,67.38420000000005
17982,64.67119999999997
17983,74.77599999999997
17984,66.65959999999964
17985,67.35699999999996
17986,70.29620000000011
17987,63.78139999999996
17988,64.9234000000002
17989,64.95499999999993
17990,65.29140000000015
17991,65.20639999999992
17992,64.20960000000004
17993,66.54539999999992
17994,70.50449999999984
17995,65.06779999999965
17996,67.54919999999989
17997,60.02739999999969
17998,67.2696000000001
17999,66.36459999999985
18000,63.98340000000005
18001,65.94360000000002
18002,64.70439999999996
18003,64.72760000000005
18004,68.40614999999977
18005,63.15020000000032
18006,63.46320000000044
18007,65.43979999999996
18008,87.29679999999988
18009,63.01119999999988
18010,63.46580000000029
18011,64.098
18012,67.33479999999989
18013,65.12440000000021
18014,66.35679999999978
18015,64.58239999999991
18016,63.94240000000045
18017,66.91820000000006
18018,63.540600000000126
18019,64.5592000000002
18020,62.41079999999973
18021,69.76559999999998
18022,62.63180000000038
18023,65.41280000000016
18024,68.5185066666668
18025,66.76760000000016
18026,65.50630000000015
18027,63.73159999999969
18028,60.838399999999815
18029,66.0051999999998
18030,67.4138000000001
18031,63.594000000000015
18032,69.85140000000008
18033,65.11587999999998
18034,67.84920000000012
18035,79.04120000000013
18036,69.25400000000005
18037,63.58519999999994
18038,66.2869999999999
18039,65.71399999999988
18040,63.99240000000003
18041,68.73339999999976
18042,67.51099999999995
18043,65.28360000000004
18044,71.20339999999996
18045,69.5984
18046,68.18979999999979
18047,63.22179999999969
18048,66.6208000000002
18049,68.35099999999998
18050,68.29399999999976
18051,65.20400000000001
18052,66.50419999999959
18053,68.31759999999996
18054,68.70100000000008
18055,67.88060000000014
18056,69.7317999999998
18057,63.08800000000034
18058,67.49699999999991
18059,63.94819999999996
18060,64.0810000000003
18061,59.979399999999856
18062,66.42739999999984
18063,60.57260000000009
18064,64.26080000000013
18065,63.967
18066,66.33760000000024
18067,64.96059999999972
18068,71.37079999999999
18069,66.1963999999999
18070,68.89520000000016
18071,67.6793999999999
18072,65.73540000000011
18073,66.28959999999996
18074,63.78600000000011
18075,66.88339999999981
18076,65.82679999999978
18077,65.38439999999987
18078,65.39099999999966
18079,67.09659999999978
18080,67.83319999999989
18081,66.2644000000001
18082,65.96840000000012
18083,67.17079999999996
18084,71.42639999999989
18085,66.05659999999968
18086,64.18740000000001
18087,66.86799999999998
18088,65.22659999999982
18089,65.54400000000005
18090,67.70939999999985
18091,63.945800000000446
18092,66.34259999999993
18093,68.91039999999994
18094,68.74180000000003
18095,66.46500000000002
18096,67.24699999999984
18097,66.14471999999988
18098,66.20080000000006
18099,57.689999999999934
18100,69.40539999999987
18101,68.74600000000007
18102,63.93119999999982
18103,68.33959999999979
18104,66.97419999999987
18105,69.98400000000002
18106,64.97879999999982
18107,64.6456
18108,66.91179999999984
18109,64.20100000000025
18110,66.3670000000002
18111,69.6496000000001
18112,68.84820000000009
18113,68.32779999999987
18114,62.88919999999967
18115,64.77619999999993
18116,63.20920000000038
18117,65.34240000000021
18118,79.14879999999992
18119,65.4756000000003
18120,65.94419999999995
18121,69.45739999999998
18122,66.60269999999967
18123,65.8778000000002
18124,66.60980000000002
18125,65.75859999999994
18126,64.52680000000022
18127,67.44299999999998
18128,67.85759999999969
18129,66.99859999999985
18130,66.8807999999999
18131,65.74560000000002
18132,63.77660000000023
18133,67.88779999999994
18134,67.0308000000001
18135,63.2656000000001
18136,64.93080000000003
18137,63.879599999999904
18138,62.893600000000305
18139,69.9835999999999
18140,63.26400000000034
18141,66.02900000000012
18142,65.52560000000001
18143,64.36280000000012
18144,70.42160000000008
18145,66.79900000000002
18146,74.77119999999991
18147,68.55119999999998
18148,66.92060000000002
18149,66.30519999999999
18150,66.0994000000001
18151,64.57459999999969
18152,65.47460000000001
18153,67.86619999999986
18154,63.38959999999988
18155,64.4461999999999
18156,66.00899999999974
18157,67.01640000000035
18158,66.23660000000014
18159,66.56680000000001
18160,67.41800000000002
18161,62.915000000000504
18162,67.56760000000006
18163,66.40959999999966
18164,64.48439999999981
18165,65.12339999999995
18166,64.2941999999999
18167,64.16439999999972
18168,76.58880000000008
18169,64.78320000000014
18170,64.79580000000009
18171,72.78380000000024
18172,65.83899999999988
18173,68.61280000000001
18174,66.98780000000004
18175,67.75259999999982
18176,62.63779999999963
18177,61.87359999999988
18178,67.74140000000023
18179,63.13199999999984
18180,65.61300000000007
18181,62.8052000000004
18182,68.68299999999988
18183,65.16960000000019
18184,65.85019999999989
18185,76.59300000000002
18186,66.31439999999986
18187,63.22880000000025
18188,62.7284000000003
18189,70.94800000000004
18190,67.55600000000007
18191,63.553200000000025
18192,67.30480000000011
18193,66.96259999999988
18194,65.19359999999999
18195,71.00360000000003
18196,66.16840000000009
18197,63.50400000000019
18198,64.19199999999998
18199,66.99539999999976
18200,65.75299999999997
18201,65.04119999999993
18202,72.5409999999999
18203,77.38516666666641
18204,65.07640000000004
18205,61.29218095238122
18206,70.95960000000007
18207,64.50080000000017
18208,74.2290799999999
18209,68.00519999999976
18210,69.07560000000012
18211,67.7877999999999
18212,69.1999999999996
18213,66.75239999999998
18214,63.61260000000027
18215,66.82400000000005
18216,71.17599999999992
18217,63.42400000000027
18218,68.51479999999998
18219,66.86380000000015
18220,68.0177999999998
18221,63.32720000000024
18222,63.33300000000025
18223,64.9728000000001
18224,66.50379999999981
18225,66.41519999999991
18226,65.29180000000002
18227,66.37839999999998
18228,63.09979999999976
18229,66.7268000000001
18230,65.97659999999982
18231,73.27579999999968
18232,65.4896000000001
18233,64.4048000000002
18234,65.5399999999998
18235,67.1316000000001
18236,63.8624000000002
18237,71.86560000000013
18238,68.2650000000002
18239,69.10159999999999
18240,64.75760000000017
18241,66.28830000000006
18242,64.88460000000039
18243,68.91800000000003
18244,66.1063999999999
18245,66.72919999999988
18246,66.89960000000006
18247,69.06599999999996
18248,66.0264000000001
18249,71.24300000000014
18250,56.620333333333626
18251,62.56860000000009
18252,66.23480000000002
18253,62.48339999999971
18254,63.911199999999745
18255,67.60560000000002
18256,54.32037333333337
18257,65.35919999999975
18258,58.670360000000336
18259,71.72640000000011
18260,64.92000000000009
18261,67.33899999999997
18262,65.47480000000004
18263,63.941
18264,65.10119999999984
18265,64.51420000000003
18266,66.66759999999988
18267,70.24020000000006
18268,65.88639999999998
18269,67.68659999999976
18270,63.487200000000236
18271,65.67140000000008
18272,64.256
18273,66.14979999999984
18274,64.21099999999996
18275,65.91699999999994
18276,63.61079999999979
18277,64.31439999999989
18278,66.27639999999991
18279,70.3857999999999
18280,64.96399999999984
18281,72.42119999999998
18282,64.68879999999966
18283,67.19960000000025
18284,66.0386000000001
18285,65.08720000000018
18286,68.7916000000001
18287,62.10080000000014
18288,64.33980000000017
18289,73.5934
18290,61.26019999999995
18291,70.14679999999987
18292,68.48599999999998
18293,66.5009999999997
18294,66.61480000000002
18295,68.29239999999974
18296,68.37459999999993
18297,64.48019999999998
18298,63.84760000000031
18299,66.97739999999986
18300,65.16139999999984
18301,66.17900000000013
18302,68.95579999999998
18303,70.62259999999998
18304,70.7444
18305,65.23080000000016
18306,64.67780000000005
18307,63.63699999999994
18308,65.24180000000001
18309,63.52040000000035
18310,67.3852000000002
18311,69.81120000000013
18312,65.58879999999976
18313,65.46779999999985
18314,65.09580000000032
18315,68.94400000000009
18316,63.883800000000285
18317,68.67900000000006
18318,69.66800000000002
18319,66.4600000000001
18320,66.02619999999972
18321,70.42279999999997
18322,70.15399999999993
18323,63.61279999999986
18324,61.75400000000006
18325,63.330000000000425
18326,64.95939999999989
18327,60.13679999999992
18328,62.83360000000047
18329,66.37220000000003
18330,69.35199999999982
18331,70.88539999999985
18332,65.87579999999967
18333,68.98690000000003
18334,70.02259999999981
18335,67.69719999999968
18336,69.60359999999997
18337,68.33019999999996
18338,63.99240000000023
18339,68.57379999999985
18340,75.02999999999983
18341,66.4382
18342,66.87699999999975
18343,64.0260000000002
18344,66.7674
18345,73.34268571428582
18346,67.38856000000003
18347,66.58099999999978
18348,68.53419999999997
18349,66.06559999999979
18350,68.75160000000007
18351,72.19260000000007
18352,64.45360000000018
18353,64.60420000000005
18354,66.28599999999993
18355,66.4628000000001
18356,67.32839999999962
18357,68.57639999999971
18358,64.7358000000003
18359,64.27379999999997
18360,67.70820000000009
18361,62.83140000000044
18362,66.89899999999984
18363,65.3006000000001
18364,66.80599999999983
18365,67.36880000000009
18366,73.9837999999999
18367,68.65019999999993
18368,65.35480000000025
18369,68.69799999999992
18370,63.54120000000035
18371,65.37040000000019
18372,65.2684
18373,83.49659999999996
18374,69.94280000000006
18375,62.80359999999964
18376,69.70440000000009
18377,65.42460000000001
18378,68.23900000000013
18379,67.84940000000003
18380,66.5068000000002
18381,63.20539999999969
18382,67.1496000000002
18383,64.89300000000011
18384,65.87799999999984
18385,66.2896
18386,73.48240000000001
18387,65.23220000000018
18388,65.90739999999985
18389,66.13039999999998
18390,63.53679999999991
18391,64.04520000000001
18392,65.00259999999979
18393,64.17980000000026
18394,66.95239999999987
18395,66.11579999999972
18396,65.09260000000036
18397,68.98439999999991
18398,63.42219999999959
18399,63.51740000000026
18400,71.53920000000002
18401,65.68500000000012
18402,64.7012
18403,74.65360000000028
18404,67.43400000000005
18405,64.53659999999995
18406,64.67200000000003
18407,65.13800000000023
18408,70.75800000000005
18409,70.2435999999999
18410,65.01859999999976
18411,64.88600000000001
18412,68.96440000000024
18413,64.8804000000002
18414,62.91139999999962
18415,62.887800000000325
18416,68.49939999999981
18417,64.01500000000027
18418,64.3637999999999
18419,66.59360000000005
18420,65.28280000000005
18421,68.22499999999974
18422,63.86839999999979
18423,65.73759999999987
18424,63.014600000000435
18425,70.79059999999998
18426,69.6125999999998
18427,64.79119999999995
18428,70.8935999999998
18429,66.01500000000004
18430,65.49560000000008
18431,70.62139999999992
18432,66.88039999999988
18433,64.23959999999984
18434,67.92400000000002
18435,64.01140000000011
18436,66.12240000000006
18437,64.41480000000023
18438,72.37485714285714
18439,65.42659999999982
18440,64.96140000000021
18441,64.36160000000028
18442,63.503800000000375
18443,65.60099999999991
18444,66.3675999999999
18445,63.717399999999806
18446,66.94440000000014
18447,65.18140000000014
18448,66.69219999999981
18449,66.70179999999975
18450,71.77879999999999
18451,66.50319999999999
18452,65.23900000000003
18453,61.18859999999998
18454,62.95319999999963
18455,69.10620000000002
18456,65.68739999999968
18457,65.92119999999994
18458,67.33999999999982
18459,68.54899999999972
18460,68.60779999999987
18461,68.37819999999999
18462,66.23619999999995
18463,66.8897999999998
18464,65.03799999999953
18465,63.10420000000028
18466,64.69460000000025
18467,70.34800000000014
18468,64.08499999999994
18469,62.99700000000038
18470,67.17279999999987
18471,65.0892000000001
18472,57.8606000000004
18473,65.41600000000024
18474,65.14160000000028
18475,67.40319999999993
18476,61.67699999999985
18477,67.54859999999998
18478,66.55839999999993
18479,66.39039999999979
18480,66.86999999999983
18481,66.1802000000001
18482,65.2513999999997
18483,69.30100000000009
18484,70.35539999999992
18485,64.05280000000008
18486,66.81680000000014
18487,67.1475999999998
18488,69.76379999999985
18489,65.38819999999996
18490,63.43040000000021
18491,70.06880000000004
18492,66.91700000000002
18493,64.8444000000001
18494,67.93219999999994
18495,64.68159999999982
18496,63.81820000000029
18497,65.60050000000027
18498,67.20799999999993
18499,65.40719999999975
18500,63.5182000000001
18501,69.49199999999979
18502,67.49079999999965
18503,58.87982714285725
18504,67.3775999999996
18505,67.94800000000006
18506,69.03780000000017
18507,60.79939999999991
18508,65.36780000000009
18509,62.179199999999945
18510,66.49600000000008
18511,64.49620000000026
18512,70.36000000000017
18513,69.04540000000013
18514,64.82919999999967
18515,71.52099999999986
18516,66.02479999999998
18517,69.85306666666676
18518,65.52740000000013
18519,67.8797999999999
18520,72.20959999999972
18521,72.72940000000001
18522,66.40139999999977
18523,63.30400000000043
18524,68.30699999999993
18525,64.83200000000015
18526,63.35599999999956
18527,66.45500000000003
18528,65.97679999999974
18529,60.641599999999855
18530,64.99500000000008
18531,70.66580000000006
18532,72.12259999999992
18533,70.99699999999984
18534,56.8448000000004
18535,64.44880000000028
18536,65.84439999999978
18537,64.12400000000034
18538,67.49133333333323
18539,64.25230000000028
18540,64.86700000000017
18541,61.358199999999954
18542,73.3726000000002
18543,64.46839999999993
18544,66.58779999999982
18545,71.99900000000007
18546,72.12620000000001
18547,64.37979999999986
18548,65.27720000000008
18549,65.47399999999983
18550,66.86359999999993
18551,75.06099999999992
18552,69.8447999999998
18553,64.78620000000014
18554,62.967200000000474
18555,62.94059999999996
18556,64.45419999999989
18557,64.55260000000034
18558,67.95860000000017
18559,67.59099999999997
18560,67.41620000000017
18561,60.21329999999983
18562,71.45120000000013
18563,65.40440000000011
18564,54.77368000000008
18565,62.92254999999987
18566,67.41780000000001
18567,64.80560000000003
18568,69.64919999999996
18569,63.02259999999974
18570,63.93440000000032
18571,65.86139999999995
18572,63.50840000000026
18573,66.67599999999995
18574,65.95899999999993
18575,60.88619999999994
18576,64.07439999999981
18577,71.28420000000003
18578,66.37780000000019
18579,77.91240000000013
18580,60.022599999999684
18581,67.83900000000021
18582,69.28459999999993
18583,66.76620000000027
18584,63.99620000000018
18585,67.7494
18586,68.75240000000029
18587,67.07319999999976
18588,67.42679999999986
18589,66.77640000000002
18590,66.32240000000009
18591,65.34520000000016
18592,65.69779999999984
18593,69.94980000000004
18594,69.34660000000007
18595,69.07419999999998
18596,64.50940000000008
18597,65.31339999999986
18598,65.43359999999983
18599,66.79579999999984
18600,65.7695999999997
18601,65.98619999999997
18602,57.09265463203442
18603,58.61006666666708
18604,66.37020000000001
18605,65.86719999999978
18606,66.47779999999983
18607,66.18899999999971
18608,66.06720000000003
18609,68.23560000000012
18610,63.630599999999866
18611,69.09959999999997
18612,67.52359999999999
18613,65.44480000000023
18614,65.67019999999968
18615,66.91779999999997
18616,63.27259999999968
18617,66.21159999999979
18618,63.04420000000006
18619,65.88160000000025
18620,64.78699999999982
18621,66.03019999999971
18622,69.4444
18623,70.8634000000003
18624,69.60420000000008
18625,64.91779999999989
18626,64.68999999999997
18627,68.78899999999999
18628,66.13629999999976
18629,66.86460000000005
18630,66.09439999999982
18631,65.85459999999996
18632,65.2668000000003
18633,65.09779999999986
18634,63.63379999999988
18635,64.92580000000012
18636,81.9060000000001
18637,68.68899999999992
18638,65.28300000000036
18639,66.24619999999985
18640,66.00679999999986
18641,66.30119999999998
18642,67.39599999999983
18643,67.16200000000003
18644,65.10559999999987
18645,70.30379999999992
18646,66.67099999999994
18647,66.4259999999999
18648,68.11420000000022
18649,65.2709499999999
18650,68.43659999999979
18651,72.9555999999998
18652,67.4213999999999
18653,65.0372000000001
18654,65.64600000000029
18655,66.23039999999992
18656,66.32819999999971
18657,63.335799999999814
18658,63.94000000000008
18659,62.86419999999981
18660,62.92360000000045
18661,65.7350000000002
18662,60.83259999999983
18663,67.65146000000009
18664,64.1249999999997
18665,63.049800000000324
18666,68.75880000000004
18667,71.5411999999999
18668,68.66879999999992
18669,66.29779999999968
18670,66.27680000000012
18671,64.43739999999997
18672,65.0927999999998
18673,68.44639999999978
18674,67.90099999999973
18675,67.29860000000008
18676,69.97240000000005
18677,67.70939999999976
18678,66.60140000000006
18679,68.22979999999998
18680,68.37180000000018
18681,71.30059999999995
18682,66.03359999999998
18683,70.64479999999999
18684,70.6918000000001
18685,64.14420000000037
18686,64.5312
18687,63.83639999999998
18688,64.47220000000026
18689,67.15940000000005
18690,65.81639999999989
18691,69.06639999999999
18692,62.83319999999952
18693,68.4116
18694,68.59339999999995
18695,68.52679999999982
18696,66.92999999999975
18697,66.70859999999996
18698,63.50260000000036
18699,66.4324000000001
18700,61.53800000000011
18701,64.32519999999997
18702,65.37779999999981
18703,65.12359999999974
18704,65.86999999999978
18705,63.49139999999969
18706,70.75779999999997
18707,65.86899999999973
18708,63.45640000000032
18709,64.06380000000003
18710,70.59660000000007
18711,68.82140000000004
18712,63.37380000000034
18713,60.83380000000004
18714,63.110600000000225
18715,66.3725999999999
18716,64.88161333333348
18717,63.076800000000404
18718,68.72900000000016
18719,56.65446666666661
18720,65.61640000000014
18721,67.67440000000012
18722,60.87679999999995
18723,66.91726666666663
18724,71.91899999999994
18725,65.16520000000033
18726,62.55319999999948
18727,66.25899999999957
18728,67.34379999999952
18729,62.900399999999586
18730,66.82880000000003
18731,64.79820000000024
18732,64.44839999999985
18733,68.79919999999976
18734,70.1879333333332
18735,63.41340000000024
18736,68.28439999999988
18737,69.79359999999996
18738,61.404799999999945
18739,66.6252
18740,64.69600000000017
18741,65.61300000000014
18742,76.61340000000003
18743,68.38639999999975
18744,67.2924
18745,66.08479999999999
18746,65.07760000000025
18747,65.19380000000024
18748,64.35099999999998
18749,66.7153999999999
18750,58.3550665079365
18751,65.26880000000017
18752,63.27260000000034
18753,66.23859999999988
18754,65.25279999999988
18755,65.6390999999997
18756,61.95360000000001
18757,60.766999999999946
18758,66.21639999999978
18759,69.27026666666652
18760,68.07599999999987
18761,73.38400000000006
18762,58.911599999999815
18763,65.2781999999999
18764,63.93024000000025
18765,64.21300000000016
18766,64.1878000000002
18767,65.54432000000023
18768,64.63419999999984
18769,69.5955999999998
18770,65.87760000000009
18771,66.27880000000019
18772,67.18260000000012
18773,66.82939999999991
18774,64.82540000000031
18775,67.50700000000006
18776,64.52420000000001
18777,65.35040000000014
18778,62.24080000000002
18779,68.10179999999994
18780,63.854799999999834
18781,64.76160000000034
18782,63.88030000000015
18783,63.93979999999983
18784,70.58140000000012
18785,65.16860000000013
18786,65.5522000000001
18787,63.37319999999977
18788,66.98320000000012
18789,83.18179999999991
18790,64.33260000000021
18791,65.98100000000022
18792,68.0679999999998
18793,67.52679999999972
18794,69.30899999999994
18795,68.03099999999961
18796,64.8602
18797,69.96260000000032
18798,65.52419999999981
18799,63.43380000000027
18800,63.84299999999986
18801,62.912000000000425
18802,66.21540000000007
18803,59.99860000000005
18804,65.05579999999996
18805,65.38240000000017
18806,64.97339999999996
18807,64.1428000000003
18808,67.24499999999999
18809,64.64599999999966
18810,70.46239999999993
18811,74.92419999999998
18812,62.481200000000094
18813,63.425200000000366
18814,63.17280000000047
18815,67.45759999999997
18816,63.68859999999979
18817,67.2408
18818,65.86139999999978
18819,66.19539999999981
18820,66.23100000000008
18821,64.46619999999979
18822,64.12780000000022
18823,69.57279999999994
18824,64.1428000000004
18825,67.35759999999974
18826,64.65399999999994
18827,67.6572000000001
18828,63.10520000000009
18829,67.57220000000025
18830,70.36140000000026
18831,61.781199999999835
18832,65.20119999999983
18833,66.6697999999998
18834,64.93579999999976
18835,63.6109999999999
18836,67.94859999999991
18837,64.9760000000001
18838,64.45659999999988
18839,63.388199999999955
18840,64.47580000000019
18841,63.48999999999997
18842,57.39755000000005
18843,65.37160000000006
18844,62.80099999999956
18845,65.75979999999973
18846,64.62819999999998
18847,63.44259999999987
18848,65.60759999999992
18849,67.07680000000019
18850,64.92939999999994
18851,65.01720000000014
18852,75.97739999999992
18853,64.67339999999994
18854,69.62639999999972
18855,65.49860000000002
18856,63.79899999999977
18857,71.19419999999981
18858,66.09439999999981
18859,69.87579999999997
18860,70.73279999999995
18861,63.69140000000017
18862,66.64139999999999
18863,69.95159999999991
18864,61.36359999999999
18865,66.92359999999984
18866,65.99239999999978
18867,61.12019999999977
18868,64.56779999999999
18869,67.53800000000014
18870,71.77460000000004
18871,65.03499999999997
18872,66.2864000000001
18873,69.92140000000008
18874,67.98820000000002
18875,67.46513333333316
18876,66.4450000000001
18877,66.72839999999994
18878,63.48360000000029
18879,65.04280000000017
18880,64.67229999999981
18881,68.16460000000004
18882,62.64479999999972
18883,73.92260000000005
18884,68.67720000000008
18885,63.65500000000027
18886,62.79500000000043
18887,66.28979999999984
18888,66.16739999999969
18889,63.033999999999594
18890,63.792799999999964
18891,66.3397999999999
18892,66.11939999999986
18893,69.6312
18894,66.23939999999986
18895,74.9703999999999
18896,69.45199999999997
18897,65.58140000000019
18898,68.17200000000001
18899,69.05680000000025
18900,65.88959999999985
18901,69.32700000000024
18902,69.65660000000013
18903,58.84119999999995
18904,70.30279999999989
18905,65.27700000000009
18906,64.1201999999998
18907,64.82873333333328
18908,70.55120000000001
18909,65.68700000000007
18910,64.92879999999982
18911,65.8984000000001
18912,64.87739999999971
18913,67.8206000000003
18914,71.1371999999999
18915,74.79360000000005
18916,63.56399999999962
18917,68.07019999999957
18918,65.76480000000002
18919,68.53900000000004
18920,64.99399999999984
18921,69.36200000000015
18922,67.47599999999993
18923,65.5752000000001
18924,70.44779999999999
18925,67.62420000000003
18926,66.03979999999969
18927,65.58420000000008
18928,66.65419999999986
18929,54.7789954761905
18930,67.38220000000013
18931,73.27280000000002
18932,62.80220000000049
18933,63.972999999999914
18934,66.04740000000001
18935,68.49680000000004
18936,65.24179999999983
18937,64.98960000000028
18938,65.73519999999986
18939,62.96826666666703
18940,73.71399999999993
18941,67.09739999999975
18942,63.14320000000023
18943,67.1106000000001
18944,62.93300000000043
18945,76.01120000000023
18946,63.26360000000015
18947,65.04040000000018
18948,74.45140000000006
18949,62.61140000000043
18950,67.16299999999977
18951,61.44059999999983
18952,65.3762000000001
18953,66.50840000000017
18954,82.49659999999989
18955,59.76959999999991
18956,66.02119999999985
18957,66.96700000000014
18958,66.81255999999996
18959,63.85980000000019
18960,70.06119999999994
18961,62.78379999999985
18962,68.01920000000011
18963,70.4606000000001
18964,66.56160000000001
18965,64.42220000000002
18966,59.796599999999955
18967,66.92660000000004
18968,68.53119999999994
18969,65.17139999999998
18970,64.80839999999992
18971,66.77959999999995
18972,67.79620000000023
18973,64.1976000000002
18974,66.25219999999983
18975,67.64720000000008
18976,68.46459999999982
18977,73.2857999999999
18978,64.27219999999993
18979,61.62340000000019
18980,68.1011999999999
18981,65.90499999999994
18982,68.514
18983,62.899399999999645
18984,63.208000000000425
18985,67.64200000000002
18986,67.93759999999996
18987,64.24839999999998
18988,68.56579999999987
18989,64.38500000000018
18990,67.82759999999986
18991,64.52879999999999
18992,67.11119999999977
18993,66.05039999999977
18994,64.94459999999992
18995,63.404600000000386
18996,63.96479999999982
18997,61.59840000000021
18998,65.6036000000001
18999,65.35219999999978
19000,67.82079999999972
19001,66.69259999999983
19002,64.3094000000002
19003,63.17099999999988
19004,67.06699999999977
19005,62.68600000000035
19006,69.89880000000024
19007,65.83320000000013
19008,77.75659999999992
19009,64.43639999999988
19010,64.67100000000003
19011,66.67219999999969
19012,62.80620000000004
19013,66.90439999999994
19014,66.53819999999985
19015,65.2606
19016,63.18860000000031
19017,63.43599999999996
19018,66.35459999999976
19019,59.174800000000346
19020,63.95580000000028
19021,69.39219999999983
19022,66.91079999999975
19023,66.99099999999981
19024,65.04800000000026
19025,73.23459999999992
19026,59.216200000000285
19027,63.60420000000027
19028,61.69880000000013
19029,63.53980000000022
19030,64.97260000000026
19031,63.72659999999998
19032,66.32999999999986
19033,61.030199999999866
19034,63.012000000000256
19035,63.279199999999825
19036,65.43800000000009
19037,72.85369999999982
19038,64.73940000000022
19039,64.08519999999963
19040,68.68079999999985
19041,63.886000000000195
19042,64.63380000000028
19043,70.80479999999976
19044,69.12339999999995
19045,70.02360000000029
19046,63.45700000000029
19047,65.20840000000011
19048,64.71180000000014
19049,63.87260000000023
19050,68.10180000000005
19051,68.33940000000001
19052,65.68940000000019
19053,65.96740000000005
19054,65.29440000000027
19055,67.31940000000012
19056,67.78439999999998
19057,70.52959999999996
19058,67.07979999999989
19059,66.0052
19060,63.188200000000464
19061,76.55460000000014
19062,64.00280000000014
19063,78.61859999999987
19064,75.52340000000021
19065,67.47479999999987
19066,60.10479999999975
19067,67.6736000000001
19068,67.68099999999981
19069,64.69845000000032
19070,59.95646666666689
19071,67.47119999999974
19072,65.66219999999991
19073,71.38320000000013
19074,69.05759999999998
19075,65.16159999999978
19076,63.03012000000032
19077,66.12799999999979
19078,66.92339999999977
19079,66.41959999999983
19080,64.87820000000002
19081,63.45699999999993
19082,69.10719999999999
19083,70.28600000000002
19084,65.7253999999999
19085,62.80259999999976
19086,66.8645999999999
19087,66.83519999999977
19088,64.61859999999983
19089,70.35619999999994
19090,63.87100000000023
19091,66.73339999999992
19092,72.92520000000009
19093,75.4970000000001
19094,69.13759999999999
19095,65.77759999999965
19096,64.69540000000026
19097,65.64679999999973
19098,66.46119999999983
19099,63.849000000000075
19100,65.66380000000035
19101,66.33239999999999
19102,68.13140000000003
19103,63.82520000000028
19104,63.23879999999956
19105,67.27440000000003
19106,65.59039999999989
19107,69.45179999999999
19108,67.63919999999983
19109,65.20319999999991
19110,64.21960000000028
19111,64.4034
19112,68.34619999999975
19113,66.13439999999986
19114,68.62759999999997
19115,64.39560000000021
19116,69.05620000000009
19117,72.9520000000002
19118,65.32479999999981
19119,62.95479999999999
19120,63.34279999999989
19121,64.9277999999998
19122,73.39500000000011
19123,66.11419999999978
19124,64.84179999999981
19125,66.23559999999995
19126,65.00536000000022
19127,62.71000000000043
19128,66.79559999999968
19129,67.63199999999983
19130,73.22860000000018
19131,65.17240000000018
19132,64.86820000000013
19133,66.6536000000002
19134,67.37699999999991
19135,67.30948
19136,69.27299999999998
19137,65.63480000000013
19138,65.25739999999986
19139,66.11799999999997
19140,64.8922000000002
19141,70.89800000000001
19142,62.01859999999994
19143,66.45119999999987
19144,68.96679999999989
19145,73.55200000000008
19146,67.5008
19147,74.42120000000004
19148,67.12600000000009
19149,68.36760000000012
19150,72.14520000000003
19151,62.220199999999835
19152,65.13900000000008
19153,66.48899999999976
19154,68.95439999999988
19155,79.32080000000005
19156,63.226000000000056
19157,63.329200000000334
19158,64.57200000000022
19159,64.88199999999988
19160,63.04840000000033
19161,65.06100000000013
19162,63.59260000000029
19163,67.76719999999972
19164,58.24380000000039
19165,72.41740000000003
19166,62.064799999999934
19167,63.20959999999962
19168,66.80040000000022
19169,67.58320000000002
19170,69.11420000000018
19171,67.54019999999996
19172,65.38099999999987
19173,63.97560000000005
19174,60.99159999999999
19175,74.48080000000024
19176,65.92140000000009
19177,67.33859999999997
19178,65.88840000000015
19179,80.90519999999974
19180,64.15500000000014
19181,66.23659999999998
19182,63.088600000000426
19183,72.47139999999993
19184,64.75440000000017
19185,63.31039999999996
19186,77.8099999999999
19187,64.22699999999983
19188,67.03219999999996
19189,65.70520000000002
19190,66.09019999999988
19191,62.517199999999505
19192,66.72039999999993
19193,65.80399999999995
19194,64.25399999999996
19195,67.61640000000008
19196,62.587866666666486
19197,64.69359999999999
19198,66.66519999999998
19199,66.1617999999999
19200,63.18940000000031
19201,65.09660000000017
19202,65.5241999999998
19203,78.30540000000008
19204,63.80679999999979
19205,65.63559999999977
19206,63.00900000000034
19207,67.05360000000016
19208,63.03059999999987
19209,65.42119999999977
19210,62.82940000000046
19211,67.95659999999988
19212,66.82460000000017
19213,66.88160000000013
19214,65.88273333333318
19215,65.59800000000023
19216,71.53280000000008
19217,62.92559999999961
19218,64.0738000000001
19219,78.07839999999996
19220,67.14320000000009
19221,67.69380000000015
19222,65.05679999999992
19223,70.40860000000016
19224,64.32060000000034
19225,66.13519999999986
19226,67.71340000000004
19227,67.074
19228,64.10939999999964
19229,65.89039999999962
19230,64.66960000000007
19231,61.40360000000005
19232,67.27480000000003
19233,64.48359999999991
19234,66.39059999999988
19235,63.01760000000038
19236,65.7156000000001
19237,64.18099999999978
19238,74.73955238095252
19239,62.814599999999984
19240,63.02079999999974
19241,62.289999999999516
19242,64.45019999999997
19243,59.98920000000035
19244,66.50600000000001
19245,63.16739999999952
19246,66.77599999999993
19247,73.90719999999989
19248,65.77079999999991
19249,66.55299999999981
19250,63.351600000000026
19251,66.32839999999972
19252,69.6086
19253,64.59580000000011
19254,64.94170000000003
19255,64.85959999999955
19256,64.56439999999972
19257,65.59299999999976
19258,66.01659999999983
19259,67.09899999999978
19260,70.35840000000013
19261,66.64779999999968
19262,64.44680000000015
19263,65.6376000000002
19264,64.57960000000024
19265,64.8992000000002
19266,64.54660000000005
19267,65.62720000000013
19268,64.65039999999996
19269,60.67899999999983
19270,66.43699999999998
19271,65.32360000000023
19272,68.25759999999994
19273,71.3849999999999
19274,67.0198
19275,65.16179999999994
19276,65.02520000000038
19277,67.27619999999975
19278,63.97740000000028
19279,65.01300000000019
19280,67.06519999999992
19281,66.56319999999988
19282,65.39759999999995
19283,67.88020000000012
19284,66.86559999999973
19285,65.09639999999979
19286,64.92780000000018
19287,66.3104000000002
19288,65.61779999999983
19289,66.10439999999974
19290,64.31429999999988
19291,67.66860000000011
19292,65.87980000000012
19293,64.95339999999992
19294,63.06280000000041
19295,66.68539999999985
19296,65.45600000000005
19297,65.52379999999987
19298,69.54680000000002
19299,64.24419999999999
19300,63.12420000000043
19301,62.81960000000032
19302,65.48959999999992
19303,62.724000000000444
19304,64.83080000000008
19305,67.9674000000001
19306,63.7718000000003
19307,64.43839999999996
19308,65.5026000000002
19309,66.61500000000012
19310,63.98640000000027
19311,68.81679999999982
19312,75.84519999999989
19313,64.52040000000002
19314,63.12900000000004
19315,64.5504
19316,78.28439999999988
19317,63.021600000000475
19318,69.96040000000008
19319,66.11980000000004
19320,63.350399999999844
19321,66.16060000000006
19322,66.76579999999976
19323,65.88700000000014
19324,67.20600000000006
19325,63.879400000000125
19326,64.97319999999985
19327,67.22279999999975
19328,64.93540000000002
19329,66.31979999999992
19330,64.77540000000016
19331,64.05480000000003
19332,60.14139999999962
19333,65.68460000000022
19334,69.64859999999979
19335,66.7368000000001
19336,64.95799999999986
19337,63.749999999999794
19338,65.64239999999995
19339,64.31640000000016
19340,67.59940000000005
19341,63.32180000000042
19342,65.77479999999983
19343,66.9862
19344,63.1515999999998
19345,64.06400000000032
19346,72.26540000000001
19347,65.66520000000003
19348,69.54939999999996
19349,66.43959999999988
19350,63.534400000000225
19351,65.93500000000004
19352,62.54239999999957
19353,66.55419999999981
19354,67.3364
19355,68.79679999999986
19356,67.00220000000004
19357,67.53859999999982
19358,63.451400000000156
19359,65.69499999999988
19360,67.19640000000004
19361,65.8542000000001
19362,65.78860000000005
19363,73.19860000000016
19364,66.97740000000002
19365,66.46199999999997
19366,65.32800000000029
19367,67.58299999999996
19368,66.4380000000001
19369,69.06599999999983
19370,81.70599999999989
19371,64.54479999999984
19372,73.09119999999997
19373,65.22699999999969
19374,65.918
19375,62.730199999999975
19376,64.6298000000003
19377,65.5049999999999
19378,66.47759999999995
19379,66.67439999999974
19380,66.64239999999977
19381,60.1524000000002
19382,62.98560000000001
19383,62.879600000000245
19384,63.71819999999987
19385,68.19619999999976
19386,65.06899999999999
19387,70.9799999999998
19388,62.91200000000032
19389,66.50569999999968
19390,68.30880000000019
19391,68.01099999999994
19392,76.49600000000017
19393,67.60699999999986
19394,69.06380000000013
19395,64.95720000000026
19396,64.22280000000003
19397,64.46260000000015
19398,63.47519999999995
19399,60.72219999999974
19400,69.16119999999984
19401,63.318599999999805
19402,65.08160000000026
19403,64.67820000000016
19404,64.60860000000011
19405,62.84400000000028
19406,69.84599999999992
19407,67.67619999999982
19408,65.74899999999995
19409,67.81540000000003
19410,74.38300000000015
19411,63.94960000000002
19412,67.07559999999972
19413,65.69419999999998
19414,64.83559999999996
19415,66.14760000000028
19416,63.38259999999975
19417,64.22239999999972
19418,67.50719999999964
19419,58.73470000000038
19420,66.22619999999992
19421,65.85560000000001
19422,64.40820000000001
19423,61.086933333333356
19424,64.9658
19425,67.98219999999999
19426,64.77080000000022
19427,63.52140000000037
19428,64.34140000000002
19429,66.12220000000002
19430,66.36309999999965
19431,64.71519999999997
19432,66.50619999999985
19433,66.69460000000011
19434,70.57339999999995
19435,68.5976
19436,66.01039999999999
19437,67.77440000000001
19438,65.06980000000017
19439,68.1078000000001
19440,66.74019999999983
19441,64.46120000000012
19442,65.91439999999982
19443,64.4693999999996
19444,65.31280000000002
19445,64.6088000000002
19446,72.02020000000016
19447,65.18919999999989
19448,65.67440000000002
19449,65.68119999999975
19450,65.28780000000013
19451,66.01519999999995
19452,65.48433333333294
19453,64.86140000000006
19454,67.60320000000002
19455,64.22600000000003
19456,64.19740000000003
19457,65.73159999999976
19458,65.76860000000016
19459,63.61499999999979
19460,68.12739999999982
19461,64.33560000000017
19462,78.94813333333357
19463,65.74380000000016
19464,66.17819999999993
19465,65.71000000000006
19466,67.11939999999983
19467,60.997600000000155
19468,68.28199999999984
19469,66.46999999999981
19470,55.067550000000054
19471,67.88259999999974
19472,72.17180000000008
19473,61.69460000000002
19474,58.0478000000003
19475,73.17100000000028
19476,65.22140000000009
19477,62.80200000000011
19478,66.02280000000017
19479,63.805199999999964
19480,62.94300000000042
19481,68.26479999999982
19482,64.74560000000007
19483,70.28180000000008
19484,65.17879999999981
19485,64.0386000000003
19486,72.05640000000002
19487,73.6790000000001
19488,67.51820000000012
19489,65.49050000000011
19490,62.38860000000036
19491,72.16700000000012
19492,69.86419999999995
19493,63.69140000000029
19494,67.23640000000013
19495,72.41140000000006
19496,64.88080000000005
19497,63.927800000000275
19498,70.97280000000008
19499,72.6813999999999
19500,66.42479999999992
19501,78.27319999999996
19502,71.49720000000012
19503,65.74660000000013
19504,66.57420000000006
19505,66.56440000000003
19506,65.42139999999993
19507,64.17200000000035
19508,66.0458000000002
19509,69.84840000000013
19510,64.86739999999995
19511,64.04980000000042
19512,66.04979999999985
19513,64.57120000000023
19514,66.89500000000001
19515,71.77139999999996
19516,65.33660000000019
19517,63.920200000000314
19518,66.93539999999992
19519,63.35380000000011
19520,63.34599999999989
19521,63.87000000000011
19522,63.11420000000031
19523,73.19620000000008
19524,63.61260000000028
19525,62.4515999999996
19526,67.82000000000015
19527,67.77319999999983
19528,70.14809999999987
19529,67.83000000000004
19530,65.7025999999998
19531,62.79940000000009
19532,65.13920000000005
19533,66.49079999999977
19534,64.69100000000022
19535,66.13439999999999
19536,60.77819999999967
19537,65.64439999999959
19538,68.44120000000008
19539,69.47920000000016
19540,64.43200000000024
19541,63.91740000000028
19542,66.18920000000028
19543,64.17639999999996
19544,66.09619999999984
19545,64.77499999999999
19546,65.27799999999999
19547,67.81539999999978
19548,64.01439999999985
19549,64.45400000000006
19550,65.16159999999991
19551,66.59299999999998
19552,63.81680000000045
19553,65.83959999999972
19554,67.47459999999984
19555,70.66459999999984
19556,70.25490000000015
19557,64.39120000000028
19558,65.86419999999976
19559,66.45659999999978
19560,65.10159999999982
19561,63.18200000000031
19562,69.2202000000002
19563,66.90079999999969
19564,63.22959999999997
19565,69.12900000000006
19566,65.01460000000017
19567,65.74659999999987
19568,67.54920000000008
19569,65.06580000000008
19570,64.10560000000031
19571,65.89600000000019
19572,68.08139999999979
19573,71.07900000000026
19574,71.27500000000003
19575,63.15079999999973
19576,65.33119999999987
19577,63.475400000000356
19578,64.32079999999998
19579,66.2473333333331
19580,65.25759999999995
19581,63.85519999999958
19582,64.81219999999979
19583,63.482600000000225
19584,64.10880000000022
19585,66.68720000000002
19586,67.54880000000007
19587,65.69700000000014
19588,67.05519999999983
19589,65.25300000000018
19590,63.29080000000008
19591,67.366
19592,66.65980000000023
19593,69.27799999999998
19594,66.29279999999997
19595,65.56479999999976
19596,63.42279999999976
19597,67.49879999999993
19598,64.0094000000002
19599,64.48979999999993
19600,64.2072000000003
19601,66.0763999999997
19602,71.81859999999992
19603,67.42999999999991
19604,73.02739999999996
19605,63.54460000000041
19606,66.87739999999988
19607,67.34379999999987
19608,66.66740000000013
19609,68.01839999999996
19610,64.74833333333338
19611,63.164400000000434
19612,72.14460000000004
19613,63.23780000000044
19614,65.63620000000017
19615,65.84160000000006
19616,65.73519999999976
19617,67.1100000000003
19618,66.90180000000007
19619,65.94940000000021
19620,64.99560000000015
19621,65.20619999999987
19622,66.81879999999998
19623,66.76979999999972
19624,65.18359999999998
19625,64.1464
19626,64.79420000000006
19627,63.13060000000014
19628,60.047800000000024
19629,65.95399999999988
19630,67.97120000000027
19631,65.04280000000018
19632,64.56900000000002
19633,67.57479999999994
19634,66.2024000000001
19635,62.28959999999999
19636,61.06979999999991
19637,66.27779999999996
19638,67.80160000000035
19639,67.16739999999989
19640,64.5148
19641,66.32959999999983
19642,66.31759999999974
19643,74.38239999999998
19644,63.32500000000028
19645,65.65639999999989
19646,64.60859999999997
19647,66.2235000000001
19648,68.21440000000008
19649,65.52300000000018
19650,69.19519999999999
19651,63.3813999999999
19652,63.13259999999962
19653,63.90980000000002
19654,66.79739999999974
19655,66.00120000000003
19656,67.80760000000015
19657,64.85779999999995
19658,63.659600000000275
19659,64.433
19660,63.59239999999977
19661,63.48572000000024
19662,66.41860000000003
19663,67.36799999999981
19664,66.87939999999989
19665,64.22779999999987
19666,66.33799999999998
19667,67.1469999999998
19668,65.68539999999997
19669,67.80299999999995
19670,67.63540000000008
19671,66.66319999999992
19672,72.05919999999985
19673,64.3232
19674,60.196199999999656
19675,71.94919999999989
19676,63.70379999999995
19677,69.73039999999995
19678,67.40000000000008
19679,65.39579999999995
19680,63.3737999999997
19681,65.71839999999997
19682,65.26040000000002
19683,73.31980000000011
19684,63.8880000000001
19685,67.64819999999992
19686,58.897799999999975
19687,69.49459999999978
19688,66.7304000000001
19689,66.96339999999985
19690,64.06400000000026
19691,69.15740000000008
19692,67.10640000000001
19693,66.93620000000033
19694,65.90299999999982
19695,66.43579999999994
19696,67.197
19697,68.62839999999997
19698,66.22579999999999
19699,65.86799999999987
19700,66.35720000000013
19701,66.04399999999991
19702,67.76779999999971
19703,68.8303999999999
19704,60.61559999999977
19705,60.85139999999998
19706,66.80560000000003
19707,65.75680000000007
19708,64.90819999999982
19709,65.41739999999983
19710,66.85959999999994
19711,69.69560000000008
19712,63.27180000000043
19713,66.21780000000012
19714,67.53039999999989
19715,61.20219999999978
19716,66.02279999999969
19717,65.71366666666688
19718,68.5206000000001
19719,65.87599999999998
19720,67.65039999999976
19721,71.58086999999992
19722,60.074999999999726
19723,65.32380000000008
19724,66.09239999999977
19725,64.31339999999994
19726,70.93760000000009
19727,72.93100000000003
19728,66.71259999999994
19729,60.11140000000009
19730,62.76399999999966
19731,62.8331999999996
19732,77.25580000000001
19733,63.198200000000305
19734,63.45460000000024
19735,72.76660000000025
19736,62.93280000000046
19737,67.02700000000004
19738,65.70099999999974
19739,66.67220000000025
19740,66.84559999999986
19741,62.74080000000048
19742,68.1609999999998
19743,64.79919999999997
19744,64.71559999999998
19745,69.47720000000002
19746,64.66339999999973
19747,64.81639999999997
19748,64.39359999999999
19749,74.28160000000017
19750,65.87639999999999
19751,65.15500000000007
19752,59.125999999999856
19753,74.93280000000001
19754,63.58919999999984
19755,63.10220000000036
19756,65.14279999999978
19757,62.953600000000314
19758,68.79859999999975
19759,64.95159999999979
19760,64.27446666666663
19761,64.34100000000018
19762,68.71500000000002
19763,69.03419999999988
19764,66.70560000000003
19765,68.72599999999996
19766,65.73859999999974
19767,67.45000000000003
19768,67.47720000000007
19769,65.86719999999988
19770,63.34839999999968
19771,64.64119999999983
19772,66.63959999999973
19773,68.5745999999998
19774,69.10859999999995
19775,66.60799999999998
19776,75.12319999999994
19777,64.69870000000027
19778,64.31620000000025
19779,67.1258
19780,75.28583333333358
19781,64.98179999999982
19782,66.55139999999996
19783,65.05140000000004
19784,66.16439999999977
19785,64.66499999999996
19786,64.09540000000008
19787,65.72746666666676
19788,66.92839999999983
19789,65.75259999999965
19790,65.65779999999991
19791,65.80199999999996
19792,74.86439999999997
19793,78.09179999999992
19794,64.72300000000013
19795,63.78139999999992
19796,65.99280000000027
19797,65.65440000000007
19798,74.57480000000022
19799,67.66560000000007
19800,68.79940000000006
19801,64.78880000000001
19802,63.264600000000414
19803,65.32519999999994
19804,69.45019999999995
19805,65.82080000000003
19806,61.91175999999968
19807,65.57860000000024
19808,64.95000000000022
19809,65.36220000000027
19810,63.7025999999997
19811,68.72939999999996
19812,64.9266
19813,63.55700000000026
19814,67.01980000000015
19815,63.92319999999976
19816,65.01420000000009
19817,64.1164
19818,66.05279999999998
19819,63.57339999999955
19820,64.78220000000036
19821,64.04600000000002
19822,70.50939999999984
19823,66.096
19824,64.10920000000027
19825,67.40940000000006
19826,67.46687999999983
19827,66.44299999999996
19828,66.44899999999994
19829,64.40913333333341
19830,63.46640000000036
19831,64.09020000000032
19832,71.64982857142842
19833,66.59059999999991
19834,54.7440266666668
19835,67.04779999999978
19836,65.50599999999999
19837,71.10860000000017
19838,64.57280000000027
19839,62.45760000000018
19840,59.211799999999734
19841,59.99139999999995
19842,62.40979999999991
19843,63.84859999999982
19844,64.2811
19845,66.6786
19846,64.92660000000024
19847,76.80460000000012
19848,64.48139999999995
19849,67.09540000000003
19850,64.88600000000001
19851,72.44619999999996
19852,66.25599999999996
19853,63.328600000000385
19854,65.5689999999999
19855,64.19979999999994
19856,68.74040000000008
19857,67.58159999999978
19858,69.53659999999988
19859,68.21080000000003
19860,66.96839999999966
19861,63.66120000000017
19862,66.5402
19863,64.74800000000005
19864,68.27479999999998
19865,74.77820000000013
19866,66.55479999999997
19867,65.0922000000003
19868,65.04060000000025
19869,65.41000000000025
19870,66.64240000000005
19871,66.83020000000018
19872,66.51399999999992
19873,80.52780000000006
19874,74.53419999999986
19875,65.22579999999982
19876,66.40159999999983
19877,71.03719999999993
19878,65.65860000000016
19879,69.22459999999991
19880,67.82639999999991
19881,64.2426
19882,54.598276666666706
19883,65.62019999999973
19884,67.85820000000017
19885,64.04320000000031
19886,63.69519999999969
19887,66.30266666666672
19888,62.82700000000046
19889,65.6668000000003
19890,64.26620000000021
19891,64.51340000000023
19892,73.53580000000002
19893,65.34840000000027
19894,67.05759999999991
19895,62.57840000000024
19896,66.7675999999999
19897,64.03399999999978
19898,68.31200000000004
19899,66.24539999999976
19900,60.59499999999963
19901,64.12180000000036
19902,66.63699999999994
19903,65.25419999999993
19904,59.485399999999935
19905,61.94939999999995
19906,73.29319999999998
19907,66.36040000000003
19908,63.512000000000086
19909,63.821200000000154
19910,65.63939999999987
19911,66.2663999999997
19912,67.34120000000009
19913,63.109400000000434
19914,65.75360000000008
19915,64.65260000000004
19916,69.1725999999999
19917,61.51539999999999
19918,64.10280000000024
19919,68.84932857142843
19920,65.31240000000024
19921,62.97999999999979
19922,65.06360000000016
19923,64.41260000000008
19924,68.3574666666667
19925,65.73060000000017
19926,64.08099999999997
19927,63.295800000000426
19928,66.49280000000016
19929,69.95479999999988
19930,64.4803999999998
19931,74.20819999999995
19932,65.68279999999984
19933,66.42539999999994
19934,68.7721999999997
19935,62.78540000000039
19936,70.26820000000001
19937,64.1786000000002
19938,64.9353999999999
19939,66.27959999999997
19940,65.16440000000007
19941,62.83746666666701
19942,65.98339999999993
19943,59.79848000000034
19944,64.2852000000003
19945,64.86820000000017
19946,65.16640000000001
19947,66.56220000000005
19948,64.59680000000007
19949,68.51559999999981
19950,69.53760000000014
19951,66.50420000000004
19952,80.56020000000012
19953,66.71319999999973
19954,68.63240000000016
19955,68.07260000000018
19956,66.14799999999987
19957,67.21599999999984
19958,61.52820000000028
19959,66.21320000000003
19960,63.858799999999846
19961,66.84120000000006
19962,65.65720000000006
19963,65.69960000000002
19964,64.47839999999975
19965,67.5254000000001
19966,68.68979999999995
19967,65.20139999999985
19968,68.25340000000003
19969,68.62954999999994
19970,65.69999999999995
19971,65.23200000000007
19972,72.22259999999989
19973,63.23259999999983
19974,65.57499999999989
19975,61.872449999999766
19976,65.92239999999993
19977,64.72080000000011
19978,65.3851999999995
19979,70.76779999999985
19980,66.08719999999973
19981,71.23000000000009
19982,67.14559999999997
19983,66.6526000000002
19984,62.423799999999844
19985,60.8795999999998
19986,65.15999999999994
19987,65.54860000000006
19988,65.2359999999996
19989,66.40180000000018
19990,64.5050000000001
19991,66.90739999999998
19992,67.53660000000013
19993,71.61059999999998
19994,63.86859999999993
19995,66.53219999999996
19996,63.64320000000027
19997,64.42519999999989
19998,66.20540000000004
19999,66.34580000000003
20000,66.18560000000004
20001,65.80999999999983
20002,65.11060000000012
20003,65.20260000000002
20004,71.24180000000025
20005,62.86419999999984
20006,66.52420000000002
20007,66.37000000000008
20008,67.19400000000013
20009,66.53564999999976
20010,67.57559999999994
20011,64.20160000000024
20012,72.5489999999999
20013,63.70739999999982
20014,66.68680000000012
20015,67.18520000000002
20016,62.851399999999686
20017,65.23940000000026
20018,64.9590000000001
20019,65.78779999999998
20020,66.0680000000001
20021,62.59100000000041
20022,62.89939999999951
20023,70.44960000000002
20024,66.17600000000009
20025,65.76659999999985
20026,64.45580000000007
20027,64.99620000000004
20028,67.19960000000019
20029,64.70720000000007
20030,71.49699999999997
20031,60.33919999999997
20032,65.53200000000002
20033,65.30979999999983
20034,70.72499999999997
20035,67.3566
20036,65.7749999999999
20037,65.47840000000005
20038,66.53220000000007
20039,58.091600000000135
20040,68.43579999999969
20041,67.30479999999986
20042,67.36400000000002
20043,64.17080000000024
20044,66.07220000000018
20045,64.42520000000019
20046,64.85500000000025
20047,65.23180000000004
20048,64.13920000000026
20049,72.28853333333352
20050,65.27480000000004
20051,63.97879999999999
20052,65.13739999999974
20053,70.13900000000008
20054,63.27100000000029
20055,66.49059999999986
20056,74.2117999999999
20057,67.1222
20058,65.50819999999986
20059,65.09620000000011
20060,65.6512
20061,64.02519999999967
20062,66.45539999999978
20063,63.301000000000286
20064,62.285400000000024
20065,66.33179999999994
20066,60.33839999999998
20067,66.90040000000005
20068,64.05020000000019
20069,66.94419999999987
20070,69.93009999999964
20071,66.44859999999981
20072,62.93320000000039
20073,61.66620000000025
20074,73.42539999999993
20075,65.58879999999998
20076,62.64999999999978
20077,65.50839999999995
20078,70.83400000000002
20079,65.50159999999985
20080,67.90019999999987
20081,68.69620000000006
20082,67.15099999999994
20083,65.61239999999992
20084,65.39899999999973
20085,66.77219999999993
20086,67.43100000000004
20087,66.63479999999988
20088,67.99380000000014
20089,65.29200000000013
20090,71.75620000000006
20091,67.29139999999998
20092,64.6395999999995
20093,68.94420000000004
20094,64.61359999999982
20095,67.40639999999999
20096,69.5120000000001
20097,64.95379999999987
20098,65.10159999999993
20099,64.57260000000025
20100,63.38280000000004
20101,70.42739999999993
20102,67.52899999999983
20103,68.72139999999996
20104,66.32559999999997
20105,69.54580000000004
20106,71.19279999999992
20107,66.39839999999997
20108,64.72099999999992
20109,66.86576666666657
20110,66.4945999999999
20111,65.3988
20112,66.78980000000001
20113,64.63420000000023
20114,67.20449999999994
20115,65.87760000000013
20116,67.03119999999986
20117,64.10879999999979
20118,66.20259999999966
20119,64.12460000000029
20120,65.92260000000023
20121,65.04700000000008
20122,66.63979999999957
20123,63.10926666666686
20124,65.81300000000012
20125,66.02440000000021
20126,66.4966
20127,66.90480000000008
20128,69.44300000000005
20129,67.02940000000021
20130,65.71340000000014
20131,67.99799999999993
20132,66.48899999999989
20133,64.01379999999995
20134,62.82820000000037
20135,65.5861999999999
20136,72.39260000000002
20137,64.31899999999999
20138,63.879000000000175
20139,62.13540000000033
20140,63.73340000000031
20141,65.84839999999974
20142,65.51380000000003
20143,64.93439999999973
20144,68.29159999999992
20145,63.46390000000007
20146,70.09179999999998
20147,66.17699999999974
20148,64.38859999999991
20149,71.38860000000003
20150,63.289999999999864
20151,65.03300000000016
20152,63.97499999999975
20153,66.3332000000001
20154,64.05900000000021
20155,73.59899999999995
20156,64.94860000000001
20157,70.81560000000017
20158,61.22300000000005
20159,66.10559999999995
20160,67.61040000000011
20161,63.29799999999982
20162,79.15979999999989
20163,64.84040000000017
20164,65.60219999999985
20165,71.28019999999988
20166,64.21939999999965
20167,66.15280000000013
20168,64.64840000000005
20169,63.54619999999977
20170,64.62919999999995
20171,64.22440000000029
20172,65.8192
20173,64.73379999999987
20174,64.87040000000016
20175,65.03380000000008
20176,67.26600000000015
20177,65.09719999999976
20178,64.37060000000017
20179,66.50280000000015
20180,65.70939999999993
20181,63.28860000000044
20182,65.70940000000023
20183,66.5642000000001
20184,70.68539999999996
20185,63.817799999999835
20186,64.53359999999992
20187,64.11299999999991
20188,64.22980000000013
20189,67.02200000000016
20190,69.48220000000019
20191,65.48980000000007
20192,63.43459999999984
20193,63.257000000000346
20194,73.45399999999998
20195,64.49039999999992
20196,61.22840000000024
20197,62.84259999999966
20198,66.54279999999999
20199,64.20459999999972
20200,67.71579999999985
20201,67.06759999999989
20202,65.37360000000017
20203,68.41719999999998
20204,67.48160000000038
20205,63.93920000000016
20206,64.2612000000003
20207,71.2548000000001
20208,66.33159999999978
20209,64.4768000000001
20210,63.7386
20211,66.1912
20212,65.83520000000016
20213,67.31999999999985
20214,70.35200000000012
20215,66.32480000000007
20216,66.44779999999989
20217,61.663799999999796
20218,64.74439999999993
20219,64.98000000000009
20220,70.43899999999971
20221,68.3561999999998
20222,65.89979999999994
20223,67.9534000000004
20224,68.70760000000017
20225,64.35300000000025
20226,65.55819999999996
20227,67.23339999999982
20228,63.08720000000038
20229,67.24870000000003
20230,66.15299999999984
20231,64.88320000000016
20232,64.2544
20233,68.19359999999998
20234,64.24060000000007
20235,66.79900000000018
20236,64.12119999999997
20237,64.13239999999998
20238,68.45259999999985
20239,67.15100000000002
20240,65.98499999999974
20241,66.68179999999994
20242,69.88320000000003
20243,70.02639999999985
20244,65.60539999999975
20245,68.13360000000003
20246,65.89099999999998
20247,76.72160000000012
20248,63.73240000000018
20249,70.48059999999998
20250,63.09399999999963
20251,67.61139999999965
20252,64.58660000000009
20253,65.28299999999997
20254,65.20240000000022
20255,67.7271999999998
20256,66.70759999999983
20257,65.66399999999989
20258,68.72279999999984
20259,64.53159999999984
20260,64.79680000000008
20261,67.47079999999995
20262,68.0571999999998
20263,64.11599999999973
20264,66.13679999999988
20265,69.05920000000015
20266,56.58060000000029
20267,79.11099999999978
20268,62.42859999999969
20269,67.75160000000011
20270,68.17580000000014
20271,65.65279999999989
20272,69.41700000000004
20273,63.51179999999966
20274,66.293
20275,69.7755999999998
20276,64.36799999999968
20277,64.36219999999999
20278,68.32320000000003
20279,63.42880000000027
20280,79.69039999999981
20281,76.85280000000026
20282,64.03519999999992
20283,61.123400000000196
20284,67.7891999999996
20285,66.27120000000018
20286,63.97840000000033
20287,77.50520000000004
20288,69.07700000000007
20289,63.06820000000021
20290,65.13260000000011
20291,65.47660000000037
20292,65.84739999999972
20293,75.42340000000002
20294,71.94019999999996
20295,63.44600000000029
20296,64.05120000000011
20297,64.82520000000007
20298,66.05040000000008
20299,66.57939999999994
20300,72.8004
20301,65.27040000000031
20302,64.2282
20303,64.79120000000009
20304,70.60079999999988
20305,66.47199999999965
20306,66.29880000000017
20307,67.07859999999972
20308,65.44120000000005
20309,74.02700000000004
20310,66.06639999999982
20311,63.97500000000024
20312,63.15660000000032
20313,65.48840000000023
20314,73.22879999999998
20315,64.80280000000013
20316,64.86850000000025
20317,64.35519999999978
20318,75.1428
20319,67.2909999999999
20320,66.0087999999997
20321,63.49380000000035
20322,62.866000000000426
20323,69.44659999999985
20324,76.53019999999988
20325,63.222399999999666
20326,65.21620000000013
20327,65.49460000000025
20328,63.26948000000005
20329,64.94939999999987
20330,65.00559999999992
20331,65.93779999999971
20332,68.33799999999964
20333,63.77739999999992
20334,68.45360000000002
20335,67.86920000000003
20336,67.41459999999984
20337,68.12239999999977
20338,67.62019999999991
20339,63.920800000000355
20340,66.69160000000011
20341,85.76019999999988
20342,65.42819999999995
20343,67.87039999999993
20344,62.163199999999804
20345,66.30559999999979
20346,73.13020000000012
20347,70.11339999999984
20348,66.9192
20349,67.00279999999985
20350,64.60839999999986
20351,65.57659999999971
20352,65.23859999999985
20353,67.01719999999992
20354,65.93479999999991
20355,67.40179999999953
20356,63.137400000000234
20357,63.022600000000075
20358,63.43120000000023
20359,65.86140000000009
20360,65.32719999999996
20361,68.00839999999994
20362,71.06860000000007
20363,64.59980000000004
20364,67.15773333333313
20365,65.65699999999985
20366,70.0088
20367,66.97219999999984
20368,65.28479999999992
20369,63.05880000000046
20370,62.9570000000005
20371,68.02879999999973
20372,69.61659999999996
20373,77.3021999999999
20374,64.01220000000002
20375,62.35399999999999
20376,62.75239999999947
20377,63.564000000000014
20378,66.48239999999996
20379,63.25440000000036
20380,64.39360000000026
20381,65.40200000000033
20382,63.29620000000023
20383,68.6061999999998
20384,62.663999999999916
20385,69.85459999999986
20386,67.75180000000005
20387,67.46179999999991
20388,64.48279999999977
20389,66.36220000000003
20390,67.86000000000001
20391,65.66459999999991
20392,66.18719999999992
20393,66.31260000000007
20394,63.77800000000018
20395,66.92819999999986
20396,67.88599999999998
20397,64.8762000000003
20398,66.35579999999997
20399,62.07039999999984
20400,74.55759999999994
20401,66.99360000000007
20402,61.9579999999999
20403,65.83169999999969
20404,63.03759999999997
20405,56.698930952381346
20406,68.19339999999974
20407,65.42730000000024
20408,64.77740000000004
20409,63.60240000000003
20410,64.22940000000007
20411,62.540599999999884
20412,65.30680000000015
20413,66.1724000000001
20414,67.88059999999996
20415,68.38320000000013
20416,64.34659999999991
20417,64.5348
20418,69.40779999999987
20419,69.16639999999988
20420,63.51160000000018
20421,65.4161999999998
20422,63.346000000000195
20423,66.19159999999984
20424,63.92199999999995
20425,66.79719999999969
20426,64.95539999999966
20427,66.04079999999999
20428,65.53679999999981
20429,60.82940000000001
20430,68.68979999999978
20431,64.05759999999998
20432,63.68519999999988
20433,65.37080000000007
20434,62.836799999999805
20435,63.91660000000012
20436,65.87600000000016
20437,64.02540000000023
20438,65.31520000000015
20439,64.25120000000001
20440,66.54479999999982
20441,65.47840000000001
20442,65.73359999999967
20443,66.63919999999987
20444,67.623
20445,64.50920000000002
20446,63.5010000000003
20447,65.90179999999991
20448,73.07220000000011
20449,63.78539999999985
20450,67.33059999999995
20451,66.4371999999998
20452,64.57959999999999
20453,67.79879999999993
20454,76.29180000000005
20455,61.27050000000019
20456,64.49900000000031
20457,68.00579999999975
20458,62.87100000000038
20459,67.00160000000004
20460,66.16579999999968
20461,65.8511999999999
20462,67.66480000000018
20463,66.37840000000008
20464,63.3342000000003
20465,73.09540000000004
20466,68.52559999999977
20467,64.80079999999982
20468,62.991399999999956
20469,67.20859999999968
20470,64.46960000000006
20471,63.62600000000019
20472,68.28940000000007
20473,63.81999999999978
20474,65.74900000000024
20475,68.26759999999989
20476,65.0326000000001
20477,65.50520000000013
20478,65.05880000000013
20479,63.4695000000004
20480,66.35259999999985
20481,64.76459999999999
20482,66.44359999999986
20483,76.73119999999994
20484,64.04300000000003
20485,68.00639999999983
20486,64.48179999999984
20487,63.31479999999979
20488,68.29479999999994
20489,62.821199999999834
20490,64.26819999999996
20491,67.35439999999991
20492,64.96159999999972
20493,64.41440000000031
20494,71.87319999999993
20495,68.70739999999975
20496,66.69959999999982
20497,63.132399999999535
20498,65.78500000000022
20499,63.444599999999774
20500,64.97579999999999
20501,64.6190000000001
20502,63.54300000000023
20503,67.64539999999985
20504,66.28559999999993
20505,64.9292000000002
20506,64.22779999999979
20507,67.48819999999985
20508,67.19140000000004
20509,63.09860000000037
20510,63.18579999999974
20511,65.90360000000001
20512,64.03599999999976
20513,60.130199999999654
20514,67.48479999999995
20515,66.8344666666665
20516,70.80199999999996
20517,65.26719999999962
20518,64.7245999999999
20519,65.8095999999998
20520,66.39859999999973
20521,65.14819999999987
20522,67.23259999999998
20523,65.76060000000008
20524,67.56420000000024
20525,70.38640000000001
20526,60.49759999999987
20527,75.48359999999992
20528,65.05400000000004
20529,62.475800000000234
20530,62.9318000000004
20531,66.35119999999986
20532,66.61899999999993
20533,63.576200000000036
20534,67.86880000000016
20535,63.21140000000041
20536,67.37220000000008
20537,69.0159999999999
20538,66.60179999999988
20539,63.57420000000022
20540,65.03100000000003
20541,68.05519999999999
20542,66.75320000000002
20543,64.9594
20544,56.35432809523797
20545,65.6235999999998
20546,66.23780000000008
20547,65.94939999999991
20548,65.22959999999975
20549,63.48260000000036
20550,64.27326999999978
20551,84.9437999999999
20552,80.22019999999988
20553,66.71599999999975
20554,69.6922999999998
20555,66.74100000000004
20556,68.84086999999991
20557,59.13199999999991
20558,67.28779999999985
20559,66.95066666666644
20560,71.50839999999992
20561,65.04420000000019
20562,73.26920000000005
20563,65.55579999999964
20564,65.78840000000025
20565,63.46719999999968
20566,55.7896000000002
20567,66.62339999999966
20568,62.54260000000011
20569,69.24400000000011
20570,66.78569999999992
20571,64.97920000000012
20572,71.0698
20573,66.07459999999963
20574,68.5139999999996
20575,65.12560000000023
20576,66.36979999999978
20577,68.10839999999983
20578,66.60779999999967
20579,68.64219999999996
20580,63.05180000000044
20581,67.02860000000004
20582,66.03979999999994
20583,67.25360000000008
20584,66.86400000000013
20585,70.22179999999996
20586,63.07079999999985
20587,66.29540000000003
20588,63.70860000000004
20589,65.11240000000022
20590,72.02120000000004
20591,66.29505999999981
20592,55.663782380952405
20593,66.0551999999998
20594,65.44139999999983
20595,74.1916
20596,64.5412000000003
20597,66.61359999999992
20598,69.18899999999977
20599,88.17980000000004
20600,63.21988000000031
20601,64.90280000000025
20602,68.99340000000036
20603,59.09379999999979
20604,66.26779999999997
20605,70.60160000000018
20606,60.28219999999985
20607,64.63819999999997
20608,65.6956000000002
20609,65.91219999999979
20610,71.26820000000009
20611,65.38139999999999
20612,67.5989999999999
20613,62.79139999999969
20614,67.13060000000029
20615,60.31140000000009
20616,73.44640000000025
20617,66.06219999999983
20618,67.1447999999998
20619,64.49700000000009
20620,73.61219999999985
20621,66.21859999999982
20622,69.00899999999984
20623,66.11699999999998
20624,64.80540000000009
20625,67.51279999999981
20626,67.50779999999965
20627,74.38620000000012
20628,63.45039999999985
20629,63.52580000000034
20630,68.47539999999985
20631,67.96420000000006
20632,64.97239999999988
20633,65.4959999999999
20634,65.9165999999998
20635,62.741599999999664
20636,66.7618
20637,69.1585999999998
20638,71.09060000000012
20639,65.07739999999971
20640,65.39619999999981
20641,65.58019999999969
20642,69.36040000000011
20643,65.62920000000011
20644,67.1502
20645,66.3449999999997
20646,64.53659999999974
20647,63.05460000000031
20648,69.18279999999979
20649,63.5294000000003
20650,66.41920000000009
20651,66.16939999999981
20652,64.65559999999971
20653,66.77559999999995
20654,61.18359999999967
20655,64.22600000000018
20656,68.28620000000022
20657,63.29333333333331
20658,69.34000000000006
20659,65.0408
20660,62.868600000000455
20661,65.60399999999996
20662,65.26020000000004
20663,69.3755999999999
20664,64.81140000000008
20665,66.59760000000027
20666,65.17339999999972
20667,70.02279999999982
20668,66.98579999999964
20669,60.58620000000014
20670,65.45240000000024
20671,63.0578000000003
20672,67.40739999999988
20673,64.55160000000022
20674,62.65220000000037
20675,62.870999999999604
20676,74.11460000000008
20677,64.3739999999999
20678,66.9433999999998
20679,66.35199999999966
20680,63.461799999999705
20681,62.864599999999655
20682,65.5626000000001
20683,68.55620000000006
20684,69.47479999999995
20685,65.8542000000004
20686,72.83859999999989
20687,66.7031999999998
20688,64.70639999999993
20689,66.21020000000001
20690,64.89119999999998
20691,67.28060000000012
20692,65.7460000000002
20693,66.17259999999992
20694,66.80500000000002
20695,67.89519999999999
20696,65.91399999999999
20697,64.24559999999998
20698,69.98739999999981
20699,66.03839999999988
20700,64.1152
20701,63.69059999999973
20702,66.31579999999975
20703,64.72780000000017
20704,68.82320000000026
20705,65.50459999999995
20706,72.9486
20707,69.63899999999998
20708,62.638199999999586
20709,66.98819999999998
20710,66.36320000000015
20711,69.70059999999995
20712,66.52339999999994
20713,74.03180000000025
20714,69.95759999999997
20715,65.22359999999964
20716,67.6308000000003
20717,64.22819999999966
20718,63.3593999999997
20719,63.93439999999984
20720,79.03379999999991
20721,65.60240000000017
20722,73.42779999999993
20723,73.55270000000003
20724,70.83020000000039
20725,66.13969999999965
20726,63.87080000000037
20727,67.98980000000003
20728,63.69799999999981
20729,68.73699999999992
20730,74.49579999999979
20731,63.34320000000023
20732,66.04580000000007
20733,65.23380000000002
20734,65.04220000000004
20735,68.12959999999968
20736,68.62219999999999
20737,66.0815999999998
20738,66.46559999999997
20739,69.83779999999987
20740,66.89860000000027
20741,67.44739999999977
20742,75.86308571428582
20743,61.846999999999944
20744,68.6029199999999
20745,66.4385999999999
20746,69.63580000000015
20747,68.98653333333357
20748,62.83479999999986
20749,70.28179999999988
20750,62.41539999999961
20751,65.7929999999997
20752,73.85600000000001
20753,72.61259999999996
20754,67.77460000000009
20755,66.79899999999991
20756,71.04739999999994
20757,69.36740000000022
20758,69.79659999999998
20759,66.46679999999971
20760,67.52500000000043
20761,65.27159999999996
20762,64.63279999999996
20763,69.49240000000005
20764,63.59446666666695
20765,56.35432809523797
20766,64.46739999999998
20767,66.37319999999967
20768,65.40699999999991
20769,65.42700000000004
20770,67.95499999999984
20771,64.85780000000034
20772,62.89659999999982
20773,64.77239999999982
20774,65.11759999999995
20775,65.83440000000006
20776,62.650200000000225
20777,63.57160000000028
20778,67.56899999999966
20779,66.07400000000001
20780,69.62680000000013
20781,70.56979999999967
20782,72.30843809523822
20783,68.99380000000006
20784,68.20260000000007
20785,66.57400000000018
20786,67.21980000000013
20787,67.41619999999998
20788,65.76019999999994
20789,67.23379999999982
20790,66.429
20791,66.32359999999991
20792,69.23459999999973
20793,68.46460000000013
20794,68.20519999999975
20795,62.58399999999947
20796,65.86180000000016
20797,62.85849999999988
20798,65.67480000000015
20799,62.85879999999977
20800,63.267400000000336
20801,64.22891111111133
20802,65.3984000000001
20803,62.81900000000032
20804,78.40259999999991
20805,68.61880000000009
20806,67.8490000000001
20807,72.52820000000023
20808,68.01999999999985
20809,63.031600000000225
20810,65.20739999999985
20811,63.25240000000038
20812,66.07039999999992
20813,66.12020000000018
20814,64.13440000000001
20815,64.11579999999957
20816,68.38739999999997
20817,70.49819999999987
20818,64.1368000000002
20819,65.53340000000016
20820,67.46339999999982
20821,59.58040000000007
20822,67.26119999999997
20823,70.13320000000004
20824,68.88559999999978
20825,68.31659999999971
20826,66.11279999999992
20827,63.20219999999955
20828,65.97239999999984
20829,63.85059999999966
20830,66.84
20831,66.96339999999992
20832,65.52810000000011
20833,63.86320000000019
20834,64.39660000000029
20835,64.27020000000016
20836,65.26719999999999
20837,72.36020000000013
20838,66.94099999999989
20839,64.65479999999975
20840,67.73940000000006
20841,68.18800000000002
20842,65.21539999999996
20843,66.99239999999979
20844,64.70919999999995
20845,65.46960000000006
20846,65.71700000000017
20847,66.77299999999963
20848,65.38080000000001
20849,66.64719999999994
20850,65.67120000000023
20851,67.20379999999993
20852,67.09139999999996
20853,62.446800000000145
20854,66.12739999999997
20855,68.09099999999961
20856,64.1729999999999
20857,64.44060000000002
20858,64.06780000000002
20859,67.28759999999983
20860,65.37800000000024
20861,77.2719999999999
20862,64.1213999999996
20863,64.50599999999966
20864,66.62119999999999
20865,65.10200000000006
20866,67.68599999999981
20867,67.49700000000014
20868,64.65879999999987
20869,66.36019999999975
20870,66.73420000000006
20871,64.30780000000013
20872,68.06859999999986
20873,64.16600000000044
20874,69.39280000000015
20875,63.73999999999981
20876,65.47800000000001
20877,66.63159999999989
20878,67.45559999999973
20879,64.53520000000023
20880,66.42419999999998
20881,63.09780000000037
20882,66.69479999999967
20883,66.54979999999998
20884,63.96720000000031
20885,64.6824
20886,72.70899999999999
20887,64.74399999999991
20888,61.22880000000006
20889,68.49359999999986
20890,64.40119999999996
20891,67.9979999999998
20892,65.6917999999997
20893,61.36373333333324
20894,65.519
20895,64.79540000000024
20896,78.67280000000002
20897,67.05579999999966
20898,64.99360000000001
20899,62.4474
20900,63.65240000000031
20901,66.96199999999985
20902,67.62499999999994
20903,65.92180000000013
20904,66.49699999999963
20905,61.0204000000003
20906,63.12820000000033
20907,65.86180000000007
20908,65.56660000000007
20909,66.31949999999978
20910,64.6783999999998
20911,65.02160000000009
20912,65.00180000000022
20913,65.95459999999994
20914,67.59119999999987
20915,65.07579999999989
20916,70.07139999999976
20917,55.95126000000025
20918,67.21699999999996
20919,68.98639999999995
20920,65.95139999999985
20921,65.94100000000006
20922,65.77799999999992
20923,68.65939999999979
20924,62.63639999999952
20925,62.46600000000015
20926,74.05920000000029
20927,62.136799999999866
20928,68.93439999999998
20929,66.97879999999984
20930,65.49679999999991
20931,66.02239999999993
20932,67.13079999999985
20933,67.53320000000008
20934,65.90700000000014
20935,63.74240000000029
20936,64.39020000000016
20937,66.09660000000015
20938,65.54999999999984
20939,62.95066666666688
20940,67.8229999999998
20941,63.64459999999996
20942,64.27780000000016
20943,65.68899999999971
20944,66.15940000000015
20945,68.20420000000018
20946,76.38060000000004
20947,63.298600000000405
20948,70.01759999999982
20949,68.17179999999999
20950,69.07880000000004
20951,62.45220000000009
20952,69.68940000000003
20953,75.01680000000003
20954,59.83539999999959
20955,65.9945999999998
20956,73.61939999999998
20957,66.02559999999973
20958,66.38839999999985
20959,67.59959999999981
20960,66.08259999999986
20961,65.12500000000013
20962,64.45379999999976
20963,67.54619999999996
20964,66.84319999999977
20965,67.6772000000001
20966,84.51659999999997
20967,66.18319999999991
20968,66.45720000000014
20969,65.47000000000018
20970,67.62959999999984
20971,65.95959999999965
20972,67.60780000000004
20973,63.284399999999934
20974,72.8556
20975,64.43479999999987
20976,66.94519999999976
20977,65.00059999999976
20978,72.79619999999998
20979,66.6502000000001
20980,68.45899999999985
20981,66.91999999999992
20982,67.26440000000005
20983,67.29269999999988
20984,67.0153999999996
20985,64.23690000000013
20986,69.72259999999999
20987,70.1831999999997
20988,59.72099999999972
20989,64.37360000000035
20990,64.12260000000026
20991,68.36999999999978
20992,66.69753333333313
20993,71.98799999999997
20994,69.31580000000014
20995,68.12879999999983
20996,66.23819999999964
20997,65.5390000000002
20998,64.80079999999982
20999,65.05139999999999
21000,64.37740000000002
21001,65.36740000000002
21002,67.78260000000007
21003,65.22500000000007
21004,64.98639999999983
21005,65.31339999999996
21006,66.65759999999996
21007,65.67040000000016
21008,63.796800000000275
21009,64.19040000000031
21010,63.84630000000034
21011,65.66420000000004
21012,70.51740000000008
21013,62.74880000000036
21014,64.87560000000012
21015,62.96700000000011
21016,66.17340000000003
21017,64.87820000000006
21018,59.87479999999982
21019,65.85819999999981
21020,62.69820000000035
21021,63.83160000000022
21022,64.59160000000016
21023,64.84279999999995
21024,66.89919999999948
21025,65.76560000000009
21026,68.29179999999998
21027,66.177
21028,66.2712
21029,65.59780000000015
21030,64.66040000000002
21031,65.69960000000012
21032,66.12799999999979
21033,66.16219999999971
21034,63.34760000000045
21035,66.72899999999998
21036,67.4423999999999
21037,66.29000000000029
21038,66.34679999999994
21039,63.54060000000002
21040,67.57939999999977
21041,70.97859999999979
21042,66.38759999999995
21043,67.1383999999998
21044,63.11780000000043
21045,66.18039999999988
21046,67.43000000000002
21047,75.83679999999991
21048,66.39260000000012
21049,64.89499999999997
21050,67.96219999999965
21051,66.4938000000001
21052,67.9331999999998
21053,64.05540000000035
21054,67.79079999999996
21055,73.2388
21056,67.23880000000003
21057,64.194
21058,65.43300000000013
21059,65.30979999999985
21060,64.09939999999992
21061,64.86000000000026
21062,65.20880000000005
21063,64.50540000000007
21064,66.28160000000007
21065,64.44000000000018
21066,69.83359999999975
21067,69.49420000000015
21068,65.6869999999997
21069,64.45500000000038
21070,68.70679999999986
21071,65.48730000000019
21072,67.98480000000008
21073,63.64780000000041
21074,62.74260000000025
21075,63.86240000000017
21076,63.43940000000041
21077,69.55539999999999
21078,66.21160000000006
21079,64.85000000000028
21080,68.97459999999991
21081,65.62579999999986
21082,67.00480000000009
21083,66.83279999999979
21084,68.60319999999976
21085,67.47900000000016
21086,67.84760000000027
21087,65.05879999999993
21088,72.57760000000007
21089,63.53619999999969
21090,65.59040000000017
21091,72.40740000000008
21092,63.04400000000011
21093,66.00159999999984
21094,64.42399999999982
21095,66.67579999999971
21096,71.3153999999999
21097,63.87700000000017
21098,66.26720000000009
21099,68.33720000000004
21100,64.38160000000028
21101,65.60599999999997
21102,67.05400000000024
21103,63.24379999999989
21104,65.4060000000001
21105,60.117799999999946
21106,64.59079999999987
21107,64.8132000000001
21108,63.738399999999835
21109,63.11279999999983
21110,67.91099999999985
21111,63.94200000000029
21112,62.81119999999962
21113,71.82260000000004
21114,64.65080000000002
21115,69.92459999999977
21116,66.74019999999965
21117,58.37020000000011
21118,70.3008000000001
21119,67.31040000000017
21120,66.94859999999998
21121,64.6963999999999
21122,66.92320000000005
21123,66.28459999999983
21124,62.78640000000049
21125,63.161200000000335
21126,65.91700000000017
21127,64.82239999999946
21128,66.80539999999982
21129,65.41859999999996
21130,65.52800000000022
21131,63.91170000000009
21132,66.6083999999997
21133,71.82680000000002
21134,66.87399999999991
21135,69.58859999999987
21136,66.32799999999992
21137,67.99019999999997
21138,69.44130000000008
21139,65.68359999999961
21140,67.32079999999952
21141,63.45440000000036
21142,70.13879999999992
21143,64.28619999999995
21144,77.79520000000022
21145,67.18800000000003
21146,65.95179999999975
21147,62.12400000000013
21148,70.40819999999988
21149,65.28940000000013
21150,80.30479999999979
21151,64.0831999999999
21152,66.82480000000024
21153,66.71700000000014
21154,60.71179999999999
21155,69.62119999999993
21156,64.21920000000027
21157,66.74420000000023
21158,67.2861999999999
21159,75.35019999999989
21160,65.72300000000006
21161,66.67859999999959
21162,66.53179999999983
21163,69.37260000000009
21164,63.54880000000027
21165,68.5049999999999
21166,68.37659999999994
21167,65.98299999999968
21168,64.22560000000021
21169,78.95140000000013
21170,69.8374
21171,69.06219999999983
21172,63.95960000000003
21173,66.93960000000004
21174,63.96339999999994
21175,70.33319999999974
21176,66.94779999999999
21177,66.88000000000008
21178,66.79839999999993
21179,68.82513333333327
21180,62.415599999999955
21181,62.75420000000008
21182,66.50140000000013
21183,69.16079999999987
21184,66.66099999999992
21185,67.87940000000015
21186,67.45899999999996
21187,59.71259999999998
21188,65.30120000000024
21189,69.81060000000014
21190,68.41940000000001
21191,67.6817999999998
21192,65.11779999999992
21193,73.95219999999973
21194,62.64719999999963
21195,66.15699999999998
21196,67.0939999999996
21197,73.57119999999999
21198,65.99259999999985
21199,63.47160000000034
21200,65.01679999999982
21201,63.403200000000346
21202,72.28340000000016
21203,64.71399999999981
21204,66.3622500000002
21205,65.76940000000002
21206,70.38240000000005
21207,68.42859999999999
21208,75.3018000000003
21209,64.2778000000001
21210,65.5004000000003
21211,64.41939999999995
21212,64.11280000000001
21213,70.02380000000046
21214,62.58380000000007
21215,62.89179999999949
21216,74.14660000000013
21217,64.7670000000003
21218,72.34800000000018
21219,64.48660000000004
21220,76.08539999999996
21221,63.86640000000003
21222,69.0248000000001
21223,69.46179999999967
21224,67.92140000000006
21225,58.87000000000001
21226,70.25980000000006
21227,67.00859999999997
21228,65.63659999999979
21229,66.50039999999996
21230,73.0036000000001
21231,74.7364000000003
21232,65.37359999999983
21233,71.12913333333364
21234,64.78360000000028
21235,62.40680000000033
21236,73.69259999999998
21237,61.60828000000033
21238,63.95619999999989
21239,69.24179999999996
21240,66.4053999999996
21241,67.99839999999982
21242,65.54560000000009
21243,65.57720000000026
21244,63.9888000000003
21245,65.07580000000017
21246,63.82919999999992
21247,63.41300000000023
21248,61.997200000000205
21249,68.49360000000006
21250,63.39939999999986
21251,65.60420000000008
21252,68.63719999999994
21253,64.15839999999974
21254,68.56579999999981
21255,73.96800000000007
21256,65.29380000000016
21257,62.61220000000001
21258,64.56680000000026
21259,68.28860000000019
21260,65.36939999999993
21261,68.55599999999984
21262,64.3654000000002
21263,66.96860000000014
21264,69.16395000000003
21265,64.95440000000026
21266,68.24139999999998
21267,74.52820000000021
21268,66.38439999999962
21269,66.72520000000007
21270,65.95239999999997
21271,62.89459999999967
21272,66.15459999999969
21273,67.85019999999982
21274,64.21119999999996
21275,65.11200000000012
21276,65.77680000000024
21277,63.65319999999974
21278,69.74619999999985
21279,66.8565999999998
21280,64.21160000000013
21281,65.30460000000022
21282,64.6694000000001
21283,72.85240000000017
21284,64.98879999999987
21285,64.0582000000001
21286,62.33659999999967
21287,66.23759999999966
21288,66.55560000000031
21289,67.93459999999979
21290,72.15479999999991
21291,70.91560000000017
21292,68.82699999999979
21293,63.398599999999796
21294,77.24740000000003
21295,68.92259999999992
21296,60.34893333333345
21297,64.36139999999992
21298,65.64320000000006
21299,67.96459999999998
21300,63.96199999999989
21301,73.7854000000001
21302,66.90239999999999
21303,59.52200000000007
21304,65.05000000000013
21305,63.30780000000001
21306,69.79879999999994
21307,64.96979999999984
21308,70.80859999999983
21309,68.28639999999962
21310,68.08800000000005
21311,65.24480000000023
21312,67.5882000000003
21313,65.01019999999997
21314,61.78200000000002
21315,62.97399999999972
21316,72.16240000000005
21317,63.248400000000274
21318,64.34579999999987
21319,65.31399999999995
21320,65.89559999999989
21321,67.55859999999994
21322,64.22159999999998
21323,78.79859999999998
21324,67.86899999999986
21325,66.84919999999964
21326,63.08199999999994
21327,64.02240000000008
21328,61.28879999999993
21329,69.94839999999994
21330,66.92199999999998
21331,64.4496000000003
21332,65.57260000000011
21333,65.71999999999967
21334,74.74200000000008
21335,65.24380000000033
21336,64.08999999999985
21337,69.10359999999984
21338,62.980200000000046
21339,69.68779999999978
21340,62.891799999999556
21341,68.43559999999997
21342,65.46520000000004
21343,67.83919999999986
21344,65.65279999999987
21345,66.07859999999998
21346,68.72600000000008
21347,71.0560666666665
21348,63.643800000000326
21349,64.3557999999999
21350,67.83080000000015
21351,66.45920000000001
21352,76.53660000000009
21353,64.87559999999996
21354,76.84559999999993
21355,70.62380000000017
21356,67.34079999999986
21357,68.6982000000001
21358,69.10400000000007
21359,65.7824000000001
21360,69.1845999999999
21361,64.55400000000014
21362,67.43779999999981
21363,66.43619999999976
21364,67.51679999999999
21365,64.02840000000018
21366,63.68820000000025
21367,72.8443999999999
21368,63.75860000000002
21369,81.67139999999995
21370,63.94040000000016
21371,65.8750000000001
21372,67.50280000000018
21373,63.02719999999974
21374,66.73479999999998
21375,66.34499999999983
21376,70.21520000000012
21377,67.28859999999995
21378,64.80680000000017
21379,67.07160000000003
21380,70.02599999999995
21381,64.31539999999998
21382,67.18899999999992
21383,67.31000000000004
21384,67.6254
21385,64.74920000000031
21386,64.05399999999986
21387,64.40700000000018
21388,82.1996
21389,66.05260000000013
21390,66.17699999999999
21391,66.40779999999967
21392,63.4872000000003
21393,66.38899999999997
21394,66.89439999999999
21395,65.44460000000004
21396,62.8284000000004
21397,66.48219999999976
21398,74.13100000000007
21399,65.32560000000008
21400,65.63240000000017
21401,64.13820000000035
21402,66.45660000000034
21403,62.88679999999977
21404,68.1101999999998
21405,66.64399999999985
21406,66.32539999999968
21407,60.530999999999864
21408,60.81860000000001
21409,70.89740000000015
21410,66.69419999999995
21411,61.750599999999956
21412,64.37459999999977
21413,65.45259999999998
21414,65.21640000000009
21415,64.79360000000004
21416,69.68699999999988
21417,63.63100000000012
21418,63.95560000000026
21419,69.5086000000001
21420,70.6012000000003
21421,68.65319999999994
21422,65.26719999999999
21423,66.15999999999985
21424,64.7776
21425,65.758
21426,63.03880000000043
21427,69.35859999999991
21428,66.05960000000019
21429,65.55180000000011
21430,64.81460000000001
21431,68.5678
21432,64.73045000000019
21433,70.88959999999994
21434,64.69819999999972
21435,63.768799999999686
21436,66.07779999999977
21437,71.4356000000002
21438,76.7640000000001
21439,62.64360000000007
21440,72.35219999999993
21441,64.561
21442,66.75179999999983
21443,70.39100000000003
21444,63.79000000000022
21445,70.56520000000008
21446,65.74939999999981
21447,65.17100000000012
21448,65.76279999999991
21449,66.15960000000003
21450,64.63179999999966
21451,64.24220000000024
21452,67.12160000000009
21453,69.34300000000007
21454,66.35960000000016
21455,67.49339999999992
21456,65.0516000000001
21457,65.8855999999997
21458,64.62120000000006
21459,68.95380000000004
21460,66.05240000000003
21461,67.04140000000012
21462,71.34340000000023
21463,72.01360000000005
21464,68.55839999999985
21465,62.626399999999634
21466,70.95040000000012
21467,67.00619999999992
21468,68.95719999999984
21469,63.454000000000256
21470,62.84320000000043
21471,65.45620000000007
21472,64.51740000000034
21473,63.36940000000032
21474,65.74660000000006
21475,66.17959999999987
21476,65.09779999999976
21477,65.93799999999985
21478,64.71720000000012
21479,66.24499999999999
21480,64.66459999999962
21481,65.89799999999978
21482,65.17320000000012
21483,75.96240000000002
21484,64.59440000000025
21485,60.55000000000015
21486,66.75919999999977
21487,65.16760000000004
21488,66.28960000000004
21489,67.27500000000008
21490,66.17739999999989
21491,67.41219999999967
21492,66.74680000000009
21493,67.61060000000029
21494,65.12320000000027
21495,64.54919999999986
21496,62.942399999999616
21497,66.76480000000004
21498,64.44020000000003
21499,64.04599999999994
21500,66.92699999999977
21501,63.0531999999997
21502,64.0846
21503,60.23673333333352
21504,65.83060000000003
21505,65.61339999999984
21506,64.17119999999976
21507,75.72479999999987
21508,65.25139999999993
21509,69.02899999999991
21510,66.00499999999971
21511,61.940999999999974
21512,63.69880000000036
21513,65.34980000000013
21514,67.62819999999998
21515,63.00099999999999
21516,68.15680000000005
21517,73.6732
21518,65.55039999999966
21519,68.56479999999996
21520,65.71379999999968
21521,64.45879999999994
21522,64.47799999999998
21523,65.3909999999997
21524,66.04720000000002
21525,63.798999999999715
21526,63.7559999999998
21527,71.49719999999994
21528,66.70159999999997
21529,66.41640000000007
21530,65.54879999999987
21531,72.66000000000007
21532,65.08839999999987
21533,62.93620000000041
21534,66.31440000000003
21535,64.90999999999997
21536,65.47739999999986
21537,65.46739999999998
21538,64.15260000000036
21539,70.70239999999993
21540,63.37720000000024
21541,66.57439999999991
21542,66.56060000000008
21543,73.72708571428586
21544,68.18920000000001
21545,65.68500000000004
21546,66.23859999999983
21547,64.60760000000005
21548,71.90140000000008
21549,63.60899999999965
21550,64.49180000000017
21551,81.34439999999975
21552,65.20579999999984
21553,70.04800000000003
21554,62.65240000000041
21555,68.25240000000005
21556,74.20619999999988
21557,64.79239999999983
21558,66.28391000000003
21559,64.63920000000019
21560,60.57259999999986
21561,70.12219999999989
21562,65.12979999999973
21563,67.13000000000002
21564,65.21960000000006
21565,68.6403047619047
21566,67.1152000000003
21567,64.24740000000023
21568,65.34279999999983
21569,65.40279999999966
21570,66.9741999999997
21571,64.41399999999987
21572,69.89040000000001
21573,64.73980000000002
21574,64.08200000000025
21575,66.74039999999991
21576,66.74139999999967
21577,66.11719999999976
21578,64.1991999999999
21579,68.31340000000004
21580,66.0743999999999
21581,69.0939999999998
21582,54.32600000000001
21583,65.68460000000012
21584,64.77460000000028
21585,64.2768
21586,66.28440000000003
21587,65.35260000000021
21588,67.25299999999996
21589,65.89199999999978
21590,66.85760000000002
21591,63.44639999999997
21592,63.970800000000125
21593,59.81559999999991
21594,66.55839999999985
21595,66.41179999999996
21596,64.58999999999988
21597,64.27099999999994
21598,64.53766666666661
21599,66.87799999999997
21600,65.26199999999973
21601,64.83487333333343
21602,64.2292
21603,68.1531999999999
21604,63.77620000000046
21605,67.62340000000012
21606,66.79199999999985
21607,63.16060000000024
21608,80.01980000000013
21609,67.11240000000004
21610,64.42659999999982
21611,65.91259999999997
21612,65.28519999999989
21613,65.3821999999996
21614,67.42790000000007
21615,67.01439999999984
21616,69.12759999999992
21617,66.44633333333317
21618,65.09219999999978
21619,65.68559999999991
21620,65.68899999999998
21621,77.0336
21622,63.56260000000021
21623,70.64359999999996
21624,66.45899999999992
21625,66.7707999999997
21626,71.01559999999999
21627,71.1548
21628,66.03620000000001
21629,64.25199999999998
21630,73.77880000000002
21631,68.18399999999974
21632,64.84739999999985
21633,70.79320000000016
21634,66.29319999999976
21635,63.81680000000029
21636,62.88879999999995
21637,64.25480000000017
21638,67.83060000000009
21639,82.98859999999995
21640,67.20859999999956
21641,65.75679999999974
21642,69.28400000000002
21643,65.02859999999995
21644,64.32259999999995
21645,64.31720000000004
21646,67.37200000000018
21647,65.42499999999995
21648,65.15720000000023
21649,71.05860000000004
21650,67.34499999999993
21651,63.04179999999969
21652,64.23586666666681
21653,67.99639999999982
21654,68.69279999999993
21655,63.71420000000032
21656,66.55879999999998
21657,69.03199999999987
21658,64.37839999999981
21659,65.55960000000007
21660,68.8398000000001
21661,65.26900000000013
21662,63.26800000000044
21663,63.1754000000004
21664,60.95279999999993
21665,64.02720000000036
21666,66.59500000000004
21667,66.69179999999982
21668,63.958200000000204
21669,71.18139999999987
21670,59.54039999999982
21671,62.87320000000043
21672,65.63339999999991
21673,65.4101999999999
21674,64.82720000000003
21675,64.13040000000024
21676,62.83999999999965
21677,64.42359999999992
21678,64.12840000000038
21679,81.93020000000011
21680,63.37399999999966
21681,71.68780000000017
21682,65.95420000000011
21683,66.12880000000017
21684,83.47239999999991
21685,64.58799999999994
21686,65.40219999999998
21687,66.79180000000018
21688,66.32380000000006
21689,64.11659999999962
21690,66.30770000000018
21691,66.65899999999979
21692,65.62719999999972
21693,65.0339999999998
21694,63.47800000000034
21695,66.10940000000005
21696,62.825400000000435
21697,67.78579999999998
21698,67.37059999999991
21699,63.002199999999874
21700,65.1492000000003
21701,63.28659999999981
21702,64.91859999999964
21703,65.59080000000006
21704,65.95499999999961
21705,68.18239999999989
21706,64.57959999999986
21707,68.83779999999989
21708,66.90820000000012
21709,68.2441799999999
21710,64.30600000000028
21711,61.51799999999987
21712,64.36579999999984
21713,69.60259999999995
21714,66.79360000000021
21715,68.38520000000004
21716,65.30280000000015
21717,67.22360000000009
21718,71.40499999999999
21719,64.88940000000022
21720,67.44619999999966
21721,64.82499999999999
21722,64.38999999999973
21723,63.78840000000028
21724,65.46439999999984
21725,63.030000000000435
21726,72.61800000000002
21727,63.77340000000027
21728,62.86580000000013
21729,66.86239999999997
21730,64.20760000000004
21731,67.2214
21732,62.98719999999988
21733,62.79939999999997
21734,65.93039999999992
21735,63.37999999999987
21736,62.02499999999962
21737,62.86039999999964
21738,65.01999999999984
21739,64.60000000000014
21740,65.28939999999984
21741,72.1090000000001
21742,63.98259999999985
21743,68.70040000000023
21744,65.9172
21745,63.93199999999989
21746,63.91059999999965
21747,67.05980000000011
21748,64.28839999999983
21749,64.65380000000022
21750,66.0083999999998
21751,64.765
21752,66.4675999999999
21753,63.072999999999546
21754,66.3512000000001
21755,60.662599999999784
21756,65.05510000000027
21757,75.62660000000022
21758,67.61660000000008
21759,66.79179999999984
21760,64.79639999999979
21761,61.03313333333333
21762,66.39719999999988
21763,65.22600000000004
21764,63.76800000000029
21765,63.28139999999995
21766,78.85359999999996
21767,65.70200000000013
21768,62.744400000000354
21769,63.52980000000029
21770,67.22579999999982
21771,65.84179999999974
21772,64.59460000000001
21773,67.86820000000004
21774,65.20260000000002
21775,73.14759999999956
21776,63.28879999999973
21777,68.21319999999993
21778,63.99400000000002
21779,68.19440000000039
21780,64.55060000000014
21781,69.75439999999976
21782,63.70240000000026
21783,67.3864
21784,68.90700000000001
21785,65.46340000000028
21786,66.70879999999973
21787,63.41140000000032
21788,67.37020000000001
21789,64.31119999999981
21790,69.72139999999997
21791,64.47760000000011
21792,63.510999999999974
21793,74.61040000000008
21794,64.88860000000011
21795,67.47359999999972
21796,65.11800000000015
21797,65.74219999999973
21798,65.63259999999974
21799,66.42659999999998
21800,67.87820000000008
21801,62.74360000000026
21802,69.35140000000006
21803,68.66119999999987
21804,68.3184
21805,64.33860000000026
21806,67.80639999999987
21807,66.09740000000009
21808,67.14579999999984
21809,60.31740000000019
21810,75.26220000000015
21811,64.80180000000031
21812,67.58139999999997
21813,63.37440000000028
21814,81.12500000000016
21815,65.55420000000001
21816,67.47779999999992
21817,64.85739999999993
21818,66.0945999999999
21819,63.780600000000376
21820,65.20499999999991
21821,69.81140000000015
21822,68.57060000000038
21823,63.93500000000022
21824,65.99820000000005
21825,69.27579999999986
21826,66.21120000000008
21827,76.0848
21828,67.06359999999968
21829,64.1428000000004
21830,63.31240000000029
21831,69.68246666666667
21832,62.01140000000008
21833,67.35067999999987
21834,70.20819999999978
21835,65.47260000000017
21836,64.08579999999958
21837,67.44920000000033
21838,68.63839999999982
21839,67.2117999999999
21840,65.60340000000005
21841,66.03520000000016
21842,64.61460000000011
21843,67.65820000000014
21844,71.41099999999982
21845,64.0785999999998
21846,64.8720000000002
21847,65.30319999999976
21848,67.28539999999994
21849,68.08999999999979
21850,66.91480000000003
21851,66.97760000000001
21852,66.60579999999983
21853,65.36499999999998
21854,66.9311999999999
21855,67.59204999999986
21856,71.79859999999994
21857,63.54139999999967
21858,65.2336
21859,67.80279999999995
21860,67.1476
21861,68.41659999999992
21862,62.849600000000386
21863,74.88300000000004
21864,65.34659999999995
21865,69.68960000000013
21866,68.13399999999999
21867,65.75519999999975
21868,67.75559999999973
21869,65.14359999999998
21870,64.45960000000011
21871,67.37159999999986
21872,63.41660000000037
21873,67.04999999999954
21874,67.42799999999988
21875,68.64900000000011
21876,69.01679999999996
21877,78.97499999999994
21878,64.456
21879,65.62566666666667
21880,74.22046666666685
21881,65.49099999999993
21882,62.98020000000028
21883,65.28939999999974
21884,67.35259999999991
21885,65.93160000000023
21886,65.33819999999986
21887,66.39500000000011
21888,66.20299999999965
21889,64.54239999999994
21890,64.93759999999975
21891,66.5049999999998
21892,70.68613333333323
21893,65.04700000000015
21894,67.5645999999998
21895,66.74000000000007
21896,65.57399999999973
21897,70.4938
21898,67.94079999999981
21899,77.19080000000038
21900,66.53159999999968
21901,62.67099999999979
21902,67.896
21903,65.64460000000007
21904,66.18099999999994
21905,67.8330999999997
21906,66.3920000000004
21907,65.58720000000017
21908,64.33739999999987
21909,66.2925999999998
21910,66.8583999999999
21911,65.44240000000033
21912,65.91700000000002
21913,62.82159999999958
21914,62.07520000000012
21915,68.32079999999982
21916,64.62740000000014
21917,63.58600000000008
21918,62.432400000000186
21919,67.7204
21920,72.70139999999999
21921,67.56259999999996
21922,60.28459999999982
21923,65.25380000000013
21924,68.04560000000006
21925,63.1590000000003
21926,66.0407999999999
21927,69.68380000000009
21928,63.27220000000039
21929,64.11879999999994
21930,67.43640000000026
21931,66.69539999999981
21932,69.58979999999985
21933,65.74579999999965
21934,67.62619999999957
21935,65.9149999999997
21936,68.84619999999971
21937,70.96559999999992
21938,60.11499999999973
21939,65.51260000000016
21940,66.9878
21941,67.04039999999974
21942,67.3306
21943,68.47139999999966
21944,63.4960000000003
21945,64.51279999999993
21946,68.39299999999977
21947,63.875599999999885
21948,64.96779999999987
21949,66.09900000000023
21950,70.97619999999996
21951,65.7958000000001
21952,66.97520000000007
21953,65.38246666666667
21954,64.9596000000001
21955,67.3085999999997
21956,67.59459999999979
21957,63.9778
21958,65.66419999999967
21959,65.71000000000001
21960,64.77419999999995
21961,63.411999999999814
21962,65.03960000000016
21963,66.38739999999994
21964,67.31220000000002
21965,67.30899999999995
21966,68.08659999999993
21967,67.62559999999995
21968,66.42239999999975
21969,67.19679999999988
21970,64.52759999999984
21971,66.58239999999988
21972,66.28699999999992
21973,67.0422
21974,70.93879999999999
21975,61.853399999999915
21976,65.91780000000008
21977,60.73140000000022
21978,75.10740000000007
21979,64.17210000000007
21980,62.84960000000033
21981,72.1552
21982,64.51739999999961
21983,56.506000000000284
21984,62.993000000000094
21985,65.55410000000005
21986,64.66819999999957
21987,66.96460000000002
21988,61.998399999999876
21989,63.07940000000043
21990,65.97899999999964
21991,66.60979999999986
21992,78.18719999999968
21993,64.45979999999994
21994,67.88299999999997
21995,66.08820000000007
21996,64.07820000000018
21997,66.02279999999972
21998,74.11280000000023
21999,69.63179999999996
22000,65.31519999999986
22001,60.24560000000008
22002,67.17960000000012
22003,71.51199999999982
22004,73.80959999999996
22005,65.44800000000006
22006,63.629799999999726
22007,64.0524000000003
22008,65.77719999999984
22009,65.96799999999979
22010,64.76359999999985
22011,72.42699999999999
22012,69.49779999999994
22013,67.66099999999989
22014,63.996200000000414
22015,64.29919999999996
22016,61.02100000000009
22017,67.47339999999991
22018,65.78539999999967
22019,68.99080000000001
22020,66.98100000000022
22021,70.93120000000005
22022,65.68280000000023
22023,80.25479999999986
22024,65.97359999999976
22025,67.59039999999982
22026,63.36999999999959
22027,72.69439999999997
22028,65.85319999999997
22029,67.00120000000003
22030,64.41919999999996
22031,65.28020000000029
22032,63.63700000000006
22033,64.81339999999994
22034,64.1430000000001
22035,67.62279999999991
22036,58.39953285714283
22037,68.20440000000042
22038,71.59679999999994
22039,67.847
22040,71.08639999999995
22041,68.31880000000031
22042,64.10440000000024
22043,63.7826000000002
22044,66.98740000000012
22045,66.39380000000004
22046,62.99719999999959
22047,67.44600000000005
22048,68.94499999999987
22049,66.94339999999997
22050,65.67799999999994
22051,64.29180000000024
22052,63.59419999999974
22053,65.75127999999998
22054,64.46219999999981
22055,62.82180000000046
22056,71.52080000000026
22057,66.24479999999976
22058,70.44140000000004
22059,65.85900000000005
22060,64.15820000000036
22061,66.64086666666665
22062,61.74669999999972
22063,68.20419999999986
22064,64.13959999999975
22065,68.60759999999988
22066,66.80359999999986
22067,64.4318
22068,70.32919999999997
22069,64.25320000000022
22070,65.17540000000012
22071,66.43860000000005
22072,64.98159999999982
22073,64.73639999999992
22074,64.46299999999997
22075,57.852800000000386
22076,67.76559999999981
22077,70.04399999999966
22078,62.788399999999896
22079,67.41479999999976
22080,75.06559999999969
22081,63.01599999999968
22082,67.1878000000002
22083,65.87540000000006
22084,63.14220000000027
22085,66.87619999999974
22086,63.50099999999972
22087,65.50259999999996
22088,65.04660000000004
22089,63.498400000000416
22090,63.389199999999704
22091,72.96780000000003
22092,66.89220000000006
22093,63.299400000000354
22094,73.81279999999998
22095,67.21959999999996
22096,65.38640000000008
22097,66.22100000000002
22098,63.705400000000054
22099,68.4538000000001
22100,65.63200000000008
22101,64.24439999999994
22102,72.4642000000001
22103,63.859200000000335
22104,65.62400000000004
22105,60.51600000000012
22106,67.02019999999958
22107,71.73199999999993
22108,61.70799999999999
22109,65.16700000000002
22110,66.94760000000012
22111,65.38419999999971
22112,66.0754000000001
22113,73.37800000000009
22114,67.61060000000016
22115,69.45459999999963
22116,68.3962
22117,64.04280000000007
22118,76.6712
22119,67.53740000000043
22120,70.91680000000014
22121,63.46900000000029
22122,67.4991999999998
22123,64.19920000000029
22124,64.21660000000007
22125,66.09640000000003
22126,63.79700000000041
22127,69.18359999999987
22128,65.89119999999988
22129,67.61919999999976
22130,62.60900000000008
22131,63.67060000000031
22132,62.83300000000041
22133,64.74579999999997
22134,69.42259999999993
22135,57.621573015873174
22136,65.12560000000002
22137,68.26379999999989
22138,63.50579999999974
22139,66.6485999999998
22140,63.38966666666689
22141,66.88259999999983
22142,65.05220000000014
22143,71.20120000000001
22144,71.55560000000001
22145,79.34819999999999
22146,66.72859999999989
22147,60.43239999999992
22148,63.920399999999944
22149,64.7414000000003
22150,62.65040000000013
22151,64.13399999999955
22152,63.54060000000032
22153,65.61780000000012
22154,66.38379999999984
22155,63.580800000000174
22156,63.37400000000033
22157,66.69559999999981
22158,65.63460000000005
22159,63.50859999999955
22160,70.39579999999998
22161,66.17599999999997
22162,68.2114000000001
22163,65.42019999999981
22164,67.31819999999985
22165,65.8142999999999
22166,70.66640000000025
22167,73.1797999999999
22168,69.97460000000017
22169,60.345799999999606
22170,64.7560000000002
22171,66.40579999999996
22172,60.32939999999973
22173,67.50679999999988
22174,66.04879999999993
22175,64.53440000000006
22176,65.18980000000032
22177,63.660399999999996
22178,65.23519999999992
22179,64.74240000000016
22180,68.22119999999957
22181,70.06479999999993
22182,65.04180000000015
22183,66.3001999999999
22184,63.515000000000036
22185,65.24379999999995
22186,64.60980000000016
22187,69.74920000000004
22188,64.28200000000024
22189,62.82879999999998
22190,64.75659999999982
22191,65.5937999999998
22192,68.59920000000012
22193,65.90160000000004
22194,66.69360000000037
22195,65.32060000000001
22196,74.27080000000001
22197,65.03019999999991
22198,63.348800000000395
22199,65.53960000000004
22200,69.2286000000001
22201,72.96159999999992
22202,66.57550000000016
22203,74.78179999999976
22204,67.11519999999999
22205,60.39319999999961
22206,66.62819999999986
22207,67.06139999999998
22208,66.56639999999993
22209,64.12320000000025
22210,71.42859999999983
22211,67.4153999999999
22212,67.41440000000007
22213,69.5043999999999
22214,67.09319999999994
22215,64.23620000000012
22216,63.81960000000031
22217,65.8440000000001
22218,66.2366000000002
22219,65.17560000000024
22220,67.96579999999975
22221,61.349600000000095
22222,64.81066666666662
22223,67.18359999999991
22224,62.69559999999965
22225,67.11720000000003
22226,65.30120000000002
22227,63.597800000000234
22228,64.56300000000007
22229,69.80660000000005
22230,64.92380000000007
22231,61.93160000000032
22232,68.19800000000012
22233,62.07179999999987
22234,65.84319999999997
22235,67.96439999999997
22236,72.15480000000002
22237,62.025600000000146
22238,67.99440000000003
22239,65.4931285714283
22240,63.514400000000236
22241,64.65700000000034
22242,64.00420000000004
22243,68.85979999999996
22244,69.56739999999996
22245,62.73460000000047
22246,72.9264666666666
22247,65.11780000000022
22248,65.51940000000009
22249,65.98739999999995
22250,65.46159999999973
22251,66.01019999999997
22252,69.85579999999976
22253,61.76999999999985
22254,63.08520000000037
22255,62.612599999999595
22256,66.15480000000005
22257,66.23440000000024
22258,62.83280000000039
22259,70.0066000000001
22260,64.18480000000034
22261,66.32219999999982
22262,66.43259999999975
22263,64.56139999999998
22264,64.31640000000014
22265,63.28440000000025
22266,66.17100000000005
22267,66.48759999999987
22268,65.35559999999991
22269,65.07440000000017
22270,66.14220000000009
22271,64.44879999999986
22272,67.71640000000015
22273,67.08760000000025
22274,65.2230000000001
22275,78.74479999999988
22276,63.42759999999973
22277,74.1410000000002
22278,61.892599999999916
22279,67.10883714285725
22280,66.63519999999974
22281,64.81819999999996
22282,67.27120000000002
22283,68.83239999999995
22284,67.43559999999981
22285,63.487200000000286
22286,66.30099999999999
22287,58.3550665079365
22288,66.34119999999993
22289,82.16179999999986
22290,74.10779999999986
22291,62.81180000000024
22292,64.47480000000017
22293,63.130000000000166
22294,65.9180000000002
22295,60.062000000000026
22296,61.43940000000032
22297,64.80580000000027
22298,66.93659999999998
22299,70.99979999999995
22300,67.51599999999998
22301,67.77080000000004
22302,63.00599999999984
22303,66.45999999999994
22304,62.611799999999924
22305,70.22560000000001
22306,62.956200000000365
22307,65.26000000000012
22308,67.6760000000004
22309,64.68900000000026
22310,67.01799999999993
22311,64.02740000000017
22312,71.6719999999999
22313,64.41599999999997
22314,69.7743999999999
22315,55.78605238095237
22316,66.00559999999975
22317,71.21960000000003
22318,66.81280000000011
22319,65.77999999999999
22320,58.912133333333486
22321,68.45880000000008
22322,65.22979999999964
22323,63.252800000000335
22324,66.643
22325,66.03059999999992
22326,68.7488000000002
22327,61.26280000000016
22328,67.10439999999984
22329,65.46779999999976
22330,69.64759999999984
22331,66.53219999999996
22332,69.69839999999989
22333,67.74759999999999
22334,64.99080000000025
22335,69.59759999999994
22336,64.05960000000015
22337,80.79280000000016
22338,70.3978
22339,63.24980000000008
22340,67.30899999999995
22341,71.89780000000005
22342,60.33080000000012
22343,65.88240000000009
22344,62.766400000000274
22345,66.83139999999986
22346,64.85359999999996
22347,66.60219999999995
22348,75.06320000000005
22349,64.27859999999986
22350,65.08280000000022
22351,62.610799999999664
22352,69.55180000000011
22353,62.840599999999476
22354,66.24300000000008
22355,66.07460000000023
22356,63.006599999999864
22357,66.50879999999994
22358,66.09240000000021
22359,63.269800000000394
22360,65.38920000000033
22361,66.4870000000001
22362,65.51019999999973
22363,60.780799999999815
22364,65.08379999999988
22365,67.569
22366,64.28739999999985
22367,65.33099999999976
22368,59.71960000000001
22369,66.48740000000002
22370,66.20559999999998
22371,64.38820000000001
22372,63.16060000000041
22373,66.7727999999999
22374,64.69759999999981
22375,70.88660000000014
22376,68.89620000000002
22377,67.86220000000019
22378,59.818399999999684
22379,61.34099999999994
22380,68.12000000000008
22381,66.80660000000009
22382,62.42719999999956
22383,73.56500000000005
22384,61.47420000000007
22385,63.690400000000125
22386,63.20579999999992
22387,70.13499999999989
22388,67.31559999999978
22389,67.52199999999999
22390,63.32899999999988
22391,67.49639999999992
22392,63.69179999999979
22393,65.86920000000003
22394,65.09500000000031
22395,67.62739999999994
22396,67.58899999999979
22397,63.73440000000001
22398,67.52920000000005
22399,68.19179999999996
22400,65.5320000000002
22401,64.16480000000003
22402,77.20599999999986
22403,64.71459999999988
22404,66.53679999999996
22405,65.14619999999982
22406,69.05979999999988
22407,63.608800000000365
22408,84.55259999999994
22409,63.86580000000037
22410,64.31239999999995
22411,68.33719999999995
22412,68.36459999999997
22413,66.98379999999993
22414,66.659
22415,67.63139999999974
22416,66.45460000000007
22417,64.88260000000001
22418,66.3920000000001
22419,67.46579999999997
22420,65.94519999999984
22421,59.77140000000007
22422,67.3778000000001
22423,64.62140000000001
22424,59.062599999999776
22425,68.04039999999982
22426,65.22279999999996
22427,68.38320000000004
22428,66.64220000000014
22429,65.05179999999993
22430,67.5918
22431,67.50419999999976
22432,66.1657999999998
22433,64.51950000000024
22434,62.777000000000484
22435,66.50379999999994
22436,63.56600000000008
22437,66.07519999999985
22438,66.99480000000018
22439,63.547599999999974
22440,65.9225999999997
22441,65.77059999999992
22442,63.76420000000032
22443,62.21919999999985
22444,68.09100000000004
22445,64.70460000000007
22446,64.90419999999992
22447,66.60699999999991
22448,66.38339999999982
22449,64.80280000000003
22450,65.88939999999997
22451,66.79579999999994
22452,67.62260000000006
22453,66.43879999999997
22454,68.98520000000003
22455,72.32760000000002
22456,70.09760000000007
22457,67.37680000000007
22458,68.60700000000003
22459,67.41940000000004
22460,63.78120000000016
22461,68.87599999999996
22462,65.55119999999962
22463,67.80519999999996
22464,63.04860000000045
22465,66.30699999999983
22466,66.13779999999988
22467,68.56239999999998
22468,71.21360000000013
22469,66.00639999999989
22470,63.81080000000033
22471,65.225
22472,69.8713999999998
22473,67.26940000000008
22474,64.39179999999996
22475,62.0986
22476,63.42660000000044
22477,66.55419999999972
22478,68.86239999999998
22479,64.57280000000017
22480,66.50180000000012
22481,65.04959999999986
22482,66.63919999999989
22483,65.96899999999984
22484,68.32000000000025
22485,63.73360000000017
22486,66.93779999999991
22487,62.025399999999905
22488,65.70319999999984
22489,63.91340000000029
22490,69.66240000000005
22491,65.38239999999983
22492,63.4790000000003
22493,65.91000000000007
22494,65.41900000000007
22495,68.64179999999975
22496,66.08999999999996
22497,65.11870000000023
22498,70.36839999999977
22499,67.62799999999967
22500,71.52120000000008
22501,66.43559999999997
22502,66.35039999999988
22503,67.50999999999985
22504,67.91599999999995
22505,64.69580000000026
22506,63.81319999999983
22507,60.254641666666714
22508,65.95859999999988
22509,62.599599999999576
22510,74.2647999999998
22511,63.66160000000024
22512,61.613400000000155
22513,60.19519999999971
22514,66.80679999999992
22515,63.8342
22516,65.14179999999968
22517,66.57080000000002
22518,65.30799999999971
22519,64.50600000000014
22520,63.03139999999964
22521,65.74260000000007
22522,64.84339999999995
22523,64.91339999999984
22524,62.96580000000031
22525,64.83920000000013
22526,65.79840000000006
22527,64.45539999999957
22528,64.8272000000002
22529,62.875600000000404
22530,68.67319999999974
22531,64.93300000000019
22532,64.0382000000004
22533,66.56019999999972
22534,67.28520000000013
22535,62.92879999999969
22536,68.10140000000017
22537,68.26079999999986
22538,67.01500000000009
22539,68.02919999999982
22540,65.62620000000018
22541,68.19979999999967
22542,64.35300000000025
22543,67.36379999999993
22544,70.48899999999995
22545,65.38519999999995
22546,68.52879999999982
22547,69.2541999999999
22548,70.15359999999991
22549,72.04140000000021
22550,65.2174000000001
22551,64.88499999999978
22552,70.10899999999997
22553,64.4380000000001
22554,65.3528000000004
22555,74.45539999999987
22556,63.599400000000266
22557,65.68079999999986
22558,68.154
22559,63.78160000000008
22560,64.20220000000006
22561,72.78620000000001
22562,69.64440000000002
22563,67.16999999999986
22564,64.76000000000016
22565,66.24399999999964
22566,67.58380000000014
22567,66.10219999999977
22568,65.60519999999987
22569,65.60240000000012
22570,66.28279999999972
22571,80.59319999999981
22572,63.833199999999835
22573,68.06379999999993
22574,66.92739999999986
22575,62.95420000000035
22576,82.8980000000002
22577,65.84160000000007
22578,64.16120000000025
22579,67.7353999999999
22580,66.69860000000007
22581,63.22500000000022
22582,64.41940000000034
22583,64.54299999999996
22584,64.78259999999989
22585,67.09019999999998
22586,67.12519999999974
22587,64.91480000000008
22588,66.23339999999982
22589,66.43973333333315
22590,70.0139999999997
22591,66.86100000000009
22592,68.97300000000003
22593,64.72899999999994
22594,68.56279999999991
22595,66.83467142857144
22596,67.09540000000003
22597,68.38719999999972
22598,64.4254
22599,67.44919999999968
22600,63.62020000000032
22601,65.84259999999996
22602,67.17319999999988
22603,69.18099999999986
22604,64.59279999999988
22605,66.41900000000012
22606,59.95660000000028
22607,61.65679999999988
22608,68.12980000000002
22609,65.64180000000007
22610,65.3419999999999
22611,68.24439999999952
22612,63.48860000000034
22613,65.30520000000013
22614,58.7957999999999
22615,65.54400000000027
22616,63.21419999999981
22617,68.17220000000009
22618,75.00519999999976
22619,64.74
22620,66.64420000000003
22621,67.72759999999998
22622,70.73
22623,62.86740000000035
22624,65.27180000000006
22625,70.574
22626,64.17300000000014
22627,62.906600000000275
22628,68.21619999999979
22629,65.79740000000002
22630,67.45399999999995
22631,64.45340000000007
22632,67.30724999999977
22633,62.558199999999765
22634,66.43420000000003
22635,64.74540000000016
22636,67.27900000000002
22637,64.31739999999984
22638,66.74719999999989
22639,66.40399999999973
22640,65.58979999999991
22641,62.67999999999963
22642,66.09499999999979
22643,63.047000000000054
22644,64.66099999999996
22645,64.16599999999977
22646,69.2856000000001
22647,66.6480000000001
22648,66.01859999999994
22649,65.45059999999977
22650,73.00080000000008
22651,71.48180000000008
22652,65.628
22653,63.74440000000036
22654,66.27039999999994
22655,68.31079999999979
22656,78.70799999999991
22657,63.81720000000033
22658,66.69619999999975
22659,71.00300000000001
22660,68.4968
22661,66.20539999999986
22662,66.38339999999978
22663,66.74859999999994
22664,63.675200000000196
22665,68.27199999999989
22666,65.03099999999985
22667,65.1092
22668,62.68639999999952
22669,68.98600000000003
22670,70.0494
22671,63.26960000000031
22672,69.37019999999988
22673,66.81119999999974
22674,60.886199999999846
22675,66.45819999999998
22676,64.50640000000016
22677,64.1660000000001
22678,67.46039999999998
22679,71.56319999999992
22680,64.13999999999986
22681,61.677100000000046
22682,65.7352999999999
22683,66.77820000000004
22684,68.88339999999994
22685,64.74060000000019
22686,64.20959999999997
22687,72.23920000000025
22688,65.93140000000004
22689,65.12019999999991
22690,65.82999999999994
22691,70.4479000000002
22692,64.60360000000018
22693,63.76419999999972
22694,66.45499999999977
22695,68.03119999999979
22696,64.37239999999989
22697,61.99939999999989
22698,66.10600000000002
22699,68.58460000000012
22700,62.629799999999626
22701,66.42619999999998
22702,66.63056666666691
22703,71.29719999999995
22704,66.02840000000018
22705,63.64760000000018
22706,66.40960000000001
22707,64.41500000000025
22708,77.17986666666657
22709,78.71040000000015
22710,67.60179999999995
22711,68.4584000000001
22712,67.86659999999998
22713,62.60924000000035
22714,65.01700000000004
22715,63.699399999999805
22716,65.43680000000019
22717,63.18080000000025
22718,65.96159999999992
22719,65.68080000000012
22720,69.6167999999999
22721,67.41940000000007
22722,74.6833999999998
22723,62.993399999999525
22724,65.87459999999993
22725,69.1410000000001
22726,64.9250000000001
22727,64.53700000000028
22728,62.99260000000042
22729,63.98100000000018
22730,64.53219999999999
22731,65.4979999999997
22732,66.49200000000026
22733,67.69940000000007
22734,66.33420000000001
22735,66.80140000000002
22736,66.66600000000004
22737,65.95679999999997
22738,66.03520000000022
22739,66.30719999999982
22740,75.04180000000044
22741,63.106400000000335
22742,71.8979999999999
22743,67.47659999999999
22744,64.44259999999974
22745,70.9236000000002
22746,68.62719999999993
22747,63.02700000000037
22748,64.4111999999999
22749,69.10140000000013
22750,68.9957999999999
22751,67.76019999999991
22752,68.79039999999996
22753,63.99019999999988
22754,65.5650000000001
22755,64.90579999999994
22756,64.0504000000002
22757,64.84440000000023
22758,64.32699999999996
22759,68.49999999999989
22760,64.21739999999997
22761,68.65759999999996
22762,67.0692
22763,67.15599999999984
22764,64.54735000000011
22765,71.75220000000002
22766,69.6821999999999
22767,66.99400000000021
22768,67.0243999999999
22769,65.485
22770,69.96509999999986
22771,65.3272
22772,66.44159999999992
22773,66.13439999999997
22774,62.428000000000104
22775,63.386599999999696
22776,64.03331999999985
22777,63.346199999999776
22778,65.29739999999988
22779,63.89120000000026
22780,63.11500000000026
22781,66.58099999999992
22782,72.34840000000003
22783,69.9046000000001
22784,67.4460000000002
22785,66.28900000000013
22786,66.49620000000023
22787,67.93140000000002
22788,64.55340000000032
22789,65.2500000000003
22790,64.86859999999993
22791,67.27919999999976
22792,64.53119999999984
22793,72.70899999999992
22794,63.449400000000296
22795,63.190599999999854
22796,65.64580000000014
22797,65.54860000000015
22798,66.02280000000006
22799,64.93700000000003
22800,65.3542
22801,68.82139999999988
22802,64.80480000000016
22803,64.44099999999995
22804,63.03799999999952
22805,64.07520000000015
22806,65.85380000000008
22807,64.02300000000028
22808,64.2538
22809,70.65330000000013
22810,62.15139999999951
22811,62.98400000000044
22812,68.69199999999996
22813,59.64279999999974
22814,73.27839999999993
22815,55.78605238095237
22816,65.88999999999992
22817,67.39759999999985
22818,64.27119999999974
22819,68.45299999999985
22820,65.75379999999976
22821,67.22539999999995
22822,67.40399999999978
22823,65.33580000000018
22824,64.45360000000018
22825,67.44239999999992
22826,63.60420000000039
22827,63.21940000000028
22828,65.10039999999992
22829,77.27059999999989
22830,67.6989999999996
22831,65.63179999999997
22832,72.1669999999998
22833,67.55220000000006
22834,66.55479999999977
22835,62.66439999999946
22836,64.93260000000024
22837,63.25320000000035
22838,61.43759999999996
22839,64.98879999999983
22840,67.43280000000024
22841,68.15879999999984
22842,68.6804
22843,65.7889999999998
22844,63.993999999999886
22845,63.2428000000002
22846,67.57040000000018
22847,63.43299999999977
22848,64.33412000000023
22849,65.82290000000017
22850,62.78400000000045
22851,68.28060000000028
22852,67.09379999999977
22853,67.4839999999999
22854,62.71013333333316
22855,66.54099999999993
22856,64.12679999999975
22857,65.1012000000003
22858,68.07500000000007
22859,65.79700000000037
22860,69.36419999999981
22861,64.76699999999983
22862,66.54579999999987
22863,65.46195000000004
22864,58.980933333333546
22865,74.2296857142858
22866,66.28899999999997
22867,66.43369999999985
22868,63.83240000000031
22869,63.20579999999973
22870,66.08180000000002
22871,63.57959999999967
22872,65.1761999999998
22873,65.98800000000001
22874,69.24079999999996
22875,67.19820000000023
22876,70.97480000000006
22877,63.71699999999983
22878,64.02379999999982
22879,65.21739999999988
22880,68.3776000000002
22881,73.80099999999987
22882,65.75559999999999
22883,69.17580000000011
22884,64.59959999999967
22885,64.64720000000018
22886,66.13639999999975
22887,66.33660000000012
22888,63.17400000000024
22889,70.70100000000014
22890,64.22879999999994
22891,66.85060000000003
22892,64.21080000000026
22893,70.66600000000008
22894,70.32819999999991
22895,63.21459999999974
22896,62.88920000000003
22897,64.92539999999964
22898,65.11979999999996
22899,69.84139999999995
22900,65.80120000000028
22901,60.670199999999966
22902,74.14940000000023
22903,63.98239999999963
22904,62.73480000000046
22905,66.0569999999998
22906,71.05779999999986
22907,63.2868000000003
22908,60.9934
22909,65.6355999999998
22910,66.03479999999966
22911,65.13719999999978
22912,63.106000000000456
22913,68.60819999999994
22914,70.80440000000027
22915,67.46219999999994
22916,69.45380000000009
22917,63.0294000000001
22918,65.02939999999975
22919,63.70260000000033
22920,64.83240000000022
22921,66.18260000000024
22922,64.89519999999979
22923,64.42859999999986
22924,67.66159999999991
22925,65.145
22926,62.93199999999962
22927,61.614800000000066
22928,66.6027999999998
22929,64.7507999999999
22930,65.84419999999969
22931,65.26270000000018
22932,62.96359999999968
22933,65.34920000000004
22934,78.77159999999978
22935,68.60959999999979
22936,63.472000000000094
22937,65.28400000000016
22938,64.35680000000005
22939,66.14040000000016
22940,62.65280000000031
22941,68.24979999999988
22942,72.41920000000025
22943,62.998800000000095
22944,63.254600000000394
22945,64.43079999999992
22946,66.33219999999967
22947,64.91420000000008
22948,65.21560000000011
22949,67.9062
22950,64.73899999999982
22951,64.4374
22952,67.1374000000003
22953,69.06699999999975
22954,61.35959999999989
22955,65.16739999999987
22956,61.571000000000005
22957,64.7868000000002
22958,67.04279999999986
22959,65.69460000000012
22960,65.32160000000015
22961,66.08939999999971
22962,65.74059999999997
22963,71.51380000000003
22964,64.71800000000019
22965,64.54340000000029
22966,64.75140000000003
22967,62.63180000000014
22968,72.74299999999998
22969,65.40520000000022
22970,65.84811999999991
22971,64.86599999999994
22972,70.48599999999995
22973,66.0396999999997
22974,66.45899999999985
22975,63.161599999999744
22976,66.89399999999988
22977,59.31860000000024
22978,64.51280000000027
22979,65.84639999999985
22980,72.61179999999992
22981,72.72459999999994
22982,74.83640000000017
22983,65.35180000000014
22984,64.85059999999999
22985,66.20119999999983
22986,66.71760000000006
22987,69.83520000000003
22988,68.4094000000001
22989,68.02059999999992
22990,74.12140000000002
22991,62.53520000000013
22992,66.28459999999998
22993,66.52559999999968
22994,67.97139999999982
22995,75.12899999999992
22996,63.54840000000035
22997,65.59059999999971
22998,58.030999999999985
22999,61.9938
23000,63.41419999999978
23001,67.90260000000008
23002,65.94580000000012
23003,60.24479999999963
23004,67.53599999999959
23005,65.20239999999998
23006,66.99839999999976
23007,62.72960000000047
23008,65.6973999999999
23009,63.38040000000035
23010,64.60520000000017
23011,69.2902000000001
23012,54.985860000000024
23013,66.5956
23014,61.95880000000024
23015,68.7611999999999
23016,67.08479999999992
23017,66.3989999999998
23018,65.87779999999972
23019,66.14979999999998
23020,69.41439999999982
23021,69.73040000000012
23022,66.4305999999997
23023,63.782000000000245
23024,61.22620000000007
23025,69.81719999999987
23026,65.65340000000008
23027,73.69180000000011
23028,63.688799999999645
23029,64.47500000000001
23030,56.233024902319926
23031,66.90219999999985
23032,63.61599999999973
23033,65.27120000000009
23034,65.25259999999957
23035,64.18940000000013
23036,66.42939999999975
23037,70.19619999999995
23038,65.11320000000052
23039,59.87619999999984
23040,64.8304666666667
23041,70.45260000000006
23042,67.19159999999974
23043,63.77640000000018
23044,63.192200000000405
23045,64.52513333333302
23046,67.41959999999963
23047,64.35480000000038
23048,63.87019999999986
23049,67.39180000000025
23050,64.67179999999999
23051,64.72800000000007
23052,66.36059999999982
23053,69.27499999999982
23054,66.9882
23055,64.64199999999992
23056,65.76580000000033
23057,62.876800000000394
23058,64.65279999999987
23059,66.31480000000008
23060,64.17640000000016
23061,66.62339999999966
23062,66.76619999999983
23063,64.68460000000027
23064,63.08920000000028
23065,63.84739999999996
23066,63.766200000000296
23067,66.41140000000023
23068,67.37400000000002
23069,71.57440000000013
23070,65.76399999999997
23071,70.80280000000019
23072,63.09459999999972
23073,62.72460000000008
23074,62.95999999999966
23075,64.44499999999981
23076,65.0226000000001
23077,64.07100000000027
23078,69.16820000000014
23079,64.68940000000009
23080,66.39739999999992
23081,66.13499999999998
23082,66.0965999999999
23083,69.26799999999987
23084,73.0553999999999
23085,78.12800000000013
23086,63.07900000000046
23087,66.76919999999994
23088,65.59579999999968
23089,70.09440000000005
23090,65.60500000000009
23091,68.23959999999998
23092,66.69039999999984
23093,65.24420000000015
23094,63.930400000000006
23095,66.78459999999981
23096,68.22239999999972
23097,64.93139999999994
23098,62.820400000000426
23099,64.08999999999968
23100,80.79299999999985
23101,67.3579999999999
23102,63.64400000000018
23103,62.92260000000043
23104,78.92320000000022
23105,64.452
23106,66.5095999999998
23107,65.69720000000011
23108,67.95979999999965
23109,65.62109999999987
23110,72.1985999999999
23111,73.22899999999984
23112,64.26040000000003
23113,65.1415999999999
23114,66.89320000000002
23115,64.86300000000016
23116,62.121600000000285
23117,69.82880000000029
23118,65.68059999999997
23119,62.60919999999979
23120,65.33620000000008
23121,69.46200000000007
23122,67.59400000000011
23123,67.53620000000001
23124,70.38020000000003
23125,61.830000000000034
23126,62.972199999999894
23127,66.52960000000022
23128,67.4987999999998
23129,64.08720000000017
23130,72.73800000000003
23131,66.47220000000007
23132,63.396400000000334
23133,65.4148000000001
23134,65.25439999999958
23135,64.9618
23136,66.12239999999984
23137,67.81640000000002
23138,69.16119999999984
23139,64.24500000000035
23140,68.67980000000013
23141,64.39020000000018
23142,69.0940000000001
23143,71.27220000000003
23144,69.50259999999982
23145,68.32619999999999
23146,66.2956
23147,67.22539999999996
23148,66.30899999999949
23149,75.40820000000005
23150,67.47780000000009
23151,63.31620000000024
23152,62.932400000000214
23153,67.38379999999988
23154,65.26519999999994
23155,64.40060000000015
23156,66.86779999999997
23157,63.16800000000023
23158,65.54440000000035
23159,65.6764
23160,64.15560000000012
23161,66.79240000000007
23162,62.455999999999825
23163,63.671000000000284
23164,64.99740000000023
23165,62.83399999999962
23166,62.75559999999949
23167,73.64400000000023
23168,67.3257999999998
23169,66.08560000000013
23170,63.40419999999994
23171,67.05799999999984
23172,67.33200000000016
23173,77.49380000000014
23174,64.555
23175,63.8502
23176,69.10360000000006
23177,68.63859999999987
23178,63.98918666666684
23179,69.5737999999998
23180,66.27800000000013
23181,65.33600000000018
23182,65.7022
23183,63.95100000000002
23184,65.97399999999969
23185,67.83300000000014
23186,67.54420000000009
23187,70.2524000000001
23188,73.33499999999987
23189,67.40640000000012
23190,63.98480000000044
23191,68.14493333333326
23192,70.13819999999991
23193,76.76120000000013
23194,66.4339999999997
23195,66.03339999999997
23196,62.86580000000046
23197,65.02120000000022
23198,68.90559999999964
23199,68.0417999999999
23200,69.16720000000018
23201,66.58379999999994
23202,63.98880000000028
23203,65.61419999999978
23204,68.75299999999974
23205,68.76200000000009
23206,67.1671999999999
23207,62.77340000000001
23208,66.90180000000008
23209,63.6608000000001
23210,64.2082000000003
23211,63.98379999999981
23212,71.04500000000006
23213,63.55940000000028
23214,70.57700000000006
23215,61.741653333333446
23216,66.04280000000003
23217,66.32459999999972
23218,66.09459999999984
23219,64.38359999999977
23220,66.1330000000001
23221,67.03159999999986
23222,67.37939999999979
23223,62.79619999999953
23224,70.15840000000001
23225,68.54599999999972
23226,69.84400000000014
23227,69.36299999999993
23228,64.4125999999999
23229,66.55060000000006
23230,67.82259999999955
23231,70.07959999999999
23232,63.17299999999974
23233,67.3272
23234,62.72019999999958
23235,68.84700000000001
23236,64.06320000000031
23237,63.53919999999986
23238,60.748799999999946
23239,64.4176000000001
23240,62.67540000000038
23241,66.30219999999971
23242,65.51819999999988
23243,64.17519999999962
23244,65.57339999999994
23245,67.04560000000005
23246,71.74919999999992
23247,65.57039999999965
23248,67.69359999999976
23249,68.61059999999988
23250,64.76819999999996
23251,56.08171333333317
23252,62.39979999999994
23253,66.64345000000003
23254,64.54400000000012
23255,71.41080000000001
23256,64.75259999999992
23257,64.68780000000015
23258,67.75819999999997
23259,72.16700000000002
23260,64.0383999999999
23261,63.12100000000043
23262,67.96240000000006
23263,66.7384000000001
23264,63.628000000000235
23265,64.32140000000015
23266,64.50259999999994
23267,61.0440000000003
23268,66.91660000000032
23269,73.21480000000007
23270,65.81919999999994
23271,63.85680000000043
23272,66.7303999999999
23273,66.0491999999998
23274,67.5382666666666
23275,68.64779999999986
23276,66.33199999999985
23277,66.21680000000009
23278,66.54140000000015
23279,65.84660000000012
23280,67.8431999999997
23281,62.485799999999905
23282,66.68699999999977
23283,64.67759999999996
23284,64.61759999999995
23285,66.09520000000006
23286,77.32180000000027
23287,65.73960000000001
23288,65.9922000000001
23289,62.78160000000033
23290,69.16079999999998
23291,63.28459999999965
23292,67.77979999999975
23293,64.56100000000019
23294,65.6668
23295,65.6155999999997
23296,66.74760000000013
23297,65.22780000000004
23298,66.23519999999994
23299,67.80039999999984
23300,66.09479999999968
23301,70.3516
23302,64.9979999999996
23303,64.40819999999992
23304,66.08079999999971
23305,70.63240000000015
23306,67.95522000000007
23307,71.19820000000006
23308,67.52460000000006
23309,63.842400000000396
23310,64.41360000000022
23311,65.80379999999967
23312,66.39500000000012
23313,67.49439999999997
23314,64.52180000000024
23315,63.42560000000032
23316,64.2062000000002
23317,61.16040000000016
23318,63.924400000000176
23319,68.6584000000001
23320,66.26360000000008
23321,63.05140000000048
23322,67.30240000000016
23323,73.15140000000007
23324,65.73699999999994
23325,67.49120000000018
23326,65.656
23327,63.73840000000025
23328,65.14600000000006
23329,64.09760000000021
23330,66.5269999999998
23331,64.18339999999986
23332,76.46719999999993
23333,66.51899999999974
23334,65.35200000000005
23335,62.41039999999984
23336,76.87339999999995
23337,62.295800000000014
23338,72.60339999999994
23339,63.454800000000425
23340,67.20219999999982
23341,64.09680000000007
23342,62.58080000000019
23343,60.80739999999993
23344,67.78499999999981
23345,71.93659999999984
23346,65.74480000000008
23347,65.5938000000001
23348,66.80660000000027
23349,63.88020000000034
23350,66.44459999999987
23351,70.27859999999993
23352,69.43339999999996
23353,64.29020000000007
23354,62.249600000000136
23355,66.40840000000004
23356,63.974800000000265
23357,66.20499999999991
23358,64.47679999999977
23359,61.692599999999636
23360,65.83120000000008
23361,64.67560000000023
23362,69.71500000000003
23363,65.87659999999974
23364,65.96879999999992
23365,78.57380000000026
23366,66.49319999999987
23367,64.64500000000007
23368,63.27623333333308
23369,67.31619999999985
23370,62.24320000000029
23371,64.14440000000022
23372,64.87279999999978
23373,68.07259999999985
23374,67.99620000000017
23375,69.89259999999965
23376,65.25880000000008
23377,64.32380000000036
23378,67.33620000000018
23379,66.81659999999991
23380,67.7278000000003
23381,74.31680000000001
23382,74.82460000000012
23383,68.07319999999979
23384,64.83480000000023
23385,68.55659999999989
23386,64.07180000000021
23387,65.91619999999998
23388,66.47999999999993
23389,65.19679999999995
23390,66.56019999999968
23391,64.61920000000029
23392,70.97749999999989
23393,67.36100000000008
23394,65.42919999999994
23395,66.77439999999999
23396,63.86099999999989
23397,65.45259999999975
23398,68.94360000000002
23399,65.74659999999959
23400,66.23939999999992
23401,64.7255999999997
23402,65.80220000000016
23403,66.76540000000017
23404,63.599400000000315
23405,65.60079999999972
23406,64.49780000000001
23407,66.50459999999998
23408,62.89659999999989
23409,67.31179999999995
23410,65.42799999999995
23411,63.13379999999978
23412,69.32600000000006
23413,72.54900000000002
23414,66.3504000000001
23415,65.43840000000026
23416,70.03519999999949
23417,80.08519999999987
23418,65.0056000000001
23419,66.4202000000001
23420,67.09999999999998
23421,64.08939999999981
23422,63.24839999999979
23423,69.54520000000007
23424,70.84480000000008
23425,67.74199999999969
23426,66.75900000000007
23427,63.9333999999998
23428,71.5808000000001
23429,65.48300000000003
23430,63.42879999999979
23431,67.30880000000015
23432,65.15340000000012
23433,69.38119999999977
23434,62.28280000000011
23435,66.16380000000012
23436,66.66139999999987
23437,64.11680000000025
23438,67.7436000000001
23439,56.764600000000094
23440,67.09639999999986
23441,65.3658000000001
23442,62.46199999999954
23443,68.70059999999997
23444,65.7800000000001
23445,67.67920000000007
23446,62.635199999999955
23447,65.54079999999999
23448,63.8042000000002
23449,67.28039999999974
23450,69.15360000000003
23451,62.844400000000185
23452,64.1259999999998
23453,64.611
23454,66.53539999999978
23455,64.94679999999994
23456,65.20680000000006
23457,78.66980000000011
23458,61.89679999999998
23459,62.54780000000019
23460,81.21659999999997
23461,65.44140000000007
23462,73.40940000000013
23463,64.2712
23464,69.88339999999995
23465,65.37819999999996
23466,66.66699999999975
23467,70.62480000000001
23468,65.92099999999972
23469,74.1098
23470,64.80020000000012
23471,66.01239999999997
23472,62.91000000000035
23473,65.05786666666641
23474,68.90820000000019
23475,66.5775999999998
23476,64.82620000000003
23477,67.5645999999998
23478,70.25769999999972
23479,63.097599999999815
23480,64.30820000000038
23481,63.520400000000215
23482,66.91879999999983
23483,66.56780000000018
23484,64.97480000000006
23485,70.5339999999998
23486,66.4368000000001
23487,68.0097999999999
23488,66.68319999999991
23489,67.92799999999988
23490,65.85000000000014
23491,69.1516000000001
23492,66.56679999999989
23493,65.2292999999999
23494,68.99260000000007
23495,64.7263999999997
23496,65.23599999999969
23497,63.27860000000033
23498,64.45299999999999
23499,64.06620000000004
23500,63.32719999999964
23501,63.158000000000285
23502,65.79640000000006
23503,74.08179999999993
23504,67.0238
23505,62.69800000000038
23506,62.30439999999998
23507,64.6490000000001
23508,64.49039999999994
23509,67.90640000000003
23510,64.68419999999992
23511,65.48339999999973
23512,82.91439999999973
23513,71.68439999999994
23514,84.11659999999969
23515,65.68139999999991
23516,64.96559999999972
23517,65.04880000000027
23518,67.81600000000007
23519,63.96460000000023
23520,69.78999999999976
23521,66.97839999999991
23522,67.37679999999999
23523,63.19340000000011
23524,64.6383999999997
23525,61.97239999999969
23526,64.74380000000004
23527,69.64900000000003
23528,65.07827999999989
23529,66.324
23530,64.62079999999987
23531,70.69879999999999
23532,66.44460000000018
23533,68.94660000000005
23534,67.61700000000002
23535,64.51980000000009
23536,68.10679999999975
23537,65.78240000000002
23538,66.31099999999986
23539,64.08180000000003
23540,64.72899999999979
23541,65.23299999999989
23542,67.24140000000006
23543,65.9325999999999
23544,72.01166666666643
23545,68.41419999999997
23546,64.10580000000023
23547,66.26619999999969
23548,63.900599999999926
23549,66.74079999999978
23550,62.791999999999604
23551,65.77089999999994
23552,63.34340000000024
23553,70.6001999999998
23554,66.88059999999967
23555,64.71639999999988
23556,65.72219999999989
23557,64.91180000000001
23558,71.13939999999988
23559,66.41980000000002
23560,65.01479999999977
23561,67.41900000000024
23562,64.05820000000013
23563,65.92499999999973
23564,63.71400000000032
23565,61.72059999999976
23566,64.18839999999999
23567,71.20820000000012
23568,65.74659999999966
23569,70.91379999999992
23570,63.15480000000044
23571,69.16400000000014
23572,65.11119999999981
23573,66.53000000000002
23574,64.71800000000025
23575,65.3051999999999
23576,66.2969999999998
23577,62.93859999999977
23578,66.75139999999992
23579,66.71940000000023
23580,63.225799999999694
23581,66.42499999999987
23582,64.56159999999984
23583,64.19979999999984
23584,64.9184000000001
23585,69.36579999999995
23586,65.65320000000004
23587,66.096
23588,66.50060000000002
23589,70.72340000000003
23590,64.8124
23591,67.68439999999983
23592,65.90039999999996
23593,64.22320000000003
23594,63.89020000000038
23595,69.02015000000007
23596,64.79859999999975
23597,67.51280000000007
23598,66.50799999999997
23599,66.51699999999988
23600,66.41519999999993
23601,64.33784000000007
23602,63.044999999999625
23603,70.21660000000003
23604,65.4234
23605,66.31520000000009
23606,72.55799999999984
23607,65.91260000000008
23608,67.03399999999986
23609,63.935999999999986
23610,65.28759999999993
23611,64.42959999999995
23612,66.41320000000023
23613,66.72540000000002
23614,65.52179999999989
23615,69.04960000000005
23616,65.24840000000029
23617,64.56280000000024
23618,67.2082000000001
23619,55.930895555555594
23620,63.131400000000454
23621,67.21680000000023
23622,62.97079999999999
23623,63.954400000000184
23624,65.46980000000002
23625,65.0042
23626,64.44520000000007
23627,67.16680000000015
23628,64.72040000000003
23629,65.481
23630,54.120259999999995
23631,68.04846666666674
23632,64.80580000000025
23633,64.96580000000009
23634,68.85760000000015
23635,65.07339999999972
23636,75.29379999999995
23637,63.95419999999979
23638,74.6462
23639,63.38880000000035
23640,63.96680000000033
23641,64.05500000000002
23642,66.11939999999964
23643,67.34679999999996
23644,64.32400000000015
23645,70.76680000000032
23646,67.79360000000014
23647,68.02959999999992
23648,64.29020000000017
23649,64.27299999999985
23650,63.801200000000264
23651,70.83419999999974
23652,63.59960000000028
23653,73.70059999999992
23654,69.01579999999986
23655,64.77579999999998
23656,79.67959999999968
23657,67.03579999999974
23658,65.12280000000013
23659,66.57980000000005
23660,66.53380000000021
23661,63.050600000000316
23662,66.71459999999993
23663,65.59779999999994
23664,65.57139999999968
23665,73.29980000000005
23666,63.070900000000215
23667,68.81719999999986
23668,60.32979999999972
23669,65.1868
23670,64.0572000000003
23671,65.50500000000027
23672,64.00400000000003
23673,67.64579999999995
23674,64.7256000000002
23675,65.51359999999971
23676,65.41280000000019
23677,66.67879999999981
23678,67.16339999999997
23679,66.49720000000016
23680,65.22879999999988
23681,63.14040000000038
23682,68.99239999999988
23683,64.83979999999987
23684,63.35980000000031
23685,71.26319999999988
23686,71.41700000000013
23687,69.32379999999993
23688,71.43139999999995
23689,63.546300000000336
23690,65.72199999999995
23691,64.92600000000003
23692,68.2372000000001
23693,67.87520000000029
23694,68.85360000000018
23695,65.83599999999981
23696,65.43979999999986
23697,68.84220000000008
23698,65.36300000000016
23699,65.27860000000011
23700,65.79720000000032
23701,64.53900000000031
23702,65.36059999999993
23703,66.85260000000002
23704,65.16859999999993
23705,65.19279999999976
23706,66.85739999999988
23707,66.66519999999993
23708,73.28799999999994
23709,65.77260000000015
23710,67.67799999999967
23711,72.29739999999987
23712,65.07199999999999
23713,66.8384000000001
23714,57.10570238095276
23715,73.06360000000012
23716,62.9277999999999
23717,65.45159999999973
23718,67.48779999999978
23719,63.29560000000044
23720,66.18920000000006
23721,62.40480000000002
23722,64.09959999999995
23723,69.94991999999985
23724,67.28180000000003
23725,67.14419999999996
23726,68.51040000000016
23727,61.13780000000019
23728,66.74659999999973
23729,64.49840000000005
23730,66.52359999999966
23731,75.05200000000045
23732,66.63339999999995
23733,66.60900000000007
23734,65.34199999999991
23735,63.79200000000029
23736,71.34459999999997
23737,63.95660000000023
23738,62.55100000000039
23739,65.19500000000025
23740,64.23420000000013
23741,65.17659999999977
23742,67.23779999999968
23743,66.1408000000001
23744,71.38580000000009
23745,66.53719999999998
23746,64.71859999999998
23747,62.98919999999967
23748,65.68679999999998
23749,68.41419999999981
23750,63.04300000000039
23751,67.11539999999982
23752,82.58640000000013
23753,63.05499999999998
23754,68.66959999999975
23755,67.93220000000024
23756,64.09890000000017
23757,65.0708000000003
23758,79.93559999999994
23759,66.41260000000001
23760,63.38520000000011
23761,69.69180000000003
23762,62.78640000000048
23763,68.95879999999985
23764,66.90919999999981
23765,63.93640000000029
23766,65.32839999999997
23767,67.79800000000004
23768,61.789399999999794
23769,67.75780000000007
23770,63.5898000000003
23771,64.38200000000029
23772,65.92119999999983
23773,68.67660000000016
23774,68.16300000000015
23775,67.21059999999991
23776,62.705799999999684
23777,69.38359999999983
23778,64.39060000000028
23779,70.38140000000001
23780,68.10819999999971
23781,68.06580000000007
23782,63.311600000000304
23783,63.89999999999991
23784,65.21439999999956
23785,67.37200000000007
23786,64.21199999999975
23787,66.65659999999983
23788,75.93880000000007
23789,59.95300000000027
23790,71.0883999999999
23791,68.61519999999982
23792,78.32780000000005
23793,63.25760000000007
23794,62.72159999999967
23795,68.24819999999987
23796,67.07839999999987
23797,69.01800000000023
23798,65.32360000000004
23799,67.37420000000019
23800,66.07099999999981
23801,65.56356666666662
23802,60.3068000000002
23803,66.37560000000013
23804,65.67759999999966
23805,63.15080000000032
23806,71.81299999999997
23807,62.99600000000012
23808,70.33240000000004
23809,65.9909999999996
23810,65.42626666666646
23811,67.098
23812,62.46199999999954
23813,66.66519999999994
23814,63.526800000000456
23815,65.75039999999969
23816,67.53099999999988
23817,67.737
23818,70.36760000000008
23819,61.888400000000075
23820,68.61719999999983
23821,74.29099999999993
23822,63.998600000000344
23823,75.67160000000013
23824,62.66879999999968
23825,64.90379999999999
23826,64.59059999999995
23827,63.608200000000224
23828,65.5894
23829,69.96780000000018
23830,66.53839999999998
23831,59.96239999999976
23832,67.44240000000003
23833,64.87759999999992
23834,62.640199999999496
23835,64.64680000000007
23836,69.20139999999991
23837,64.94519999999983
23838,65.89580000000007
23839,63.470599999999656
23840,63.02160000000027
23841,67.61880000000002
23842,68.98599999999963
23843,66.68600000000006
23844,67.91719999999985
23845,65.49839999999989
23846,65.35939999999978
23847,67.13540000000005
23848,69.21400000000007
23849,66.96200000000003
23850,66.01439999999997
23851,62.83910000000042
23852,62.64700000000041
23853,66.71939999999996
23854,66.17840000000011
23855,66.7941999999998
23856,61.7274
23857,65.77359999999996
23858,65.3677999999998
23859,76.9748000000003
23860,65.73799999999983
23861,66.97639999999973
23862,78.61900000000001
23863,72.79780000000002
23864,64.33220000000017
23865,65.87479999999992
23866,64.99120000000022
23867,72.41199999999984
23868,66.91040000000022
23869,66.07580000000011
23870,65.82800000000005
23871,64.49600000000025
23872,63.918600000000275
23873,62.209399999999796
23874,70.77419999999992
23875,67.07940000000002
23876,65.14339999999991
23877,69.6916000000001
23878,72.63820000000008
23879,66.37439999999994
23880,65.73339999999986
23881,66.20099999999968
23882,66.49909999999988
23883,72.48840000000006
23884,66.11419999999984
23885,67.39500000000004
23886,71.49380000000023
23887,66.33039999999998
23888,64.38920000000003
23889,62.71860000000003
23890,59.93439999999966
23891,65.37079999999997
23892,66.31300000000009
23893,64.3798000000003
23894,66.76420000000014
23895,64.07880000000041
23896,63.79319999999994
23897,71.49140000000007
23898,62.949400000000445
23899,64.84339999999995
23900,65.84326666666672
23901,72.1505999999999
23902,67.47659999999998
23903,68.63299999999991
23904,65.10899999999964
23905,60.84688000000033
23906,67.82019999999997
23907,66.32879999999984
23908,72.25020000000008
23909,65.64739999999996
23910,73.78980000000003
23911,64.36680000000035
23912,66.0726000000001
23913,72.47699999999999
23914,70.51399999999988
23915,68.81779999999992
23916,67.06059999999995
23917,67.04799999999969
23918,65.5705999999996
23919,65.17277000000023
23920,65.5619999999997
23921,61.21549999999985
23922,69.33539999999985
23923,80.5503999999998
23924,63.841800000000255
23925,67.26340000000022
23926,73.95899999999999
23927,63.92639999999957
23928,67.54699999999985
23929,67.22780000000026
23930,64.23460000000034
23931,67.58199999999987
23932,65.76140000000018
23933,65.10459999999992
23934,64.08539999999992
23935,69.32720000000005
23936,70.60439999999976
23937,67.73120000000017
23938,68.05700000000009
23939,64.09679999999975
23940,67.06760000000028
23941,64.46779999999988
23942,65.10146666666662
23943,61.39438666666671
23944,72.04640000000008
23945,66.74339999999965
23946,64.89800000000007
23947,69.64259999999999
23948,62.80700000000046
23949,63.27139999999975
23950,56.801000000000336
23951,64.09500000000024
23952,69.08399999999979
23953,74.02839999999988
23954,67.26720000000006
23955,62.168599999999905
23956,67.1759999999999
23957,64.54740000000031
23958,68.56340000000007
23959,66.53219999999992
23960,64.69019999999999
23961,68.98939999999979
23962,64.87519999999994
23963,70.91819999999993
23964,70.8558000000001
23965,66.0608000000001
23966,66.57699999999993
23967,65.17439999999961
23968,66.65860000000004
23969,68.02880000000022
23970,63.77259999999981
23971,67.88999999999992
23972,66.77799999999968
23973,62.87380000000036
23974,61.58960000000008
23975,71.09740000000005
23976,64.37660000000017
23977,65.95979999999996
23978,65.29319999999983
23979,65.23280000000018
23980,63.59519999999989
23981,65.62939999999995
23982,64.41800000000019
23983,64.73280000000015
23984,65.96119999999972
23985,66.38379999999975
23986,67.51480000000006
23987,66.20020000000035
23988,70.11619999999984
23989,69.62179999999987
23990,62.79020000000048
23991,65.02900000000025
23992,64.19340000000012
23993,69.46069999999983
23994,64.0171999999998
23995,65.49699999999984
23996,66.48339999999997
23997,67.55639999999981
23998,66.64419999999996
23999,63.32619999999956
24000,61.29439999999988
24001,65.4739999999999
24002,65.91509999999974
24003,67.3506000000001
24004,66.79180000000001
24005,64.31480000000003
24006,64.6446000000002
24007,66.03159999999993
24008,64.58240000000023
24009,64.84559999999972
24010,70.8522
24011,68.4243999999999
24012,66.45980000000021
24013,63.688266666666586
24014,63.13640000000032
24015,65.75439999999982
24016,71.97220000000009
24017,67.28919999999998
24018,63.492200000000246
24019,64.79040000000012
24020,82.75139999999982
24021,65.4973999999998
24022,62.73499999999963
24023,64.90340000000032
24024,66.36059999999962
24025,70.49299999999992
24026,66.82539999999989
24027,69.94560000000018
24028,64.69420000000008
24029,64.22099999999998
24030,56.96680333333345
24031,68.32699999999977
24032,64.84299999999989
24033,67.89620000000026
24034,64.42380000000013
24035,66.34699999999972
24036,72.42400000000004
24037,66.61260000000024
24038,67.52879999999993
24039,65.21619999999986
24040,62.798000000000386
24041,66.90999999999973
24042,74.0232000000001
24043,65.52499999999975
24044,63.34440000000025
24045,64.76640000000006
24046,59.06280000000021
24047,63.12200000000032
24048,67.10780000000014
24049,64.97199999999965
24050,63.32040000000041
24051,64.4537999999998
24052,68.14120000000007
24053,69.01874000000004
24054,63.095299999999824
24055,65.73519999999999
24056,62.813200000000364
24057,70.54219999999994
24058,64.88400000000004
24059,64.91120000000022
24060,65.76380000000003
24061,65.24440000000011
24062,75.85530000000003
24063,65.83640000000018
24064,63.68879999999981
24065,67.28019999999994
24066,66.28839999999983
24067,64.16680000000022
24068,65.98319999999975
24069,66.33039999999988
24070,70.44540000000008
24071,64.26380000000013
24072,65.76720000000017
24073,62.20219999999966
24074,66.9041999999998
24075,64.44779999999994
24076,67.2980000000001
24077,70.70299999999999
24078,69.43959999999977
24079,64.63839999999992
24080,66.66879999999962
24081,67.82140000000004
24082,67.21080000000018
24083,66.56359999999974
24084,68.29199999999996
24085,77.74200000000023
24086,68.12419999999996
24087,66.24299999999991
24088,65.87520000000008
24089,74.85259999999988
24090,64.77379999999987
24091,64.2277999999997
24092,67.04799999999976
24093,67.44159999999985
24094,71.74059999999997
24095,65.9872000000001
24096,63.47799999999965
24097,67.32600000000015
24098,64.71739999999957
24099,65.1565999999997
24100,70.37060000000018
24101,71.82299999999995
24102,66.78259999999997
24103,65.76299999999979
24104,62.948800000000205
24105,62.995199999999784
24106,66.37439999999988
24107,66.005
24108,65.73399999999991
24109,64.21119999999995
24110,66.05439999999977
24111,66.20080000000041
24112,65.68459999999989
24113,67.37979999999995
24114,69.20159999999991
24115,62.8091999999995
24116,64.80620000000023
24117,66.67319999999982
24118,66.3011999999999
24119,65.67220000000005
24120,63.088599999999765
24121,63.880599999999745
24122,67.22740000000012
24123,66.64579999999977
24124,66.57979999999975
24125,65.28840000000007
24126,67.25940000000006
24127,64.97659999999976
24128,67.56239999999977
24129,63.773400000000215
24130,67.05100000000019
24131,63.62260000000023
24132,67.27559999999971
24133,64.61060000000025
24134,72.12719999999999
24135,70.4768000000002
24136,66.61559999999987
24137,66.8770000000002
24138,63.366400000000276
24139,66.59360000000004
24140,62.882400000000366
24141,67.38339999999988
24142,65.7012000000002
24143,64.88899999999998
24144,69.75039999999997
24145,70.7881999999999
24146,66.24339999999965
24147,62.89620000000036
24148,73.15720000000046
24149,63.63800000000013
24150,64.4946000000002
24151,66.19179999999994
24152,67.04239999999992
24153,70.06379999999984
24154,63.31160000000037
24155,73.49259999999985
24156,67.88019999999986
24157,64.71480000000001
24158,63.83519999999995
24159,65.0243999999998
24160,66.63519999999964
24161,73.79019999999986
24162,65.57780000000022
24163,69.60559999999995
24164,67.20699999999981
24165,65.90579999999984
24166,50.12220000000019
24167,60.2639999999999
24168,58.99574642857181
24169,64.00160000000025
24170,65.97100000000009
24171,66.6767999999999
24172,63.51769999999979
24173,67.72919999999982
24174,67.59940000000027
24175,64.68180000000008
24176,67.04759999999976
24177,67.88939999999965
24178,68.09649999999982
24179,65.96340000000001
24180,68.41639999999971
24181,64.37540000000016
24182,65.32759999999985
24183,65.14960000000002
24184,63.05428000000027
24185,66.77312888888868
24186,65.50020000000005
24187,62.99380000000012
24188,65.87480000000002
24189,65.56520000000003
24190,65.47879999999977
24191,62.368799999999574
24192,64.58559999999952
24193,67.77220000000023
24194,62.90460000000029
24195,67.6684000000001
24196,67.43300000000002
24197,62.66620000000034
24198,66.8528000000001
24199,73.88659999999983
24200,62.95919999999965
24201,64.01880000000033
24202,63.677400000000205
24203,71.43679999999983
24204,65.85100000000018
24205,64.38380000000016
24206,64.4019999999997
24207,57.285683668553695
24208,65.7142000000002
24209,65.51179999999995
24210,68.72949999999996
24211,64.60980000000022
24212,63.52920000000022
24213,68.90920000000001
24214,65.47819999999984
24215,65.90240000000001
24216,68.96419999999995
24217,63.16179999999969
24218,66.20679999999992
24219,69.1362000000002
24220,63.63900000000032
24221,61.33380000000014
24222,66.06879999999983
24223,71.54760000000006
24224,66.8891999999998
24225,63.91320000000018
24226,74.26520000000018
24227,63.62940000000017
24228,60.590600000000116
24229,66.46739999999981
24230,67.97609999999999
24231,67.07659999999991
24232,69.49919999999989
24233,67.49020000000004
24234,63.78820000000037
24235,63.962800000000236
24236,67.04139999999995
24237,73.92779999999998
24238,64.74600000000024
24239,65.16520000000001
24240,61.22599999999971
24241,62.86279999999976
24242,65.5416000000002
24243,64.88360000000016
24244,76.87261999999994
24245,61.8612
24246,68.09879999999976
24247,63.582399999999964
24248,66.65299999999986
24249,66.23960000000017
24250,63.49740000000025
24251,63.75710000000031
24252,67.25100000000016
24253,63.680799999999905
24254,67.45679999999994
24255,64.72019999999993
24256,65.37759999999983
24257,65.11459999999983
24258,69.03899999999985
24259,66.56899999999993
24260,70.08359999999993
24261,69.68659999999977
24262,65.82620000000017
24263,63.8506000000004
24264,62.80339999999956
24265,64.0838000000002
24266,63.935599999999994
24267,64.78160000000014
24268,66.93839999999979
24269,66.94999999999999
24270,63.952399999999564
24271,64.4194000000001
24272,67.53259999999975
24273,65.13719999999988
24274,66.28519999999995
24275,66.29639999999971
24276,68.40979999999999
24277,65.18019999999991
24278,82.36579999999972
24279,62.951399999999815
24280,60.92219999999978
24281,66.52059999999982
24282,66.1154000000001
24283,67.96472000000006
24284,65.77339999999991
24285,65.07980000000003
24286,70.15739999999981
24287,67.47519999999977
24288,64.35280000000017
24289,67.47879999999981
24290,65.95079999999987
24291,67.21980000000012
24292,63.973200000000176
24293,61.065199999999706
24294,65.15760000000029
24295,72.46539999999989
24296,64.12360000000025
24297,68.77080000000025
24298,67.06479999999993
24299,66.55580000000003
24300,66.5204000000001
24301,66.4856
24302,67.08400000000017
24303,68.05559999999969
24304,64.70280000000027
24305,66.34059999999977
24306,64.82659999999994
24307,66.33279999999999
24308,67.1267999999999
24309,66.47760000000008
24310,64.62780000000001
24311,63.79720000000019
24312,66.6653999999999
24313,66.10140000000018
24314,75.66700000000002
24315,65.60999999999991
24316,66.69479999999987
24317,65.77320000000003
24318,64.58059999999986
24319,64.20819999999996
24320,67.14719999999988
24321,57.11000000000037
24322,64.8622
24323,61.983600000000145
24324,60.88899999999977
24325,70.27840000000006
24326,68.41920000000007
24327,69.74059999999999
24328,67.74359999999999
24329,65.02999999999992
24330,64.97340000000021
24331,76.78820000000002
24332,65.81959999999965
24333,60.19140000000002
24334,68.26539999999999
24335,68.05200000000002
24336,65.31059999999978
24337,66.42499999999974
24338,63.20560000000022
24339,64.5426000000002
24340,66.21400000000006
24341,66.7045999999998
24342,70.7641999999998
24343,65.64640000000004
24344,66.98779999999998
24345,66.3953999999999
24346,68.79340000000006
24347,64.05860000000037
24348,65.6339999999999
24349,66.44739999999985
24350,66.16579999999982
24351,71.89299999999993
24352,64.78699999999994
24353,70.12559999999986
24354,68.8445999999999
24355,63.53760000000004
24356,64.90919999999994
24357,69.27639999999997
24358,70.48139999999998
24359,66.14759999999998
24360,65.84680000000007
24361,65.4797999999999
24362,65.12770000000017
24363,65.79999999999988
24364,66.54819999999994
24365,73.4972000000002
24366,64.04440000000017
24367,68.76419999999976
24368,67.70139999999985
24369,63.70713333333359
24370,64.36280000000028
24371,67.52400000000003
24372,64.52200000000002
24373,62.395199999999456
24374,67.4615999999997
24375,64.88980000000008
24376,63.39200000000037
24377,67.46899999999982
24378,64.02499999999971
24379,59.17460000000035
24380,65.7914
24381,64.28280000000015
24382,66.65130666666649
24383,65.78799999999984
24384,63.34039999999971
24385,62.69700000000034
24386,65.98800000000008
24387,68.33020000000009
24388,63.6941999999997
24389,63.63040000000034
24390,64.07800000000003
24391,63.247199999999616
24392,63.22460000000007
24393,67.05440000000014
24394,83.04759999999999
24395,62.91680000000049
24396,65.32979999999993
24397,66.12420000000019
24398,66.38619999999985
24399,66.60280000000002
24400,65.8805999999998
24401,64.41979999999985
24402,66.52959999999969
24403,60.89630000000004
24404,64.15599999999986
24405,66.4103999999999
24406,65.34999999999984
24407,68.1915999999999
24408,69.48199999999986
24409,63.15040000000045
24410,62.527999999999814
24411,75.10200000000025
24412,65.3424
24413,68.18659999999994
24414,67.42480000000015
24415,63.733000000000395
24416,63.730800000000244
24417,67.41519999999998
24418,69.12159999999997
24419,63.92440000000032
24420,62.419200000000025
24421,67.44699999999985
24422,69.16479999999996
24423,68.52339999999987
24424,67.33319999999998
24425,67.39839999999982
24426,65.08960000000025
24427,73.75300000000009
24428,65.00439999999988
24429,68.72800000000001
24430,64.6988
24431,63.14199999999959
24432,65.95159999999981
24433,65.4734000000001
24434,64.45646666666674
24435,63.817400000000134
24436,55.48827000000002
24437,67.84179999999974
24438,61.74859999999994
24439,69.08440000000004
24440,64.95160000000018
24441,64.76039999999976
24442,61.48379999999985
24443,65.50920000000004
24444,64.77879999999956
24445,67.06499999999983
24446,63.4547999999997
24447,63.22360000000032
24448,65.0129999999995
24449,64.86760000000005
24450,63.306200000000146
24451,66.8622
24452,67.21640000000016
24453,62.47719999999986
24454,65.87120000000023
24455,67.63180000000001
24456,67.73540000000018
24457,69.98499999999972
24458,64.7944000000002
24459,57.0137999999999
24460,67.35919999999977
24461,66.29979999999996
24462,63.51240000000043
24463,68.56599999999976
24464,64.48640000000019
24465,73.17179999999985
24466,73.34659999999991
24467,64.40440000000025
24468,66.59819999999998
24469,63.191800000000406
24470,63.928800000000045
24471,68.03819999999958
24472,65.88799999999993
24473,64.57800000000019
24474,66.72540000000006
24475,70.08879999999996
24476,69.36119999999981
24477,67.57139999999978
24478,67.15199999999992
24479,63.96460000000002
24480,62.88340000000026
24481,63.809000000000054
24482,64.37419999999979
24483,67.64309999999979
24484,62.80779999999983
24485,66.88479999999997
24486,65.93839999999979
24487,72.13620000000004
24488,65.25779999999988
24489,65.08380000000021
24490,67.05939999999987
24491,64.72319999999998
24492,65.99280000000003
24493,64.90179999999995
24494,67.41580000000013
24495,64.7243999999999
24496,69.67100000000003
24497,65.16459999999987
24498,68.8029999999999
24499,63.64780000000035
24500,64.20710000000022
24501,72.11200000000025
24502,65.3089999999998
24503,67.4551999999999
24504,64.25620000000025
24505,66.1675999999999
24506,61.42679999999991
24507,68.97319999999982
24508,65.63279999999983
24509,64.6179999999999
24510,66.94499999999981
24511,65.88319999999983
24512,62.56766666666691
24513,65.11859999999989
24514,68.42530000000008
24515,70.47459999999991
24516,65.1162000000002
24517,66.73060000000025
24518,64.87320000000014
24519,67.35620000000004
24520,68.38180000000001
24521,64.09319999999983
24522,63.81780000000015
24523,67.11679999999978
24524,75.5135523809525
24525,60.49140000000012
24526,65.18150000000024
24527,70.79779999999985
24528,67.44339999999977
24529,66.1122
24530,64.43629999999997
24531,65.69719999999955
24532,71.78620000000004
24533,64.34499999999971
24534,69.06019999999987
24535,67.16000000000032
24536,65.44360000000005
24537,66.15659999999988
24538,66.84799999999984
24539,66.69039999999988
24540,67.50160000000011
24541,71.14739999999999
24542,64.36439999999989
24543,62.85960000000021
24544,69.2937999999998
24545,64.50199999999997
24546,66.51179999999978
24547,64.10659999999984
24548,62.99919999999973
24549,63.89780000000017
24550,62.998799999999775
24551,65.69640000000001
24552,63.29879999999995
24553,61.192599999999715
24554,64.17899999999996
24555,64.58620000000019
24556,70.80099999999999
24557,66.58639999999988
24558,64.19020000000025
24559,64.60980000000008
24560,69.31760000000006
24561,63.299800000000324
24562,71.6314
24563,64.88479999999986
24564,67.39379999999974
24565,65.55580000000016
24566,63.68840000000021
24567,67.3803999999999
24568,65.85425000000005
24569,67.27020000000013
24570,63.96540000000025
24571,68.27559999999988
24572,65.50980000000017
24573,64.54715000000004
24574,65.43560000000014
24575,69.32879999999992
24576,66.08680000000001
24577,65.76180000000014
24578,68.42820000000007
24579,64.10480000000003
24580,66.72080000000007
24581,72.24979999999995
24582,66.13579999999995
24583,64.79520000000015
24584,65.9365999999999
24585,65.79439999999967
24586,68.37240000000017
24587,65.1572666666667
24588,61.63579999999985
24589,66.40700000000007
24590,67.47619999999985
24591,74.61979999999991
24592,64.41039999999984
24593,65.99919999999993
24594,62.689499999999775
24595,65.6084
24596,66.00119999999994
24597,62.45020000000006
24598,63.27580000000032
24599,64.21980000000018
24600,64.71219999999991
24601,65.99060000000036
24602,62.5815999999996
24603,66.08379999999991
24604,65.08619999999988
24605,65.11320000000008
24606,64.15599999999986
24607,65.80319999999979
24608,66.68120000000009
24609,67.66579999999996
24610,64.08620000000006
24611,67.97040000000007
24612,63.439599999999984
24613,66.67999999999972
24614,57.56580000000041
24615,67.78760000000005
24616,66.06739999999981
24617,64.11339999999967
24618,65.25239999999984
24619,65.40779999999995
24620,65.13909999999996
24621,64.04070000000017
24622,63.23800000000025
24623,65.99959999999984
24624,64.96420000000002
24625,61.100400000000185
24626,71.26340000000002
24627,62.82040000000046
24628,66.35920000000006
24629,61.54019999999987
24630,65.35313333333343
24631,66.40119999999999
24632,70.624
24633,61.16379999999996
24634,64.77819999999993
24635,68.3577999999999
24636,64.57780000000032
24637,66.94520000000013
24638,66.93220000000011
24639,71.7099999999999
24640,66.38239999999988
24641,67.45179999999989
24642,62.37280000000008
24643,67.1143999999997
24644,65.09220000000005
24645,63.112639999999836
24646,64.3002000000003
24647,67.13299999999978
24648,63.477199999999804
24649,66.14460000000021
24650,68.89999999999999
24651,70.2157999999999
24652,64.96259999999991
24653,73.46220000000001
24654,66.25559999999992
24655,62.83579999999987
24656,62.947999999999745
24657,63.660600000000336
24658,63.99300000000044
24659,63.97819999999998
24660,72.59400000000014
24661,63.77959999999993
24662,62.32939999999996
24663,71.42999999999995
24664,67.04659999999984
24665,74.88793333333335
24666,64.04420000000023
24667,65.78399999999972
24668,62.68040000000039
24669,67.5136000000001
24670,64.06339999999992
24671,64.24839999999996
24672,68.43459999999995
24673,66.15879999999989
24674,68.458
24675,64.04540000000003
24676,64.74700000000017
24677,65.21660000000023
24678,62.97760000000038
24679,57.25106333333335
24680,66.52309999999979
24681,65.84819999999986
24682,64.66139999999992
24683,64.75820000000014
24684,60.46559999999967
24685,68.5794
24686,65.49820000000011
24687,58.74040000000028
24688,68.84080000000012
24689,63.65540000000024
24690,68.81019999999988
24691,63.17280000000022
24692,72.47820000000006
24693,68.1364
24694,68.34239999999993
24695,63.801199999999945
24696,63.09139999999957
24697,72.50140000000013
24698,64.50960000000009
24699,76.00059999999993
24700,64.09220000000028
24701,64.33480000000002
24702,69.37800000000011
24703,68.33179999999977
24704,60.39579999999996
24705,66.26279999999996
24706,66.91099999999983
24707,63.476199999999736
24708,68.03560000000007
24709,66.19599999999974
24710,66.89740000000009
24711,63.66806666666646
24712,67.67919999999988
24713,65.2164
24714,68.38039999999965
24715,63.29699999999992
24716,66.52860000000011
24717,62.067299999999825
24718,65.66599999999981
24719,64.22480000000023
24720,65.34599999999978
24721,66.51439999999991
24722,61.91139999999979
24723,66.78540000000004
24724,64.29000000000018
24725,70.92379999999983
24726,66.95319999999994
24727,66.41419999999987
24728,63.993799999999986
24729,63.443600000000046
24730,71.98519999999995
24731,62.76739999999965
24732,68.79239999999999
24733,66.3465999999999
24734,63.53020000000028
24735,66.00739999999985
24736,69.45040000000014
24737,65.13639999999955
24738,70.998
24739,69.16499999999995
24740,67.87360000000012
24741,65.72939999999996
24742,66.36099999999976
24743,66.2695999999997
24744,64.68880000000011
24745,67.66439999999989
24746,67.5160000000002
24747,67.25480000000009
24748,71.16440000000027
24749,66.28739999999978
24750,67.05139999999994
24751,66.61979999999964
24752,67.49079999999987
24753,65.99360000000013
24754,66.42299999999997
24755,66.27519999999986
24756,65.00719999999998
24757,71.3227999999999
24758,70.17940000000002
24759,62.79919999999979
24760,63.53040000000034
24761,70.54340000000009
24762,70.1806000000002
24763,64.87059999999991
24764,67.19539999999975
24765,70.25960000000015
24766,68.0331999999999
24767,64.39759999999977
24768,65.97559999999999
24769,65.68819999999965
24770,68.88159999999986
24771,69.81840000000004
24772,66.66040000000005
24773,64.12460000000024
24774,65.11740000000006
24775,66.05059999999976
24776,66.0152
24777,65.22120000000018
24778,66.95379999999993
24779,65.62639999999985
24780,64.21320000000001
24781,63.87900000000022
24782,62.14679999999989
24783,63.294599999999576
24784,69.63959999999996
24785,62.60073333333306
24786,69.89199999999994
24787,64.33660000000009
24788,67.27899999999985
24789,65.93899999999995
24790,66.69919999999972
24791,57.46250000000025
24792,71.90339999999983
24793,64.61380000000025
24794,64.9131999999996
24795,64.84359999999981
24796,64.48120000000014
24797,68.2170000000001
24798,73.24599999999994
24799,73.66180000000007
24800,62.81819999999958
24801,66.15079999999962
24802,70.82980000000009
24803,65.19499999999984
24804,64.03879999999992
24805,67.30000000000025
24806,65.2865999999999
24807,62.755000000000194
24808,64.21060000000001
24809,55.9053999999998
24810,73.77980000000021
24811,66.08639999999963
24812,63.97600000000012
24813,62.89660000000039
24814,62.44399999999992
24815,67.71319999999979
24816,65.24839999999986
24817,63.11880000000019
24818,63.62939999999982
24819,73.09719999999996
24820,65.30319999999978
24821,66.18820000000007
24822,65.25360000000029
24823,74.49279999999985
24824,70.50820000000006
24825,64.37140000000004
24826,66.13119999999992
24827,62.86879999999999
24828,69.34739999999977
24829,68.15969999999984
24830,70.36460000000001
24831,67.10779999999993
24832,63.3952000000002
24833,64.65706666666664
24834,66.75179999999969
24835,66.3053999999999
24836,66.6653499999999
24837,65.57139999999961
24838,66.1657999999998
24839,69.9275999999997
24840,65.11980000000023
24841,68.87019999999984
24842,63.26300000000034
24843,67.29040000000013
24844,67.40480000000001
24845,63.1318000000004
24846,64.39480000000009
24847,68.07539999999987
24848,67.12429999999998
24849,68.6444000000002
24850,66.18100000000005
24851,66.71519999999998
24852,63.425600000000436
24853,65.72020000000003
24854,67.30700000000009
24855,69.79999999999964
24856,66.42799999999994
24857,66.97300000000014
24858,72.76699999999997
24859,65.14229999999988
24860,65.83
24861,65.30019999999995
24862,63.934199999999656
24863,66.77860000000027
24864,66.21020000000004
24865,70.89119999999974
24866,65.17480000000008
24867,69.21740000000011
24868,67.79080000000005
24869,63.80440000000024
24870,64.96800000000016
24871,73.03319999999992
24872,60.38360000000005
24873,66.64960000000023
24874,63.183799999999735
24875,70.69740000000004
24876,67.21339999999984
24877,67.79259999999991
24878,68.6310000000002
24879,68.2613999999999
24880,73.83819999999993
24881,68.82319999999984
24882,64.70000000000026
24883,56.011600000000314
24884,65.0173999999997
24885,66.63379999999981
24886,62.99539999999991
24887,65.73999999999963
24888,63.15759999999976
24889,66.04859999999992
24890,62.840733333333546
24891,64.42419999999996
24892,67.0358999999997
24893,64.43399999999997
24894,64.73519999999981
24895,66.7526
24896,68.56479999999989
24897,62.897000000000396
24898,71.39399999999989
24899,67.05680000000005
24900,62.534999999999464
24901,66.53105000000022
24902,63.28339999999995
24903,66.72859999999982
24904,64.4693999999998
24905,67.87839999999984
24906,62.38859999999962
24907,66.39559999999999
24908,64.96739999999986
24909,65.89849999999993
24910,64.56439999999988
24911,58.05440000000036
24912,78.96940000000001
24913,66.27860000000005
24914,64.73039999999993
24915,64.31859999999998
24916,65.71560000000015
24917,64.68780000000004
24918,66.85979999999981
24919,66.01080000000015
24920,65.30339999999958
24921,73.52740000000003
24922,67.39500000000004
24923,72.85079999999996
24924,66.12380000000005
24925,64.28846666666682
24926,63.4891999999999
24927,66.91099999999997
24928,68.61799999999997
24929,67.43759999999992
24930,71.11980000000018
24931,65.09899999999996
24932,63.36160000000021
24933,63.45559999999951
24934,65.31560000000019
24935,63.83380000000007
24936,60.17080000000027
24937,65.30639999999981
24938,70.08000000000001
24939,64.79079999999979
24940,62.789199999999795
24941,65.8436000000001
24942,66.89880000000004
24943,68.21879999999993
24944,71.36140000000009
24945,67.88246666666673
24946,66.74919999999977
24947,63.94120000000038
24948,66.5811999999998
24949,67.31359999999995
24950,65.94159999999978
24951,66.80080000000018
24952,66.14929999999983
24953,63.940399999999755
24954,63.64039999999981
24955,66.92940000000006
24956,65.27779999999979
24957,65.51260000000035
24958,66.61939999999983
24959,63.548400000000086
24960,66.43699999999987
24961,66.34720000000027
24962,71.97999999999999
24963,65.92739999999978
24964,69.18559999999994
24965,65.85079999999965
24966,68.51259999999995
24967,64.47120000000002
24968,66.50779999999983
24969,68.67659999999944
24970,65.43199999999995
24971,65.29760000000017
24972,65.55780000000007
24973,58.3550665079365
24974,64.56419999999993
24975,64.89059999999988
24976,68.27379999999995
24977,66.60339999999977
24978,68.53799999999998
24979,64.45240000000021
24980,66.69260000000025
24981,63.5364000000002
24982,64.41700000000034
24983,69.45920000000008
24984,71.65560000000006
24985,69.75700000000003
24986,64.21440000000007
24987,68.24190000000006
24988,64.27240000000023
24989,64.41180000000035
24990,63.328800000000335
24991,69.22719999999971
24992,65.83139999999976
24993,55.663782380952405
24994,64.14300000000028
24995,65.70979999999999
24996,67.11059999999995
24997,64.53590000000035
24998,75.58959999999996
24999,66.50159999999993
25000,73.9797999999999
25001,66.89000000000001
25002,63.90820000000048
25003,71.54060000000004
25004,66.06739999999976
25005,65.46280000000016
25006,64.97780000000017
25007,64.80040000000007
25008,64.69734666666666
25009,64.65119999999989
25010,69.01300000000026
25011,67.20240000000007
25012,71.31599999999996
25013,66.63240000000006
25014,63.742600000000216
25015,66.72559999999993
25016,66.62367999999994
25017,67.30360000000005
25018,69.26699999999998
25019,65.64906666666658
25020,69.90659999999994
25021,70.52649999999994
25022,65.90319999999984
25023,63.45219999999967
25024,65.24980000000028
25025,64.88820000000035
25026,64.0510000000002
25027,66.45580000000014
25028,64.81759999999993
25029,66.45259999999978
25030,65.43380000000012
25031,65.48119999999979
25032,71.8155999999999
25033,68.53659999999991
25034,67.6045999999999
25035,67.2649999999998
25036,65.15379999999973
25037,61.678999999999675
25038,73.97240000000016
25039,65.98139999999982
25040,63.6864000000004
25041,62.672399999999605
25042,65.90779999999977
25043,65.88739999999983
25044,67.766
25045,76.86000000000014
25046,68.63400000000009
25047,64.5338
25048,64.7666
25049,67.40200000000009
25050,67.16919999999972
25051,63.56099999999997
25052,62.87960000000027
25053,66.61389999999983
25054,64.12540000000016
25055,69.33639999999987
25056,65.31119999999994
25057,69.8382000000001
25058,65.28099999999986
25059,64.90259999999978
25060,67.8414000000001
25061,74.6844000000003
25062,66.10900000000002
25063,65.72639999999988
25064,64.56940000000016
25065,61.573400000000014
25066,55.663782380952405
25067,66.13459999999996
25068,66.3627999999997
25069,63.47420000000033
25070,64.34099999999997
25071,65.18779999999995
25072,66.76980000000015
25073,64.23819999999996
25074,64.54519999999997
25075,62.057799999999666
25076,63.28219999999969
25077,64.45639999999999
25078,65.73739999999985
25079,66.3643999999997
25080,64.9244000000001
25081,66.38459999999975
25082,66.35059999999982
25083,63.28040000000026
25084,67.94980000000001
25085,70.96160000000012
25086,68.95879999999985
25087,65.8908000000001
25088,70.93879999999993
25089,63.721200000000316
25090,63.261400000000435
25091,62.399599999999616
25092,65.6412000000001
25093,63.41859999999994
25094,65.99800000000002
25095,66.94339999999997
25096,68.35220000000004
25097,64.63280000000016
25098,74.63699999999987
25099,67.22040000000005
25100,67.96180000000001
25101,64.71180000000021
25102,66.95839999999995
25103,64.3496000000001
25104,62.97600000000026
25105,63.3927999999999
25106,67.2115999999996
25107,66.33240000000013
25108,66.65759999999973
25109,64.91719999999964
25110,66.6005999999998
25111,66.70359999999998
25112,63.35039999999966
25113,66.64559999999997
25114,72.8788
25115,68.20679999999999
25116,69.09000000000023
25117,64.53660000000018
25118,59.57260000000028
25119,67.35299999999997
25120,64.64739999999964
25121,68.42139999999982
25122,62.83320000000045
25123,64.2498000000002
25124,67.41279999999986
25125,64.32480000000021
25126,65.85300000000008
25127,66.45699999999991
25128,66.56700000000002
25129,62.34980000000035
25130,66.84299999999979
25131,73.02560000000024
25132,66.74080000000026
25133,65.7468
25134,66.09659999999982
25135,63.65200000000029
25136,71.58239999999999
25137,63.258799999999916
25138,67.4890000000001
25139,60.18679999999998
25140,67.41760000000002
25141,63.18160000000042
25142,66.42959999999997
25143,64.28599999999994
25144,68.29260000000012
25145,71.14099999999975
25146,61.54779999999995
25147,65.66640000000002
25148,76.79259999999998
25149,72.04760000000002
25150,65.3376000000001
25151,69.28820000000003
25152,60.510400000000246
25153,64.12199999999997
25154,62.97540000000037
25155,64.45879999999981
25156,67.7667999999999
25157,64.80700000000012
25158,66.34499999999959
25159,64.32799999999976
25160,69.03300000000002
25161,69.90859999999962
25162,64.562
25163,67.01979999999999
25164,64.48719999999973
25165,67.11539999999998
25166,66.35239999999985
25167,66.53459999999994
25168,67.5871999999998
25169,64.69959999999996
25170,68.0052000000001
25171,66.11659999999969
25172,64.50920000000005
25173,62.64239999999972
25174,63.01700000000045
25175,65.19819999999984
25176,63.02120000000018
25177,65.60139999999984
25178,64.6519999999998
25179,63.092000000000425
25180,67.34379999999992
25181,64.95640000000009
25182,67.41179999999993
25183,68.02369999999975
25184,64.28740000000035
25185,72.34059999999988
25186,76.98280000000027
25187,74.464
25188,65.16539999999965
25189,62.724799999999604
25190,71.57860000000014
25191,65.50979999999988
25192,67.67259999999973
25193,65.53379999999969
25194,64.36459999999975
25195,62.8423999999996
25196,67.12799999999993
25197,65.68060000000021
25198,63.35420000000018
25199,70.05259999999987
25200,63.64060000000004
25201,66.49060000000017
25202,64.14320000000002
25203,74.29519999999981
25204,66.35559999999984
25205,65.71359999999981
25206,69.84779999999998
25207,75.59760000000036
25208,64.52000000000024
25209,63.190000000000346
25210,65.37559999999988
25211,63.86519999999997
25212,68.64999999999976
25213,65.00119999999978
25214,64.8513999999999
25215,65.58740000000009
25216,70.63379999999992
25217,66.55119999999998
25218,66.03520000000017
25219,65.03499999999987
25220,66.40959999999964
25221,65.42740000000016
25222,62.490799999999545
25223,69.90259999999999
25224,65.49839999999999
25225,65.71039999999988
25226,65.42820000000002
25227,65.3012000000002
25228,67.05670000000002
25229,68.85440000000003
25230,63.646999999999686
25231,67.27039999999992
25232,66.7580000000001
25233,64.05500000000012
25234,63.927800000000225
25235,60.65539999999989
25236,66.93420000000017
25237,67.46690000000004
25238,67.43619999999989
25239,66.23219999999966
25240,63.63800000000032
25241,65.1938000000002
25242,67.11419999999995
25243,65.29799999999975
25244,66.5464
25245,66.73500000000004
25246,66.21760000000008
25247,66.67199999999991
25248,64.3538000000002
25249,66.67339999999993
25250,63.83059999999999
25251,64.14660000000022
25252,65.60800000000012
25253,66.4207999999999
25254,65.46300000000005
25255,75.26399999999984
25256,65.82259999999992
25257,61.56094999999973
25258,64.58819999999987
25259,64.47920000000025
25260,63.395000000000394
25261,64.39219999999986
25262,64.77020000000012
25263,64.45060000000026
25264,63.969399999999965
25265,78.16260000000003
25266,67.8149999999999
25267,63.77060000000039
25268,62.71840000000044
25269,65.25380000000015
25270,65.65880000000014
25271,65.68580000000026
25272,66.46059999999977
25273,63.99620000000034
25274,73.01810000000003
25275,63.2832000000002
25276,58.92959999999996
25277,67.39999999999982
25278,67.1983999999998
25279,66.48979999999979
25280,66.90759999999995
25281,66.02919999999993
25282,68.1798
25283,60.63259999999993
25284,65.15559999999995
25285,64.59199999999998
25286,65.79719999999996
25287,72.96139999999997
25288,66.5224000000002
25289,67.14580000000005
25290,69.73399999999975
25291,68.05019999999993
25292,69.00819999999997
25293,66.0921999999999
25294,67.23706000000003
25295,67.30900000000004
25296,66.90119999999978
25297,63.81020000000032
25298,66.73420000000006
25299,65.48779999999955
25300,68.96340000000019
25301,67.52840000000002
25302,66.01560000000016
25303,67.26859999999998
25304,66.6120000000003
25305,66.61320000000003
25306,63.695800000000254
25307,64.37986666666639
25308,66.09040000000019
25309,63.43020000000035
25310,67.10240000000017
25311,69.61760000000007
25312,66.23559999999998
25313,63.32340000000027
25314,64.6203999999999
25315,65.36540000000011
25316,64.85699999999986
25317,63.06739999999991
25318,66.02379999999965
25319,64.79359999999959
25320,64.77620000000003
25321,70.90480000000018
25322,65.05719999999985
25323,64.93860000000024
25324,70.57279999999993
25325,67.6029999999999
25326,67.0452
25327,64.36357000000017
25328,62.027999999999906
25329,64.06019999999987
25330,68.95099999999995
25331,64.72595999999994
25332,65.74920000000006
25333,64.61259999999973
25334,67.25799999999997
25335,74.12619999999991
25336,65.8079999999998
25337,68.4274
25338,67.30500000000009
25339,62.86159999999988
25340,65.87500000000003
25341,65.20380000000013
25342,65.84819999999999
25343,67.76040000000026
25344,68.73899999999992
25345,66.77539999999998
25346,65.9979000000001
25347,66.33819999999999
25348,60.17499999999981
25349,66.38040000000015
25350,66.17179999999985
25351,65.38299999999971
25352,67.08859999999993
25353,65.44600000000014
25354,66.56039999999999
25355,67.55259999999994
25356,66.2621999999999
25357,66.10419999999999
25358,67.90280000000001
25359,64.0246000000002
25360,63.75060000000023
25361,72.81039999999994
25362,66.14520000000006
25363,66.56299999999987
25364,61.242199999999954
25365,67.22680000000022
25366,66.11840000000007
25367,62.60039999999988
25368,65.74059999999976
25369,66.5176
25370,60.327399999999855
25371,65.53580000000034
25372,63.149799999999814
25373,64.89999999999957
25374,67.51420000000009
25375,66.07180000000005
25376,65.84779999999989
25377,59.996200000000066
25378,65.2493999999999
25379,63.9168000000003
25380,80.45340000000014
25381,72.9146000000001
25382,62.53540000000026
25383,56.84913333333315
25384,65.73999999999985
25385,63.602400000000365
25386,74.00480000000013
25387,66.93879999999967
25388,66.48979999999996
25389,63.475799999999744
25390,63.733599999999896
25391,63.51499999999996
25392,60.55580000000003
25393,67.6044000000001
25394,67.31275000000015
25395,66.36599999999981
25396,75.86239999999994
25397,71.28879999999995
25398,63.932800000000334
25399,67.83419999999981
25400,63.90119999999992
25401,66.22779999999996
25402,63.63479999999963
25403,63.92539999999958
25404,67.07559999999994
25405,73.73539999999969
25406,67.16939999999981
25407,67.18599999999988
25408,63.3701999999997
25409,74.5816
25410,64.66380000000002
25411,64.46140000000018
25412,67.06760000000016
25413,70.51839999999982
25414,68.95739999999981
25415,78.64180000000013
25416,63.63959999999989
25417,67.1702
25418,68.27799999999978
25419,67.45780000000006
25420,69.9401999999999
25421,59.616599999999956
25422,65.32239999999979
25423,64.07380000000026
25424,69.99160000000003
25425,68.84403999999992
25426,70.09860000000023
25427,63.63040000000031
25428,65.67220000000013
25429,61.83979999999985
25430,63.11040000000009
25431,68.97499999999982
25432,65.02599999999991
25433,65.84880000000008
25434,65.38880000000023
25435,68.98799999999996
25436,63.51233333333339
25437,65.04439999999988
25438,69.96940000000008
25439,65.58719999999988
25440,63.792399999999944
25441,67.13519999999977
25442,67.14479999999996
25443,64.87120000000013
25444,67.1355999999998
25445,69.15140000000017
25446,61.89099999999987
25447,66.91499999999989
25448,64.81519999999995
25449,65.51659999999995
25450,68.79400000000024
25451,71.55840000000005
25452,67.32339999999984
25453,66.85259999999955
25454,67.02959999999975
25455,63.32599999999971
25456,64.77540000000015
25457,65.53080000000016
25458,64.6895999999998
25459,63.6254000000002
25460,69.74040000000002
25461,65.82400000000005
25462,66.90299999999989
25463,63.483200000000245
25464,63.79380000000029
25465,63.937799999999996
25466,62.769800000000025
25467,65.90539999999996
25468,62.728999999999544
25469,65.32119999999978
25470,64.94586666666672
25471,65.64359999999971
25472,64.71460000000017
25473,65.66799999999958
25474,67.46140000000021
25475,66.57840000000002
25476,66.8796
25477,65.18180000000002
25478,63.64699999999961
25479,65.0548000000002
25480,67.96379999999999
25481,64.7098000000002
25482,67.15879999999984
25483,71.78460000000004
25484,66.06600000000013
25485,65.42720000000031
25486,71.72180000000009
25487,66.83269999999976
25488,64.27059999999993
25489,63.94340000000027
25490,66.82579999999977
25491,59.41760000000016
25492,74.54355238095242
25493,64.36860000000031
25494,65.42259999999986
25495,64.52519999999987
25496,64.05660000000037
25497,63.69299999999999
25498,61.499800000000086
25499,64.9324000000002
25500,67.86839999999994
25501,70.96039999999981
25502,66.38460000000008
25503,63.70599999999985
25504,63.66019999999966
25505,66.85259999999985
25506,64.47260000000021
25507,66.00179999999992
25508,66.04219999999992
25509,64.04239999999983
25510,65.21900000000018
25511,66.43480000000025
25512,69.14619999999974
25513,63.997800000000275
25514,69.34579999999987
25515,66.30900000000003
25516,68.57749999999984
25517,66.55699999999975
25518,64.77839999999992
25519,68.97639999999993
25520,65.29319999999977
25521,65.02360000000013
25522,66.77219999999978
25523,68.15359999999987
25524,78.84380000000014
25525,64.51040000000006
25526,68.97219999999999
25527,66.65589999999963
25528,81.09919999999995
25529,66.45819999999969
25530,77.34340000000003
25531,66.9898000000002
25532,65.8613999999999
25533,67.84899999999989
25534,70.32659999999991
25535,66.23560000000005
25536,68.04019999999983
25537,63.182800000000356
25538,60.45460000000009
25539,67.10860000000004
25540,64.87140000000004
25541,58.48136238095247
25542,62.895399999999846
25543,66.25699999999962
25544,67.31779999999989
25545,74.73419999999994
25546,63.88919999999975
25547,67.2255999999999
25548,66.35859999999983
25549,66.7723999999999
25550,65.16710571428571
25551,62.519899999999815
25552,68.06900000000019
25553,62.892000000000394
25554,68.15520000000029
25555,63.013400000000374
25556,73.05139999999992
25557,64.20520000000022
25558,67.1535999999996
25559,63.837400000000265
25560,77.07247999999997
25561,54.17967666666668
25562,65.78939999999999
25563,63.24880000000026
25564,68.88799999999985
25565,65.63219999999976
25566,67.49279999999997
25567,72.83580000000028
25568,68.21879999999977
25569,65.91480000000004
25570,69.70339999999992
25571,65.04240000000001
25572,66.72340000000011
25573,69.51039999999973
25574,68.61179999999989
25575,83.30139999999969
25576,67.77480000000013
25577,66.78159999999966
25578,62.936800000000275
25579,65.0689999999997
25580,67.20100000000008
25581,68.728
25582,64.02780000000004
25583,63.716199999999716
25584,63.61279999999992
25585,70.23619999999968
25586,65.65020000000027
25587,67.60179999999987
25588,70.85420000000009
25589,67.77099999999986
25590,63.97840000000043
25591,63.42680000000035
25592,71.11959999999996
25593,73.58500000000002
25594,65.9458
25595,65.4074000000002
25596,65.7417999999999
25597,65.56620000000001
25598,68.18840000000012
25599,65.75199999999982
25600,65.08860000000026
25601,64.7000000000003
25602,69.1592
25603,67.29840000000003
25604,65.37699999999964
25605,66.44439999999993
25606,68.63120000000006
25607,58.56619999999999
25608,62.52279999999953
25609,66.81220000000013
25610,63.460400000000405
25611,64.65419999999997
25612,66.60720000000015
25613,64.81239999999993
25614,62.83759999999975
25615,64.84520000000019
25616,63.08700000000044
25617,67.53080000000003
25618,74.60640000000005
25619,65.67020000000004
25620,66.93900000000006
25621,67.31219999999979
25622,71.59919999999987
25623,63.928600000000195
25624,67.18620000000003
25625,67.62259999999984
25626,74.40640000000013
25627,60.65099999999997
25628,66.28379999999984
25629,67.8739999999998
25630,65.50480000000017
25631,65.3889999999998
25632,67.40879999999991
25633,65.53396000000019
25634,67.60540000000016
25635,69.74880000000012
25636,63.243800000000206
25637,67.05720000000015
25638,64.9675999999998
25639,64.59579999999987
25640,68.26039999999986
25641,64.84319999999997
25642,65.04079999999996
25643,69.40719999999983
25644,65.61219999999985
25645,65.92719999999962
25646,65.95000000000007
25647,65.33100000000012
25648,65.3034000000003
25649,64.87519999999971
25650,65.22739999999958
25651,68.6594
25652,65.7412000000002
25653,66.5702000000001
25654,65.16840000000009
25655,66.69999999999985
25656,66.99160000000013
25657,69.87139999999985
25658,64.44600000000023
25659,62.91739999999969
25660,66.82399999999963
25661,66.82620000000004
25662,62.06190000000001
25663,66.40359999999986
25664,64.86259999999977
25665,65.2446000000003
25666,65.68240000000016
25667,67.03019999999997
25668,65.75679999999984
25669,66.66420000000001
25670,68.02739999999991
25671,63.74260000000031
25672,64.59840000000023
25673,63.881400000000006
25674,66.02959999999975
25675,65.05000000000001
25676,62.97660000000039
25677,66.7367999999999
25678,70.43339999999993
25679,65.16559999999967
25680,62.95420000000006
25681,62.9891999999997
25682,65.63359999999994
25683,65.84899999999976
25684,62.78739999999953
25685,63.06000000000032
25686,64.27459999999996
25687,66.08840000000018
25688,65.0362
25689,69.7395999999999
25690,66.77699999999979
25691,62.17719999999983
25692,68.27959999999997
25693,66.69699999999978
25694,66.8000000000002
25695,64.13346666666705
25696,66.72249999999995
25697,64.51180000000005
25698,64.2983999999997
25699,65.01539999999994
25700,66.32180000000015
25701,64.28780000000033
25702,64.51360000000041
25703,65.59619999999984
25704,63.14839999999965
25705,74.03100000000003
25706,66.17239999999987
25707,64.91559999999996
25708,65.93979999999989
25709,64.94139999999975
25710,66.63820000000015
25711,65.60719999999992
25712,65.52860000000008
25713,67.72839999999972
25714,66.02140000000026
25715,66.09879999999966
25716,63.89739999999982
25717,66.5231999999999
25718,65.35780000000017
25719,63.09119999999984
25720,70.0756
25721,66.42620000000015
25722,65.82520000000032
25723,63.73260000000028
25724,83.04520000000038
25725,67.31579999999983
25726,66.36010000000007
25727,68.99886666666674
25728,65.90719999999986
25729,67.6360000000001
25730,63.8168
25731,64.11520000000024
25732,66.83380000000005
25733,64.86679999999997
25734,65.36879999999984
25735,64.36800000000027
25736,67.15039999999996
25737,67.22919999999998
25738,63.76539999999991
25739,62.78240000000029
25740,65.46039999999978
25741,64.97899999999989
25742,65.04340999999988
25743,67.76360000000015
25744,63.12080000000034
25745,67.90539999999974
25746,65.50260000000019
25747,70.64713333333303
25748,64.89479999999996
25749,66.24359999999999
25750,64.46959999999977
25751,64.80840000000012
25752,63.38500000000022
25753,64.45339999999997
25754,63.19560000000009
25755,63.864600000000316
25756,68.09799999999997
25757,69.65979999999998
25758,65.89439999999973
25759,65.61599999999989
25760,66.1979999999997
25761,66.54639999999988
25762,69.01679999999963
25763,62.55139999999946
25764,66.34040000000019
25765,66.42779999999976
25766,66.39680000000017
25767,66.69519999999993
25768,67.69860000000006
25769,63.61310000000025
25770,63.85360000000013
25771,68.50933333333322
25772,69.18919999999976
25773,68.47900000000004
25774,66.73879999999986
25775,65.70619999999984
25776,66.32520000000002
25777,73.39459999999995
25778,68.79420000000023
25779,72.68020000000011
25780,70.16539999999988
25781,63.226400000000304
25782,61.25999999999986
25783,66.47659999999993
25784,71.09860000000015
25785,66.04259999999982
25786,66.32640000000004
25787,61.33679999999988
25788,66.87980000000009
25789,65.70479999999992
25790,66.6832000000001
25791,63.496799999999816
25792,69.85100000000006
25793,63.13000000000031
25794,68.39159999999988
25795,64.50059999999985
25796,67.41960000000003
25797,66.7013999999999
25798,68.2461999999997
25799,64.00040000000024
25800,65.32660000000013
25801,63.60120000000023
25802,64.01980000000027
25803,70.36719999999983
25804,64.17360000000002
25805,70.3144000000003
25806,63.793000000000205
25807,69.68840000000024
25808,64.4110000000002
25809,64.08019999999959
25810,63.52160000000006
25811,66.40579999999986
25812,63.99240000000008
25813,66.70139999999995
25814,76.22220000000007
25815,65.00260000000003
25816,66.56959999999994
25817,65.07760000000003
25818,64.21599999999997
25819,69.34499999999983
25820,64.26699999999973
25821,63.925400000000266
25822,64.41340000000005
25823,64.54180000000018
25824,64.6161999999998
25825,62.89020000000041
25826,65.06319999999984
25827,71.23612
25828,69.16719999999997
25829,63.05900000000041
25830,63.76199999999995
25831,65.42260000000007
25832,68.88100000000001
25833,70.17159999999964
25834,67.53599999999997
25835,65.49059999999973
25836,66.89959999999977
25837,71.15600000000005
25838,66.36819999999996
25839,68.19020000000002
25840,65.71120000000009
25841,67.6495999999999
25842,63.45100000000027
25843,67.03080000000003
25844,66.82899999999995
25845,66.4420000000002
25846,62.52199999999999
25847,80.06739999999992
25848,65.11939999999977
25849,69.25344000000025
25850,64.21559999999984
25851,68.07279999999983
25852,67.25340000000023
25853,60.1854000000002
25854,63.424600000000176
25855,65.28079999999979
25856,68.71040000000006
25857,64.33159999999998
25858,69.12880000000006
25859,65.11280000000002
25860,66.02419999999998
25861,67.74500000000005
25862,64.37459999999999
25863,64.59420000000013
25864,65.10439999999981
25865,62.75659999999981
25866,63.39820000000002
25867,64.16340000000001
25868,67.67079999999984
25869,64.41199999999964
25870,64.2714000000002
25871,64.56359999999991
25872,67.44279999999999
25873,64.59700000000036
25874,66.7353999999999
25875,66.23179999999972
25876,64.79036000000009
25877,65.43099999999973
25878,66.29760000000005
25879,67.35370000000036
25880,66.04339999999972
25881,60.613600000000055
25882,68.32680000000002
25883,67.40680000000002
25884,65.25760000000017
25885,66.32339999999976
25886,64.51119999999997
25887,63.52500000000025
25888,64.77119999999996
25889,68.92839999999995
25890,66.22879999999968
25891,63.37760000000017
25892,66.75059999999993
25893,65.2354000000003
25894,63.33340000000016
25895,67.50840000000012
25896,69.38479999999997
25897,64.36899999999997
25898,64.19720000000001
25899,68.52720000000014
25900,64.44440000000009
25901,65.62340000000015
25902,63.15619999999977
25903,64.41600000000012
25904,64.47979999999977
25905,68.01540000000027
25906,67.36391999999985
25907,65.98939999999982
25908,60.14379999999965
25909,67.45260000000006
25910,68.61639999999998
25911,63.466400000000306
25912,65.62699999999997
25913,68.77820000000011
25914,56.75815000000017
25915,66.1768
25916,64.35839999999996
25917,67.95799999999979
25918,63.10359999999958
25919,64.27820000000008
25920,64.83879999999988
25921,65.54579999999986
25922,66.6123999999998
25923,69.94360000000006
25924,66.26119999999972
25925,64.90260000000016
25926,63.93339999999983
25927,66.41399999999972
25928,66.15059999999987
25929,66.28960000000002
25930,62.111799999999896
25931,67.99620000000043
25932,70.66539999999974
25933,67.52920000000012
25934,69.10739999999993
25935,64.93000000000015
25936,65.6564000000001
25937,62.25839999999946
25938,65.2440000000001
25939,68.11699999999979
25940,62.819400000000456
25941,64.5855999999997
25942,82.59939999999986
25943,67.47680000000008
25944,64.99760000000023
25945,69.77660000000004
25946,63.582800000000184
25947,62.013599999999755
25948,64.0146000000001
25949,64.4069999999996
25950,63.67940000000001
25951,66.74059999999983
25952,77.97739999999948
25953,61.134400000000255
25954,63.40359999999998
25955,68.46359999999994
25956,67.0593999999997
25957,66.72639999999977
25958,70.07839999999995
25959,69.24499999999975
25960,66.1884999999997
25961,70.1777999999998
25962,67.64060000000022
25963,72.51599999999983
25964,65.86619999999978
25965,67.9376000000001
25966,63.386600000000236
25967,74.35260000000007
25968,66.8127999999999
25969,69.8931999999998
25970,68.60360000000014
25971,64.84220000000013
25972,71.68339999999989
25973,69.94299999999997
25974,66.4215999999999
25975,66.2324
25976,63.27279999999978
25977,67.54380000000005
25978,65.22120000000031
25979,65.20940000000014
25980,65.77540000000018
25981,65.51939999999968
25982,65.76099999999997
25983,68.88080000000014
25984,66.90039999999978
25985,63.5404999999999
25986,62.20599999999999
25987,67.8066000000001
25988,63.87960000000033
25989,67.5957999999999
25990,63.53540000000033
25991,64.18880000000033
25992,82.64920000000002
25993,63.12380000000028
25994,64.88999999999999
25995,67.36579999999984
25996,67.54820000000007
25997,69.86999999999996
25998,68.10959999999965
25999,64.24260000000028
26000,69.1018
26001,71.20379999999986
26002,66.61900000000006
26003,65.18480000000022
26004,67.63400000000016
26005,65.2960000000002
26006,68.18739999999985
26007,67.99999999999993
26008,66.721
26009,64.18119999999976
26010,66.1111999999999
26011,64.75759999999994
26012,65.48800000000023
26013,68.25600000000016
26014,66.73099999999981
26015,64.79379999999988
26016,67.8742000000001
26017,64.36799999999994
26018,65.63040000000018
26019,67.03379999999999
26020,63.91420000000029
26021,64.0053000000001
26022,66.90619999999983
26023,64.80019999999996
26024,66.30299999999977
26025,64.8660000000002
26026,69.7788
26027,65.00840000000018
26028,65.03799999999988
26029,68.53900000000013
26030,66.04859999999988
26031,65.88639999999984
26032,63.26440000000026
26033,64.20880000000011
26034,66.5645999999999
26035,63.63820000000024
26036,64.1758
26037,67.21579999999992
26038,64.53140000000006
26039,70.91879999999999
26040,66.30840000000008
26041,62.768000000000406
26042,64.09999999999987
26043,70.10020000000036
26044,63.49900000000026
26045,66.41639999999967
26046,65.03780000000022
26047,68.4708
26048,70.93620000000007
26049,62.73400000000046
26050,66.02240000000022
26051,64.89920000000016
26052,64.74839999999999
26053,66.37780000000019
26054,67.49939999999991
26055,69.09759999999989
26056,71.22880000000035
26057,65.78019999999988
26058,78.32599999999994
26059,64.56740000000022
26060,62.03619999999992
26061,68.75600000000006
26062,62.443600000000316
26063,67.42419999999983
26064,62.56960000000003
26065,65.33780000000024
26066,65.84480000000005
26067,67.11599999999987
26068,67.6149999999999
26069,69.64620000000005
26070,65.49900000000005
26071,66.98739999999994
26072,63.299650000000376
26073,60.61939999999981
26074,73.64280000000022
26075,64.55639999999985
26076,66.52980000000011
26077,64.69799999999996
26078,65.33799999999971
26079,64.32020000000023
26080,67.24999999999999
26081,68.70880000000007
26082,65.0814
26083,63.85700000000041
26084,67.76719999999995
26085,66.81879999999974
26086,61.60300000000005
26087,71.99080000000009
26088,64.11540000000005
26089,64.7875999999999
26090,66.38620000000016
26091,63.93220000000038
26092,67.33720000000011
26093,66.37880000000014
26094,67.4428000000001
26095,66.26120000000006
26096,67.17340000000006
26097,64.69160000000007
26098,66.53219999999973
26099,65.9076000000003
26100,67.06640000000003
26101,66.90159999999985
26102,69.63420000000009
26103,65.00899999999987
26104,61.64920000000022
26105,62.71320000000048
26106,64.65280000000003
26107,63.02820000000045
26108,63.32960000000026
26109,65.46720000000009
26110,66.79740000000002
26111,65.24019999999999
26112,65.07319999999993
26113,66.50159999999971
26114,71.01960000000027
26115,66.36979999999976
26116,68.82919999999972
26117,65.2723999999997
26118,56.625339047619065
26119,66.21280000000012
26120,67.42240000000004
26121,63.53920000000034
26122,67.06700000000019
26123,73.05659999999993
26124,62.784000000000226
26125,67.6185200000001
26126,69.56479999999982
26127,63.633400000000336
26128,65.10360000000018
26129,68.46719999999988
26130,65.97859999999976
26131,66.71559999999988
26132,62.47079999999948
26133,67.87060000000017
26134,65.81580000000011
26135,73.90360000000017
26136,67.3445999999998
26137,68.41899999999987
26138,70.89400000000023
26139,68.68959999999976
26140,64.57539999999999
26141,65.5344
26142,66.09899999999976
26143,68.16500000000013
26144,66.0443999999998
26145,56.35432809523797
26146,66.0201999999998
26147,65.41240000000002
26148,64.99080000000022
26149,66.85200000000009
26150,66.5707999999999
26151,64.60540000000027
26152,65.04120000000005
26153,63.88680000000038
26154,63.537800000000196
26155,68.08359999999992
26156,68.44759999999992
26157,64.84839999999963
26158,63.19639999999957
26159,64.54819999999997
26160,63.64239999999983
26161,65.12080000000013
26162,55.74717333333337
26163,65.4719999999999
26164,57.349828571428475
26165,64.76720000000029
26166,61.52378095238121
26167,70.72740000000017
26168,67.88900000000022
26169,81.037
26170,63.9396000000002
26171,66.52959999999985
26172,62.74559999999991
26173,71.72159999999982
26174,68.0291999999998
26175,64.11180000000034
26176,67.34879999999967
26177,66.46059999999976
26178,63.37440000000033
26179,65.66619999999968
26180,64.08060000000037
26181,66.84819999999966
26182,73.44628571428602
26183,67.91020000000026
26184,65.28980000000017
26185,66.14019999999991
26186,65.41899999999971
26187,67.22899999999984
26188,64.27740000000018
26189,63.06799999999978
26190,67.95880000000008
26191,65.31419999999987
26192,63.932000000000016
26193,64.57280000000009
26194,65.28719999999983
26195,65.4229999999998
26196,64.32639999999998
26197,71.25952000000008
26198,65.40629999999962
26199,67.19519999999959
26200,63.248000000000445
26201,64.07000000000025
26202,69.45679999999982
26203,67.94659999999993
26204,65.21299999999984
26205,61.205799999999705
26206,71.7300000000001
26207,67.13639999999981
26208,64.3548
26209,63.35639999999978
26210,63.80620000000029
26211,65.0035999999998
26212,66.6462
26213,63.66059999999978
26214,62.34099999999988
26215,68.13000000000018
26216,64.06359999999997
26217,64.69919999999982
26218,66.43400000000015
26219,65.87379999999999
26220,60.39040000000013
26221,65.68619999999987
26222,66.05979999999977
26223,68.32200000000003
26224,66.53939999999984
26225,64.53960000000019
26226,65.53960000000016
26227,63.82860000000003
26228,67.54139999999994
26229,56.702400000000075
26230,63.59120000000027
26231,67.88660000000026
26232,64.14459999999995
26233,62.94840000000044
26234,70.09189999999985
26235,63.770000000000245
26236,65.16340000000035
26237,65.1788000000001
26238,67.77859999999995
26239,65.4889999999998
26240,64.14219999999995
26241,64.6959999999998
26242,66.52380000000026
26243,62.15980000000023
26244,64.0156000000003
26245,66.23819999999967
26246,63.63759999999999
26247,64.44220000000026
26248,69.01780000000004
26249,66.41739999999974
26250,70.04040000000008
26251,66.34889999999984
26252,71.25289999999984
26253,64.8545999999999
26254,62.780999999999665
26255,66.39939999999979
26256,65.22359999999993
26257,76.47920000000016
26258,66.5299999999999
26259,63.86420000000023
26260,67.67219999999985
26261,62.722199999999766
26262,67.7133999999999
26263,65.1106000000001
26264,64.27359999999993
26265,66.13539999999985
26266,63.62920000000034
26267,68.14800000000008
26268,72.58920000000015
26269,67.9586000000001
26270,69.71199999999997
26271,65.64300000000009
26272,72.04240000000033
26273,74.85880000000014
26274,65.5997999999998
26275,65.3230000000002
26276,63.74320000000036
26277,66.66320000000003
26278,78.46359999999993
26279,64.94160000000004
26280,64.96420000000018
26281,63.576999999999764
26282,64.21160000000005
26283,68.40799999999987
26284,66.40559999999985
26285,68.28299999999983
26286,67.60259999999985
26287,66.86400000000008
26288,67.62080000000009
26289,67.5488
26290,66.33400000000009
26291,66.3006000000001
26292,65.448
26293,63.898999999999994
26294,77.8286
26295,66.05040000000005
26296,69.00580000000004
26297,69.91499999999999
26298,67.43760000000002
26299,64.39980000000027
26300,67.6762
26301,69.94640000000018
26302,66.04140000000032
26303,61.7605999999997
26304,72.52439999999993
26305,66.10799999999985
26306,64.28300000000034
26307,63.0778000000001
26308,65.62879999999997
26309,63.58479999999977
26310,65.45659999999987
26311,65.73014999999984
26312,65.06439999999978
26313,64.22319999999992
26314,66.57959999999996
26315,66.11580000000014
26316,65.82559999999981
26317,67.68079999999992
26318,62.82980000000045
26319,65.72440000000023
26320,65.42420000000006
26321,66.25399999999998
26322,67.66140000000017
26323,65.81639999999973
26324,63.92040000000026
26325,67.04880000000014
26326,67.8974000000003
26327,65.31200000000013
26328,68.58399999999999
26329,65.17339999999986
26330,62.93120000000048
26331,67.63139999999983
26332,68.00980000000004
26333,65.20260000000017
26334,64.7304
26335,64.18946666666669
26336,66.06819999999983
26337,65.79500000000026
26338,66.91880000000009
26339,64.67079999999999
26340,65.49239999999996
26341,70.86679999999998
26342,72.08900000000011
26343,63.89159999999998
26344,63.25160000000034
26345,65.1589999999999
26346,65.4949999999999
26347,67.65379999999993
26348,65.66720000000002
26349,65.40160000000019
26350,65.79099999999994
26351,66.07259999999985
26352,66.36519999999973
26353,63.672266666666914
26354,67.00079999999969
26355,65.00099999999969
26356,66.08579999999989
26357,65.57019999999986
26358,69.82960000000007
26359,65.68679999999966
26360,66.27140000000001
26361,63.085199999999936
26362,63.4512000000004
26363,65.64060000000006
26364,65.70740000000013
26365,70.42739999999989
26366,61.661999999999836
26367,66.95640000000024
26368,63.652599999999744
26369,65.55920000000017
26370,69.84839999999987
26371,64.85880000000014
26372,64.3574000000003
26373,61.24439999999989
26374,70.30860000000013
26375,64.01380000000034
26376,65.8742000000002
26377,77.35580000000003
26378,61.31579999999996
26379,64.89340000000028
26380,66.59219999999978
26381,64.81199999999997
26382,64.02920000000012
26383,67.42559999999997
26384,67.86159999999985
26385,65.89239999999991
26386,70.6796000000002
26387,64.96893333333313
26388,62.55459999999961
26389,63.1882000000003
26390,68.24299999999995
26391,65.70159999999984
26392,73.93000000000002
26393,65.2294000000001
26394,66.6410666666666
26395,65.54419999999983
26396,74.1469999999998
26397,69.12619999999991
26398,63.54039999999984
26399,61.78880000000003
26400,67.05680000000001
26401,64.83580000000023
26402,66.0367999999998
26403,68.84720000000003
26404,64.20399999999997
26405,64.82720000000002
26406,63.89119999999978
26407,67.23020000000025
26408,66.55020000000012
26409,63.794599999999754
26410,66.78299999999965
26411,64.79919999999986
26412,63.56259999999982
26413,65.48820000000039
26414,63.0474000000001
26415,62.87500000000039
26416,62.407000000000025
26417,66.38079999999992
26418,67.11620000000005
26419,70.56000000000007
26420,66.86679999999981
26421,69.91399999999994
26422,71.0394000000002
26423,64.2476000000001
26424,64.42180000000003
26425,74.38959999999986
26426,63.472133333333126
26427,65.19079999999997
26428,64.7718000000002
26429,78.94140000000034
26430,65.93799999999987
26431,66.60639999999997
26432,76.82879999999987
26433,63.72019999999982
26434,65.23219999999978
26435,63.649800000000205
26436,64.50700000000026
26437,66.07079999999978
26438,67.87180000000012
26439,65.84759999999976
26440,62.83480000000008
26441,67.60680000000006
26442,80.76279999999991
26443,65.79679999999988
26444,59.99594000000018
26445,63.58160000000014
26446,65.38040000000012
26447,66.22939999999973
26448,66.40879999999979
26449,67.2116
26450,67.41219999999998
26451,65.40159999999986
26452,71.95920000000011
26453,67.82720000000008
26454,65.27700000000017
26455,65.00440000000006
26456,68.98839999999998
26457,65.0616000000001
26458,71.71760000000006
26459,67.43000000000005
26460,62.744200000000326
26461,65.94140000000023
26462,66.7578
26463,65.9471999999997
26464,63.38460000000032
26465,66.34459999999983
26466,76.01039999999996
26467,69.03979999999976
26468,62.48839999999963
26469,70.02219999999997
26470,66.1652
26471,65.58400000000029
26472,83.77779999999976
26473,66.65119999999985
26474,65.65800000000003
26475,66.96600000000011
26476,69.5172000000001
26477,69.05059999999992
26478,71.76420000000026
26479,63.02680000000038
26480,65.57800000000023
26481,67.3547999999999
26482,70.50799999999995
26483,67.84119999999999
26484,64.19880000000028
26485,66.14359999999984
26486,68.87120000000014
26487,62.85040000000029
26488,66.73939999999989
26489,69.0745999999999
26490,65.61459999999995
26491,67.37689999999994
26492,64.76240000000021
26493,64.41260000000008
26494,68.69380000000008
26495,63.36899999999971
26496,66.58979999999985
26497,65.0397999999999
26498,63.74060000000026
26499,73.54940000000005
26500,78.85719999999978
26501,66.19699999999993
26502,66.42319999999991
26503,67.78040000000021
26504,70.95419999999987
26505,65.73639999999989
26506,66.0256
26507,67.77620000000003
26508,65.11500000000031
26509,62.72360000000047
26510,66.87139999999981
26511,62.73800000000032
26512,66.6423999999999
26513,68.97880000000009
26514,67.76579999999979
26515,65.33699999999988
26516,65.43919999999994
26517,64.82579999999994
26518,65.84720000000027
26519,69.9971999999999
26520,64.02380000000008
26521,61.798999999999644
26522,62.61859999999981
26523,62.97319999999968
26524,68.47999999999946
26525,65.17579999999974
26526,63.23180000000029
26527,77.50680000000003
26528,69.18430000000001
26529,62.13279999999992
26530,57.997200000000376
26531,70.25139999999985
26532,60.49659999999986
26533,65.56399999999985
26534,65.69139999999992
26535,68.03260000000014
26536,72.79639999999996
26537,66.28799999999977
26538,65.88810000000021
26539,70.3053999999999
26540,63.61380000000026
26541,68.28
26542,65.5077999999999
26543,64.40859999999986
26544,66.17540000000002
26545,63.58850000000034
26546,62.916999999999675
26547,67.17859999999973
26548,65.37599999999978
26549,66.48339999999973
26550,65.79720000000003
26551,64.98359999999965
26552,72.2244
26553,64.32780000000007
26554,67.2831999999999
26555,67.21340000000029
26556,59.85979999999966
26557,63.589000000000375
26558,65.18499999999999
26559,64.51279999999986
26560,68.71069999999976
26561,65.94099999999983
26562,65.2491999999998
26563,62.87100000000036
26564,66.08099999999972
26565,63.489199999999684
26566,66.57200000000002
26567,71.51700000000014
26568,66.2392
26569,60.5326866666667
26570,62.924800000000445
26571,62.26687999999997
26572,64.64480000000013
26573,66.35500000000017
26574,75.19119999999984
26575,67.99440000000007
26576,66.22280000000006
26577,64.10520000000021
26578,64.34099999999997
26579,64.25719999999994
26580,65.98639999999993
26581,61.927799999999785
26582,65.90679999999959
26583,66.14280000000021
26584,64.47640000000006
26585,73.15779999999997
26586,67.94819999999991
26587,64.60040000000006
26588,69.31620000000002
26589,67.23600000000023
26590,66.65699999999991
26591,64.62339999999993
26592,65.56679999999979
26593,69.49140000000031
26594,75.90780000000005
26595,67.44720000000017
26596,66.49519999999981
26597,66.55059999999999
26598,62.93500000000043
26599,60.42799999999995
26600,65.22619999999989
26601,63.67800000000005
26602,64.52200000000006
26603,66.83999999999988
26604,68.5881999999999
26605,60.999200000000044
26606,67.9196000000001
26607,66.80379999999994
26608,65.59009999999962
26609,57.43813333333341
26610,67.08019999999995
26611,64.09960000000021
26612,64.85580000000007
26613,66.13739999999993
26614,73.8962000000001
26615,69.24799999999982
26616,67.02659999999992
26617,67.70539999999968
26618,62.816800000000434
26619,76.8334000000001
26620,69.00280000000002
26621,65.88760000000003
26622,67.02299999999981
26623,64.25420000000013
26624,65.53440000000006
26625,67.2208000000003
26626,58.530000000000165
26627,66.45940000000017
26628,66.85060000000017
26629,65.70919999999991
26630,65.72320000000022
26631,67.27560000000015
26632,63.48279999999985
26633,65.1168000000001
26634,64.2121999999997
26635,66.94159999999992
26636,64.20940000000019
26637,65.98620000000011
26638,64.02180000000021
26639,67.25380000000004
26640,68.54999999999983
26641,63.772200000000346
26642,60.958199999999856
26643,68.91299999999978
26644,65.04539999999999
26645,64.65879999999991
26646,65.16860000000017
26647,69.71320000000027
26648,75.41480000000007
26649,65.50819999999977
26650,63.745399999999904
26651,67.80799999999994
26652,62.8759999999997
26653,68.05699999999992
26654,76.52891999999991
26655,66.17910000000002
26656,64.64519999999989
26657,63.276000000000415
26658,68.07320000000003
26659,65.1438000000002
26660,64.99060000000043
26661,64.43659999999984
26662,67.0266000000001
26663,67.11600000000007
26664,69.16299999999995
26665,67.69140000000031
26666,63.261399999999746
26667,64.50339999999997
26668,68.21539999999985
26669,64.24940000000025
26670,62.21739999999971
26671,69.31419999999981
26672,70.95499999999986
26673,63.58119999999981
26674,64.49079999999998
26675,70.36431999999994
26676,67.69360000000039
26677,65.4274000000002
26678,66.64279999999998
26679,63.87880000000019
26680,63.79685000000022
26681,66.42079999999999
26682,66.69399999999986
26683,66.77399999999982
26684,67.23299999999985
26685,63.20760000000042
26686,66.04200000000031
26687,72.07750000000016
26688,68.37599999999985
26689,68.1756
26690,67.5139999999999
26691,61.32339999999999
26692,64.40620000000006
26693,67.32980000000006
26694,65.73420000000009
26695,66.41780000000008
26696,63.8661999999998
26697,62.864800000000464
26698,63.19440000000034
26699,62.99979999999972
26700,65.80260000000006
26701,64.4083999999999
26702,62.95460000000029
26703,60.956000000000216
26704,66.81879999999978
26705,68.10759999999951
26706,64.2951999999999
26707,67.29179999999974
26708,65.80159999999968
26709,66.0514
26710,64.95839999999964
26711,66.98499999999997
26712,63.62540000000039
26713,69.2368
26714,66.9817999999999
26715,77.9369333333331
26716,65.52940000000007
26717,69.68620000000006
26718,65.71666666666646
26719,64.50460000000004
26720,64.41659999999987
26721,62.72639999999984
26722,66.54339999999982
26723,70.98819999999985
26724,63.42719999999977
26725,68.1026000000002
26726,64.26720000000009
26727,69.28740000000003
26728,64.2596000000003
26729,60.368800000000064
26730,56.77740000000011
26731,60.927799999999756
26732,64.65820000000008
26733,66.47990000000023
26734,64.34140000000012
26735,66.40599999999996
26736,68.7293999999998
26737,63.94880000000022
26738,74.78259999999968
26739,65.1256099999998
26740,63.945800000000176
26741,67.30660000000005
26742,66.34859999999989
26743,67.40640000000005
26744,66.79179999999987
26745,65.19859999999991
26746,65.51680000000002
26747,65.38080000000014
26748,66.26299999999975
26749,61.395800000000094
26750,65.23960000000017
26751,63.27820000000047
26752,66.78439999999978
26753,62.53099999999956
26754,66.99699999999982
26755,63.19040000000035
26756,67.49800000000002
26757,67.93440000000001
26758,66.4664
26759,66.17060000000006
26760,74.63099999999996
26761,70.05119999999991
26762,72.31680000000011
26763,63.81000000000027
26764,67.21800000000009
26765,69.3386999999997
26766,67.60359999999986
26767,66.39740000000008
26768,62.67400000000036
26769,68.09439999999967
26770,65.91200000000016
26771,67.41239999999982
26772,66.2083999999999
26773,67.51420000000006
26774,63.898600000000165
26775,66.47999999999999
26776,65.59780000000002
26777,66.37540000000023
26778,63.589600000000296
26779,64.68240000000013
26780,66.06340000000014
26781,66.02779999999971
26782,64.43140000000047
26783,64.39659999999996
26784,68.1556
26785,65.57719999999986
26786,64.02240000000023
26787,63.25400000000017
26788,66.20080000000011
26789,63.298200000000335
26790,64.9150000000001
26791,66.92359999999991
26792,66.97999999999979
26793,68.39720000000007
26794,66.17799999999998
26795,63.13460000000043
26796,65.77259999999978
26797,68.88659999999992
26798,67.55920000000013
26799,65.43719999999999
26800,67.1612
26801,63.823400000000305
26802,61.32079999999978
26803,69.42999999999984
26804,69.32919999999999
26805,72.67360000000009
26806,67.26480000000012
26807,63.010599999999805
26808,66.61799999999984
26809,67.2976000000002
26810,64.39940000000033
26811,63.95200000000017
26812,64.08060000000002
26813,65.10759999999993
26814,64.75919999999999
26815,65.39519999999962
26816,63.71019999999977
26817,63.535200000000074
26818,67.48379999999976
26819,64.45680000000016
26820,66.39680000000016
26821,65.67399999999996
26822,63.604400000000304
26823,68.91540000000023
26824,67.34479999999995
26825,69.48679999999977
26826,65.32199999999989
26827,65.49280000000009
26828,64.67499999999991
26829,66.97599999999989
26830,71.36860000000016
26831,70.94199999999985
26832,65.66999999999965
26833,66.61479999999982
26834,63.77260000000002
26835,68.3256
26836,63.938299999999764
26837,64.42220000000033
26838,66.34139999999968
26839,66.855
26840,61.33740000000025
26841,63.00400000000015
26842,64.61619999999964
26843,66.79899999999985
26844,67.16660000000022
26845,64.00840000000032
26846,64.6968000000001
26847,69.44979999999994
26848,66.62100000000005
26849,66.76019999999994
26850,62.75559999999977
26851,68.26959999999987
26852,65.90140000000008
26853,62.69160000000022
26854,69.37259999999992
26855,67.8118000000001
26856,59.59780000000025
26857,66.58180000000011
26858,66.23859999999975
26859,63.587000000000046
26860,61.02259999999996
26861,63.30820000000038
26862,66.21579999999976
26863,64.44020000000026
26864,66.3042
26865,68.62539999999998
26866,69.186
26867,66.3057999999999
26868,66.47359999999989
26869,66.47000000000001
26870,62.23020000000008
26871,65.58100000000013
26872,68.044
26873,62.4497999999997
26874,61.98859999999976
26875,67.22819999999999
26876,62.8925999999998
26877,70.21120000000018
26878,67.33220000000014
26879,67.19539999999994
26880,63.5724000000004
26881,66.21819999999994
26882,66.26700000000042
26883,65.20260000000013
26884,65.89539999999975
26885,61.078600000000066
26886,64.69980000000018
26887,66.49559999999981
26888,64.7553999999998
26889,64.99580000000024
26890,68.67939999999996
26891,62.76620000000045
26892,61.986599999999946
26893,67.72739999999992
26894,61.75419999999997
26895,72.74199999999993
26896,64.15519999999998
26897,64.96780000000001
26898,65.42359999999992
26899,67.37580000000001
26900,65.71899999999982
26901,66.64579999999998
26902,67.51819999999978
26903,65.59120000000019
26904,64.99739999999984
26905,67.08140000000004
26906,60.82439999999969
26907,65.24480000000047
26908,68.11959999999993
26909,61.85140000000031
26910,80.89979999999989
26911,65.72840000000005
26912,68.17959999999997
26913,64.29939999999995
26914,57.22080000000032
26915,65.85420000000018
26916,63.28940000000036
26917,70.43559999999998
26918,63.454000000000285
26919,65.84239999999977
26920,68.17580000000022
26921,65.10539999999992
26922,63.85940000000024
26923,68.06180000000005
26924,65.31839999999968
26925,65.13539999999988
26926,65.62179999999995
26927,66.69199999999985
26928,65.67806666666651
26929,65.04179999999994
26930,62.88939999999965
26931,65.3637999999999
26932,65.97326666666659
26933,67.86059999999962
26934,65.5583999999999
26935,67.88299999999978
26936,66.05359999999993
26937,68.32900000000014
26938,65.1440000000001
26939,67.59379999999973
26940,67.42040000000027
26941,69.70879999999995
26942,66.3371999999998
26943,65.59799999999979
26944,68.17419999999996
26945,66.50939999999989
26946,66.77039999999984
26947,64.92340000000007
26948,67.20500000000021
26949,65.32440000000015
26950,60.909199999999835
26951,65.89159999999977
26952,79.48580000000014
26953,81.8564000000003
26954,64.76760000000024
26955,70.6916000000002
26956,63.00300000000045
26957,67.01559999999985
26958,66.88919999999979
26959,67.01240000000007
26960,65.43460000000012
26961,66.18879999999972
26962,67.84799999999997
26963,63.6758
26964,63.26319999999976
26965,67.41479999999981
26966,66.80879999999996
26967,69.75799999999988
26968,67.82940000000018
26969,64.00040000000006
26970,65.22860000000028
26971,73.48640000000009
26972,67.00160000000007
26973,67.08819999999966
26974,64.80519999999999
26975,64.56480000000036
26976,64.63659999999994
26977,68.29660000000003
26978,67.17720000000001
26979,66.23959999999963
26980,72.23680000000014
26981,65.9628671428573
26982,66.74959999999992
26983,65.26900000000012
26984,63.38560000000019
26985,66.71239999999969
26986,64.69259999999981
26987,67.59520000000037
26988,65.79260000000005
26989,66.21879999999986
26990,63.995999999999675
26991,66.64740000000003
26992,73.5484
26993,66.65740000000002
26994,63.678600000000024
26995,60.76053904761904
26996,60.86179999999975
26997,74.32719999999993
26998,66.20619999999984
26999,63.36540000000041
27000,69.21359999999989
27001,65.21499999999988
27002,65.9824000000001
27003,67.04279999999996
27004,63.40400000000039
27005,64.5065999999998
27006,66.14240000000018
27007,71.14060000000005
27008,63.99960000000019
27009,61.4845999999997
27010,68.4401999999997
27011,64.85879999999995
27012,58.788200000000096
27013,66.08259999999989
27014,66.26020000000004
27015,62.90140000000031
27016,70.34539999999991
27017,65.42239999999967
27018,61.789600000000014
27019,67.21279999999977
27020,65.29960000000007
27021,67.81179999999998
27022,66.50280000000018
27023,69.56699999999982
27024,63.823200000000284
27025,73.03599999999993
27026,63.484200000000186
27027,67.85460000000009
27028,65.93100000000022
27029,62.80180000000032
27030,64.30440000000011
27031,66.6769999999997
27032,66.0199999999999
27033,66.79079999999999
27034,63.68300000000034
27035,67.23240000000006
27036,68.94180000000003
27037,66.88499999999978
27038,70.12700000000018
27039,69.88839999999993
27040,67.16139999999972
27041,65.07460000000005
27042,66.07159999999982
27043,65.86259999999973
27044,70.88799999999988
27045,66.71899999999985
27046,63.66439999999946
27047,62.733399999999776
27048,62.029000000000146
27049,73.00340000000018
27050,65.2029000000002
27051,66.38399999999973
27052,71.75559999999984
27053,66.70039999999986
27054,66.8619999999996
27055,63.87380000000012
27056,69.57960000000007
27057,62.84079999999979
27058,67.1735999999999
27059,62.08119999999996
27060,67.14879999999995
27061,68.86279999999987
27062,71.82439999999994
27063,65.34159999999981
27064,64.98019999999997
27065,65.93680000000008
27066,68.26873333333319
27067,67.96140000000004
27068,63.69040000000029
27069,67.4202000000001
27070,62.824800000000344
27071,66.66560000000003
27072,64.8636000000001
27073,77.30919999999983
27074,67.5445999999999
27075,64.30560000000028
27076,66.97420000000012
27077,65.0494000000001
27078,67.87239999999967
27079,64.87466666666691
27080,65.78799999999971
27081,63.25459999999972
27082,66.25859999999979
27083,63.73820000000021
27084,63.93899999999992
27085,71.03980000000004
27086,64.06580000000014
27087,72.42180000000015
27088,65.0074
27089,62.96919999999967
27090,63.75900000000032
27091,66.53719999999997
27092,64.28399999999974
27093,64.02720000000042
27094,66.13099999999997
27095,72.90239999999996
27096,61.500400000000056
27097,65.79149999999981
27098,65.33380000000037
27099,68.37480000000016
27100,67.28699999999992
27101,73.84379999999994
27102,70.69239999999992
27103,64.42480000000033
27104,63.11939999999978
27105,64.79179999999992
27106,63.60300000000023
27107,67.80720000000007
27108,69.09320000000034
27109,67.18219999999994
27110,65.38440000000027
27111,65.10579999999982
27112,67.85479999999998
27113,64.07559999999978
27114,72.44320000000016
27115,65.15479999999995
27116,63.911499999999855
27117,63.54080000000019
27118,65.24820000000022
27119,68.50560000000002
27120,66.52080000000018
27121,66.87399999999978
27122,70.75300000000006
27123,65.28079999999999
27124,67.15120000000013
27125,63.75460000000032
27126,64.01020000000025
27127,71.21180000000001
27128,70.07460000000015
27129,65.7694
27130,66.84939999999985
27131,63.71235000000037
27132,64.49559999999992
27133,66.02320000000003
27134,66.32959999999986
27135,63.451200000000064
27136,66.27449999999972
27137,64.8414000000003
27138,65.66899999999997
27139,66.68979999999983
27140,65.9607999999999
27141,59.279999999999816
27142,64.5342
27143,66.05799999999977
27144,66.67460000000023
27145,64.26959999999995
27146,67.12320000000028
27147,62.95159999999973
27148,62.79499999999993
27149,69.76400000000005
27150,68.75460000000011
27151,66.39059999999994
27152,62.18440000000017
27153,64.16040000000034
27154,69.84940000000014
27155,67.0645999999998
27156,63.629200000000296
27157,65.93499999999997
27158,69.63720000000004
27159,64.95739999999986
27160,63.625800000000346
27161,73.59760000000017
27162,67.82579999999953
27163,66.7082000000002
27164,71.69900000000024
27165,70.38519999999998
27166,63.210400000000384
27167,66.25769999999966
27168,66.52079999999974
27169,69.14860000000007
27170,65.69639999999983
27171,69.09500000000011
27172,64.4604000000002
27173,63.949149999999705
27174,65.55079999999981
27175,67.31180000000016
27176,63.10880000000032
27177,67.37499999999989
27178,63.96820000000013
27179,63.68220000000038
27180,66.76240000000018
27181,66.05580000000002
27182,65.05059999999995
27183,64.73379999999997
27184,67.31039999999982
27185,66.00120000000018
27186,65.38340000000005
27187,64.69699999999993
27188,65.68419999999992
27189,68.66020000000003
27190,77.84079999999993
27191,67.48899999999985
27192,63.95140000000035
27193,64.86259999999992
27194,66.06620000000022
27195,71.86380000000028
27196,63.9513999999998
27197,67.52079999999988
27198,65.05939999999968
27199,62.75060000000024
27200,69.97720000000005
27201,64.52980000000001
27202,66.3249999999999
27203,73.52859999999987
27204,64.8884000000002
27205,63.2343999999998
27206,74.55119999999995
27207,67.10313333333316
27208,61.853959999999816
27209,64.38040000000022
27210,66.9908000000001
27211,62.364399999999556
27212,66.07280000000006
27213,64.05520000000006
27214,67.75159999999997
27215,65.43897333333342
27216,69.42859999999975
27217,66.92619999999995
27218,63.57679999999991
27219,63.34380000000047
27220,68.26339999999992
27221,65.02280000000005
27222,64.89899999999977
27223,66.6643999999998
27224,63.73190000000023
27225,70.39819999999997
27226,65.06720000000024
27227,64.7757999999998
27228,70.83990000000001
27229,68.63519999999974
27230,68.16400000000006
27231,70.86719999999998
27232,66.15179999999984
27233,65.42999999999998
27234,64.30699999999989
27235,70.27340000000001
27236,64.17220000000016
27237,66.6511999999999
27238,64.09480000000016
27239,67.27484999999996
27240,66.89359999999976
27241,65.08940000000005
27242,59.41679999999998
27243,66.90939999999995
27244,63.17499999999969
27245,67.30440000000007
27246,67.60740000000013
27247,64.1178
27248,68.22019999999993
27249,65.59940000000003
27250,62.94120000000044
27251,65.405
27252,67.42239999999961
27253,69.42019999999984
27254,69.06800000000008
27255,67.00059999999989
27256,67.45840000000011
27257,68.179
27258,74.38060000000027
27259,66.23300000000009
27260,65.44679999999993
27261,71.25860000000007
27262,69.23959999999992
27263,67.22280000000006
27264,63.2275999999997
27265,65.2297999999997
27266,66.34699999999984
27267,62.042600000000114
27268,62.33240000000023
27269,64.43450000000001
27270,65.16780000000008
27271,65.1415999999995
27272,64.94260000000004
27273,64.27400000000011
27274,63.69500000000023
27275,64.72800000000005
27276,56.938466666666685
27277,63.365399999999745
27278,66.20480000000009
27279,63.455400000000154
27280,71.6735999999997
27281,75.17319999999984
27282,66.9642
27283,64.75199999999995
27284,68.40520000000005
27285,66.21880000000017
27286,65.98420000000007
27287,71.82540000000012
27288,64.14600000000027
27289,65.3241999999998
27290,66.26219999999991
27291,69.71371999999987
27292,75.81140000000003
27293,62.16859999999946
27294,66.57739999999987
27295,73.97160000000005
27296,66.97599999999997
27297,67.22720000000005
27298,60.82679999999965
27299,63.94700000000004
27300,62.33339999999983
27301,65.54019999999996
27302,61.10329999999985
27303,67.21199999999996
27304,69.16639999999983
27305,69.22499999999984
27306,71.79519999999997
27307,64.78819999999992
27308,60.0897999999999
27309,66.72339999999994
27310,65.0102
27311,64.17620000000038
27312,71.10039999999996
27313,63.63300000000039
27314,64.43860000000016
27315,65.08480000000026
27316,65.81019999999968
27317,62.088999999999956
27318,65.91199999999988
27319,67.81460000000027
27320,62.3218
27321,63.95039999999993
27322,65.64840000000002
27323,64.87600000000015
27324,66.21136000000004
27325,66.51900000000008
27326,62.40340000000002
27327,63.71160000000039
27328,69.97940000000011
27329,68.1620000000001
27330,69.94939999999988
27331,66.84600000000017
27332,69.63840000000013
27333,62.84899999999973
27334,66.51879999999984
27335,68.34820000000022
27336,67.1161999999998
27337,65.51659999999974
27338,67.23380000000012
27339,69.8327999999999
27340,65.77320000000005
27341,66.96959999999996
27342,64.7607999999998
27343,62.96199999999988
27344,65.20979999999996
27345,72.67839999999998
27346,65.98379999999993
27347,65.42820000000017
27348,67.22199999999998
27349,64.89199999999992
27350,65.80580000000022
27351,67.81019999999998
27352,74.25980000000006
27353,66.28459999999988
27354,67.8100000000001
27355,65.11960000000018
27356,67.39379999999973
27357,66.49099999999987
27358,72.69440000000024
27359,69.13660000000002
27360,62.15479999999999
27361,64.05020000000032
27362,66.58300000000008
27363,65.23679999999983
27364,64.80599999999995
27365,70.78599999999997
27366,65.87860000000012
27367,64.22640000000038
27368,66.84360000000014
27369,65.76640000000002
27370,69.22919999999999
27371,64.34360000000011
27372,61.602200000000074
27373,71.24680000000002
27374,67.33260000000006
27375,72.38640000000007
27376,63.69040000000027
27377,66.72119999999978
27378,65.28140000000019
27379,65.69380000000015
27380,64.29760000000002
27381,69.39180000000006
27382,64.9262
27383,64.35099999999997
27384,66.19219999999999
27385,64.89759999999998
27386,67.56446666666649
27387,79.7967999999997
27388,63.23220000000032
27389,64.75960000000026
27390,69.04039999999995
27391,64.7372000000001
27392,74.20942000000005
27393,64.7578000000003
27394,64.7735999999999
27395,66.13300000000007
27396,65.41380000000031
27397,72.33139999999992
27398,65.44480000000007
27399,72.90179999999998
27400,68.4468000000001
27401,67.87399999999998
27402,63.908400000000206
27403,66.7428000000001
27404,67.63539999999986
27405,77.10459999999993
27406,64.14680000000035
27407,67.62979999999966
27408,63.18600000000032
27409,65.24379999999992
27410,63.94060000000001
27411,71.77660000000019
27412,72.00139999999998
27413,71.5327999999998
27414,64.54030000000026
27415,61.239599999999804
27416,66.97219999999989
27417,64.1040000000002
27418,74.42239999999995
27419,66.42680000000003
27420,61.66360000000009
27421,65.9533999999997
27422,79.6715999999998
27423,70.94259999999989
27424,63.700999999999915
27425,66.99779999999974
27426,64.7726000000002
27427,62.7754000000004
27428,66.29813333333327
27429,62.16900000000006
27430,65.6701999999999
27431,66.70099999999971
27432,70.70279999999995
27433,65.37303999999986
27434,67.60779999999978
27435,66.64119999999984
27436,69.59399999999992
27437,66.71799999999998
27438,65.25979999999991
27439,67.67944999999972
27440,63.46900000000001
27441,82.12980000000005
27442,68.65459999999997
27443,64.74520000000022
27444,65.8067999999997
27445,67.84419999999982
27446,65.88379999999988
27447,66.83040000000008
27448,67.0517999999997
27449,65.96520000000015
27450,66.74566666666655
27451,64.21320000000017
27452,66.43619999999994
27453,66.6908000000001
27454,67.96999999999963
27455,69.03299999999999
27456,67.70131999999978
27457,65.46199999999993
27458,66.29440000000004
27459,59.18680000000031
27460,65.02979999999994
27461,65.79719999999988
27462,65.3332
27463,69.43520000000008
27464,67.1263999999995
27465,55.81386666666672
27466,65.62859999999962
27467,66.30360000000026
27468,64.06980000000001
27469,65.86179999999966
27470,67.61559999999966
27471,63.25500000000005
27472,67.52879999999985
27473,63.41140000000037
27474,65.17160000000004
27475,67.04939999999971
27476,64.43340000000019
27477,63.870800000000315
27478,67.3586
27479,63.39820000000032
27480,63.928200000000245
27481,64.25319999999991
27482,65.5094
27483,68.94740000000006
27484,66.27679999999984
27485,66.23719999999973
27486,65.8805399999999
27487,73.2851999999998
27488,63.790800000000296
27489,64.6080000000001
27490,71.8842000000001
27491,62.967799999999684
27492,66.82980000000006
27493,66.19879999999971
27494,67.98659999999994
27495,68.3898
27496,67.18160000000032
27497,68.6874
27498,67.29060000000008
27499,60.931600000000024
27500,63.0370000000004
27501,66.51900000000006
27502,68.00739999999992
27503,65.82900000000019
27504,62.94399999999957
27505,64.94300000000025
27506,67.09560000000002
27507,63.65100000000002
27508,64.65459999999993
27509,67.12580000000018
27510,62.565400000000295
27511,67.97340000000004
27512,65.71679999999995
27513,64.46239999999992
27514,64.24740000000007
27515,69.37259999999984
27516,63.785599999999974
27517,65.24800000000008
27518,64.78960000000012
27519,68.59600000000007
27520,64.53980000000006
27521,68.19090000000006
27522,65.3523999999998
27523,63.5524000000002
27524,77.12900000000022
27525,65.2004000000002
27526,69.20660000000001
27527,66.82920000000016
27528,63.65580000000033
27529,81.00619999999984
27530,67.86579999999987
27531,66.04920000000007
27532,68.96080000000006
27533,66.54919999999986
27534,65.5831999999998
27535,68.97119999999995
27536,68.04779999999985
27537,65.67560000000013
27538,72.51099999999997
27539,66.66040000000015
27540,64.35679999999965
27541,68.17600000000014
27542,71.03519999999997
27543,66.0836
27544,62.93779999999968
27545,65.74619999999977
27546,70.62540000000013
27547,68.48420000000003
27548,69.37660000000001
27549,65.0446000000003
27550,74.45599999999975
27551,64.88320000000004
27552,64.44739999999993
27553,64.25360000000013
27554,66.63720000000009
27555,60.37835000000005
27556,65.46619999999999
27557,64.36699999999976
27558,61.842599999999955
27559,63.583600000000324
27560,63.920800000000014
27561,67.0517999999999
27562,64.11979999999983
27563,76.11680000000011
27564,72.64739999999999
27565,63.5856
27566,68.91359999999973
27567,65.10879999999976
27568,65.9153999999997
27569,67.02619999999965
27570,75.67839999999968
27571,66.60439999999966
27572,61.893799999999906
27573,59.959400000000095
27574,63.49199999999999
27575,64.52826666666694
27576,65.8430000000001
27577,66.79539999999994
27578,66.21580000000004
27579,65.3174000000001
27580,77.23645000000009
27581,65.57020000000004
27582,63.39999999999974
27583,65.96640000000001
27584,66.21319999999989
27585,64.43659999999996
27586,66.9293999999999
27587,64.3501999999999
27588,64.29180000000017
27589,67.37460000000007
27590,70.67000000000004
27591,72.05139999999989
27592,66.70239999999987
27593,63.542300000000424
27594,63.52539999999993
27595,69.35179999999997
27596,63.46419999999983
27597,73.11560000000003
27598,65.35659999999987
27599,64.8450000000001
27600,62.97100000000014
27601,64.2116000000002
27602,57.63900000000021
27603,68.56879999999983
27604,63.66680000000008
27605,72.39080000000007
27606,62.63879999999963
27607,64.49039999999991
27608,63.07720000000034
27609,66.59739999999978
27610,64.39700000000012
27611,70.95019999999995
27612,64.54579999999989
27613,66.99040000000015
27614,59.9904
27615,63.38293333333339
27616,64.9525999999998
27617,68.46979999999999
27618,64.82088000000006
27619,65.34746000000014
27620,73.33680000000001
27621,74.47540000000023
27622,62.95820000000046
27623,65.20819999999985
27624,64.80999999999993
27625,68.9334000000003
27626,67.25660000000003
27627,66.34679999999979
27628,64.83940000000034
27629,65.72239999999998
27630,67.14640000000016
27631,67.70379999999989
27632,60.25919999999981
27633,67.66699999999994
27634,76.24340000000022
27635,66.80179999999999
27636,65.4190000000002
27637,65.98680000000006
27638,66.01379999999965
27639,63.75499999999973
27640,65.1846
27641,65.9726000000001
27642,65.2740000000001
27643,64.31580000000028
27644,64.34533333333327
27645,64.61139999999993
27646,62.88080000000032
27647,70.02099999999987
27648,65.1880000000002
27649,71.34680000000014
27650,68.46379999999982
27651,64.92480000000018
27652,64.2036
27653,70.82680000000005
27654,58.808600000000055
27655,63.23879999999972
27656,63.16380000000029
27657,77.62239999999996
27658,62.24170000000035
27659,66.30819999999991
27660,64.11200000000022
27661,66.66873333333307
27662,63.41939999999966
27663,65.21760000000013
27664,67.45099999999991
27665,63.091800000000404
27666,71.82780000000007
27667,67.71980000000009
27668,65.10539999999988
27669,65.39560000000003
27670,65.31779999999995
27671,64.1362
27672,70.13619999999995
27673,68.89319999999988
27674,65.78799999999998
27675,64.81599999999997
27676,62.80080000000026
27677,63.979400000000155
27678,64.19000000000003
27679,63.71340000000027
27680,64.90900000000032
27681,64.4220000000002
27682,66.88739999999976
27683,63.56320000000003
27684,67.35999999999993
27685,65.83233333333314
27686,68.94092000000006
27687,67.1716
27688,62.769000000000396
27689,65.99640000000004
27690,62.21266666666657
27691,67.66559999999996
27692,77.10418333333317
27693,65.7666000000002
27694,63.579200000000064
27695,65.46839999999989
27696,73.38500000000002
27697,65.90679999999999
27698,69.51900000000037
27699,73.5004
27700,81.95219999999995
27701,65.84999999999988
27702,66.33279999999978
27703,65.45319999999982
27704,62.94759999999999
27705,65.62759999999984
27706,64.19719999999985
27707,63.6341999999997
27708,63.276200000000344
27709,72.38959999999989
27710,64.88439999999956
27711,66.53460000000018
27712,61.68620000000006
27713,66.78339999999979
27714,64.15379999999988
27715,65.47040000000013
27716,67.82839999999989
27717,66.93480000000004
27718,65.78479999999996
27719,65.75000000000003
27720,68.46859999999997
27721,62.830300000000456
27722,63.69059999999973
27723,66.75139999999998
27724,67.82560000000015
27725,64.23050000000023
27726,67.60120000000035
27727,67.01499999999996
27728,66.4029999999999
27729,67.72439999999986
27730,66.59400000000036
27731,78.57599999999974
27732,71.75680000000001
27733,67.90459999999992
27734,65.71359999999981
27735,70.76199999999994
27736,71.0124
27737,66.22560000000007
27738,62.26072666666684
27739,65.7773999999998
27740,66.04659999999984
27741,65.62780000000032
27742,69.9793999999998
27743,65.31639999999982
27744,68.24379999999987
27745,60.291399999999875
27746,65.61380000000013
27747,63.033600000000305
27748,64.7848999999999
27749,74.47240000000019
27750,63.559000000000246
27751,63.30060000000039
27752,66.34140000000012
27753,65.784
27754,68.25019999999978
27755,66.55469999999993
27756,63.04119999999967
27757,66.48999999999987
27758,63.852
27759,66.82600000000016
27760,64.5216000000002
27761,65.33460000000025
27762,65.56919999999997
27763,63.33359999999986
27764,73.16740000000011
27765,63.96500000000033
27766,63.943200000000246
27767,63.06080000000043
27768,62.985600000000375
27769,66.80739999999966
27770,64.56240000000034
27771,67.51039999999986
27772,64.83599999999997
27773,68.3901999999999
27774,62.216199999999574
27775,63.62899999999965
27776,67.5765999999998
27777,68.3648000000001
27778,66.02500000000006
27779,66.10279999999982
27780,63.36860000000038
27781,72.95300000000005
27782,72.49280000000017
27783,70.48859999999988
27784,69.38532857142845
27785,61.068599999999954
27786,71.4520000000002
27787,63.691600000000236
27788,71.54970000000006
27789,63.58820000000028
27790,69.27700000000006
27791,72.29040000000012
27792,65.62599999999996
27793,63.82979999999973
27794,64.38360000000009
27795,66.27320000000017
27796,66.05099999999996
27797,63.26319999999983
27798,64.41960000000024
27799,66.50359999999988
27800,71.02720000000006
27801,67.21719999999986
27802,68.12180000000004
27803,63.93280000000003
27804,58.724999999999945
27805,66.32300000000001
27806,68.89999999999986
27807,68.88040000000008
27808,69.84620000000001
27809,66.57779999999971
27810,63.78860000000017
27811,62.89880000000035
27812,62.788399999999875
27813,64.62299999999978
27814,61.76820000000022
27815,66.19940000000004
27816,68.52080000000007
27817,66.01380000000013
27818,66.89480000000005
27819,64.04960000000031
27820,64.91659999999997
27821,64.83219999999989
27822,67.48739999999997
27823,67.11400000000002
27824,66.1660000000003
27825,68.46120000000025
27826,65.84240000000003
27827,63.10740000000045
27828,77.07980000000029
27829,64.87479999999995
27830,67.91200000000029
27831,63.96599999999989
27832,66.95939999999996
27833,66.46819999999997
27834,70.89580000000011
27835,64.42259999999978
27836,66.88019999999977
27837,65.79421333333327
27838,64.48219999999984
27839,63.929000000000244
27840,64.53319999999994
27841,66.41180000000008
27842,63.85000000000039
27843,55.42235000000003
27844,64.83939999999973
27845,74.38619999999997
27846,66.06119999999959
27847,69.33259999999989
27848,69.8108
27849,66.53259999999993
27850,63.50680000000023
27851,64.47379999999987
27852,65.31579999999985
27853,65.13259999999994
27854,65.36999999999998
27855,62.204200000000206
27856,62.99000000000044
27857,64.34739999999998
27858,64.82920000000014
27859,67.31160000000007
27860,65.05400000000027
27861,64.54900000000019
27862,65.74780000000003
27863,66.37440000000007
27864,63.71880000000008
27865,62.652800000000255
27866,70.0555999999999
27867,66.45299999999986
27868,65.23680000000019
27869,63.5094000000001
27870,67.45179999999966
27871,64.6537999999998
27872,63.11920000000014
27873,70.87249999999995
27874,65.92599999999993
27875,69.21019999999993
27876,62.54560000000018
27877,63.12760000000034
27878,61.64979999999998
27879,67.12439999999985
27880,66.95799999999974
27881,70.70620000000021
27882,63.197200000000294
27883,64.22200000000032
27884,71.61940000000013
27885,67.55280000000029
27886,65.77900000000022
27887,67.87739999999975
27888,65.79299999999992
27889,72.04440000000012
27890,65.22579999999991
27891,67.5992
27892,68.38499999999983
27893,65.75860000000007
27894,64.83740000000006
27895,67.34639999999976
27896,65.19100000000003
27897,72.11760000000002
27898,63.02780000000043
27899,62.61740000000027
27900,64.81240000000014
27901,65.39060000000015
27902,67.1459999999999
27903,66.58659999999988
27904,65.65100000000037
27905,58.39953285714283
27906,66.84709333333304
27907,64.2107999999999
27908,63.41760000000026
27909,65.0799999999999
27910,57.8994000000001
27911,63.27760000000036
27912,66.71239999999999
27913,60.6947999999999
27914,66.42420000000014
27915,67.26880000000008
27916,67.5519999999999
27917,65.59580000000041
27918,72.35599999999992
27919,64.84539999999988
27920,66.98019999999975
27921,68.15100000000012
27922,66.77099999999994
27923,64.46314999999981
27924,64.09459999999987
27925,66.11460000000008
27926,73.29119999999999
27927,68.88799999999989
27928,66.86439999999985
27929,69.97899999999993
27930,62.90680000000045
27931,63.03620000000028
27932,63.810799999999944
27933,67.35400000000004
27934,63.759199999999865
27935,63.71840000000037
27936,64.56840000000018
27937,71.52119999999984
27938,72.3974
27939,67.17379999999994
27940,64.23079999999979
27941,66.29360000000014
27942,65.60922999999995
27943,64.38260000000011
27944,69.77359999999983
27945,66.89040000000001
27946,66.21459999999983
27947,68.57879999999996
27948,63.9096
27949,67.47259999999973
27950,63.50900000000045
27951,64.4719999999999
27952,65.12039999999989
27953,63.15740000000041
27954,71.47360000000005
27955,66.87260000000022
27956,66.50179999999982
27957,64.48600000000013
27958,65.21860000000002
27959,63.21740000000043
27960,65.31899999999975
27961,76.96060000000013
27962,64.14000000000019
27963,65.25159999999987
27964,66.40980000000006
27965,66.3348000000001
27966,66.45199999999973
27967,64.40960000000001
27968,64.44740000000004
27969,56.55860000000036
27970,62.98420000000029
27971,64.42000000000021
27972,63.61060000000031
27973,64.36139999999997
27974,63.838200000000285
27975,69.90399999999985
27976,66.03200000000008
27977,65.79713333333311
27978,63.80720000000021
27979,65.86820000000019
27980,65.99659999999994
27981,66.93079999999989
27982,64.76820000000025
27983,64.50440000000012
27984,66.07319999999993
27985,63.310200000000265
27986,67.48980000000013
27987,66.48660000000007
27988,63.7321999999998
27989,63.29339999999966
27990,65.06219999999996
27991,66.16120000000014
27992,64.51499999999997
27993,64.90040000000005
27994,65.34399999999985
27995,65.69779999999967
27996,66.80629999999982
27997,66.0581999999997
27998,72.56900000000009
27999,63.857600000000154
28000,66.49099999999987
28001,67.3712000000001
28002,68.08879999999989
28003,66.27580000000006
28004,66.18240000000003
28005,70.62080000000005
28006,70.40939999999992
28007,68.52139999999997
28008,64.80779999999996
28009,63.62200000000006
28010,70.32019999999993
28011,67.47619999999989
28012,62.73620000000039
28013,66.40979999999993
28014,68.47500000000034
28015,59.40739999999994
28016,69.19579999999996
28017,67.28939999999997
28018,66.38359999999996
28019,59.45728000000032
28020,62.09759999999993
28021,64.59099999999997
28022,68.68739999999983
28023,64.0478000000003
28024,65.3505999999999
28025,66.17960000000019
28026,67.18179999999974
28027,75.74679999999981
28028,64.32699999999996
28029,64.25460000000012
28030,65.04780000000031
28031,66.74529999999992
28032,64.27480000000004
28033,67.84019999999988
28034,67.17139999999996
28035,58.99100000000036
28036,64.96939999999967
28037,64.39360000000025
28038,66.37499999999996
28039,66.19840000000009
28040,64.2619999999997
28041,66.69039999999993
28042,63.940000000000374
28043,64.7231999999998
28044,67.09920000000001
28045,72.75640000000007
28046,64.83460000000025
28047,65.71480000000007
28048,63.38839999999998
28049,66.24680000000008
28050,65.5766
28051,64.58040000000001
28052,61.75740000000001
28053,66.32900000000011
28054,68.12499999999993
28055,66.60899999999998
28056,64.2253999999999
28057,65.65659999999994
28058,64.36419999999991
28059,66.41599999999988
28060,65.12939999999965
28061,65.74480000000004
28062,67.09599999999982
28063,64.0442000000004
28064,66.12120000000014
28065,63.189000000000405
28066,69.7015999999997
28067,65.90279999999984
28068,64.97620000000032
28069,64.37339999999996
28070,72.91780000000001
28071,65.10459999999978
28072,64.35819999999991
28073,64.94820000000021
28074,63.95360000000004
28075,83.02859999999997
28076,65.68340000000012
28077,60.80660000000011
28078,66.55420000000002
28079,64.47399999999973
28080,65.2679999999999
28081,63.539800000000234
28082,65.15219999999998
28083,64.63240000000003
28084,73.21359999999996
28085,64.81513333333343
28086,68.79539999999999
28087,67.834
28088,63.5958000000003
28089,61.87960000000004
28090,67.12180000000008
28091,70.09660000000012
28092,65.77919999999982
28093,64.59199999999963
28094,67.63959999999994
28095,65.76179999999975
28096,65.59320000000017
28097,69.06899999999982
28098,63.966999999999686
28099,67.48960000000002
28100,64.73779999999985
28101,68.12940000000008
28102,66.00359999999979
28103,63.53500000000025
28104,74.04148571428571
28105,63.961020000000175
28106,65.12980000000006
28107,71.66760000000005
28108,67.04999999999981
28109,66.36380000000023
28110,66.62479999999975
28111,65.9448000000002
28112,64.94779999999994
28113,69.54440000000022
28114,67.81839999999976
28115,69.38079999999987
28116,64.5524000000002
28117,76.56979999999996
28118,63.94940000000023
28119,66.34099999999984
28120,71.06719999999991
28121,63.19240000000029
28122,62.88779999999975
28123,67.02480000000003
28124,67.57199999999995
28125,64.96959999999982
28126,63.9884000000003
28127,72.1806000000002
28128,73.9839999999998
28129,63.71400000000021
28130,65.68739999999988
28131,67.05600000000014
28132,74.1448000000001
28133,65.40099999999995
28134,63.65500000000003
28135,61.428200000000245
28136,66.64919999999994
28137,66.65420000000003
28138,67.03660000000002
28139,66.19140000000012
28140,65.99599999999992
28141,64.92040000000027
28142,65.48800000000008
28143,63.85600000000021
28144,70.0734
28145,71.24980000000001
28146,67.40079999999979
28147,64.61359999999999
28148,65.35059999999974
28149,69.82599999999988
28150,65.53540000000008
28151,70.29020000000007
28152,63.18740000000044
28153,65.40659999999973
28154,65.66280000000022
28155,67.9558000000005
28156,62.96420000000022
28157,63.880199999999974
28158,66.94840000000009
28159,62.9140000000004
28160,68.4602000000001
28161,69.2837999999998
28162,66.61959999999978
28163,67.22040000000008
28164,63.005800000000306
28165,71.24439999999969
28166,64.76119999999983
28167,69.08299999999993
28168,72.23359999999985
28169,63.282299999999935
28170,72.83700000000006
28171,67.67479999999982
28172,68.63579999999986
28173,64.21000000000046
28174,63.760200000000076
28175,64.96799999999976
28176,65.0558000000003
28177,67.28020000000016
28178,66.14439999999976
28179,69.04660000000001
28180,69.24479999999984
28181,64.7191999999999
28182,72.29719999999992
28183,74.07840000000012
28184,67.39599999999987
28185,64.73239999999996
28186,62.738400000000105
28187,65.92619999999971
28188,68.45100000000016
28189,67.12659999999993
28190,64.73620000000001
28191,73.16320000000007
28192,66.80540000000012
28193,64.57139999999995
28194,64.5368000000001
28195,64.07120000000035
28196,67.17820000000013
28197,68.83819999999996
28198,63.55100000000024
28199,67.83379999999991
28200,65.21939999999982
28201,64.67399999999985
28202,66.05340000000005
28203,64.22439999999969
28204,68.99080000000008
28205,63.38579999999998
28206,64.88399999999989
28207,64.42979999999997
28208,59.8293999999999
28209,63.21080000000026
28210,66.55219999999991
28211,66.64520000000012
28212,66.90700000000031
28213,62.75040000000028
28214,66.55359999999983
28215,65.64599999999977
28216,69.15260000000002
28217,71.56239999999978
28218,66.06099999999995
28219,69.84600000000006
28220,69.3299999999998
28221,68.05759999999998
28222,64.01419999999966
28223,61.52720000000001
28224,67.70179999999989
28225,65.98359999999975
28226,64.72140000000032
28227,68.10999999999997
28228,69.47300000000001
28229,67.04279999999993
28230,64.84960000000024
28231,71.19320000000015
28232,63.902999999999906
28233,69.27840000000027
28234,64.45040000000027
28235,64.60819999999993
28236,74.09119999999972
28237,65.74999999999999
28238,61.56079999999971
28239,64.37980000000016
28240,63.29300000000026
28241,65.0905999999999
28242,66.43000000000012
28243,63.52039999999989
28244,64.76680000000002
28245,65.9252000000001
28246,65.49940000000035
28247,64.38900000000001
28248,66.08879999999985
28249,65.07479999999966
28250,66.32079999999998
28251,65.9627500000002
28252,63.13660000000037
28253,64.28099999999992
28254,68.55519999999996
28255,64.28139999999979
28256,66.55339999999997
28257,65.68680000000005
28258,64.25712000000001
28259,63.68359999999995
28260,66.50059999999998
28261,68.32700000000008
28262,72.11299999999996
28263,72.99159999999982
28264,72.43780000000017
28265,64.7346000000001
28266,63.58219999999973
28267,63.051799999999695
28268,67.67919999999991
28269,63.36899999999991
28270,64.40139999999973
28271,64.01959999999987
28272,62.369600000000084
28273,65.48419999999977
28274,64.04526666666685
28275,69.02499999999999
28276,68.64859999999993
28277,66.12840000000011
28278,65.70959999999997
28279,61.295199999999745
28280,65.47320000000035
28281,63.66420000000002
28282,66.1523999999998
28283,68.57860000000005
28284,63.4020000000001
28285,66.52579999999978
28286,65.93580000000013
28287,66.97940000000011
28288,67.66079999999972
28289,67.15239999999997
28290,63.69580000000021
28291,65.8826000000001
28292,70.44359999999993
28293,66.87979999999976
28294,72.18459999999997
28295,70.82560000000005
28296,66.30859999999994
28297,64.5568000000002
28298,77.26043999999987
28299,67.6693999999998
28300,62.91840000000041
28301,64.6056
28302,68.41840000000012
28303,63.272400000000395
28304,67.11120000000001
28305,66.46419999999989
28306,66.36439999999988
28307,65.12839999999993
28308,67.80319999999992
28309,64.2188000000001
28310,63.41240000000009
28311,64.70460000000007
28312,70.6013999999999
28313,67.8029999999999
28314,68.74300000000004
28315,59.266400000000374
28316,69.30180000000014
28317,66.98979999999986
28318,64.89959999999981
28319,65.44919999999999
28320,68.3208
28321,73.97579999999965
28322,62.66280000000006
28323,69.63259999999995
28324,65.9231999999999
28325,65.01939999999995
28326,63.46260000000012
28327,69.30600000000013
28328,69.33300000000011
28329,64.60180000000015
28330,64.19260000000043
28331,64.71100000000004
28332,67.06719999999977
28333,66.0445333333334
28334,64.19359999999962
28335,66.85879999999999
28336,64.62080000000032
28337,68.73719999999973
28338,63.42999999999968
28339,63.498799999999804
28340,60.248199999999954
28341,64.5174000000001
28342,64.79033999999983
28343,74.9188000000001
28344,65.03000000000026
28345,66.88279999999963
28346,65.12000000000013
28347,63.516599999999585
28348,62.63639999999952
28349,64.74680000000022
28350,62.95780000000046
28351,64.19939999999998
28352,65.51000000000013
28353,66.87959999999975
28354,65.09500000000023
28355,66.7708999999998
28356,58.19360000000034
28357,65.14779999999978
28358,67.61799999999987
28359,67.9000666666666
28360,62.35640000000037
28361,68.84245000000013
28362,63.71820000000013
28363,73.16819999999974
28364,63.7543999999998
28365,64.59879999999978
28366,63.981200000000186
28367,65.14539999999997
28368,63.008599999999895
28369,64.05479999999994
28370,65.89299999999967
28371,63.45899999999995
28372,64.08380000000021
28373,65.03560000000014
28374,64.18599999999991
28375,64.13540000000017
28376,67.56379999999974
28377,68.5953999999998
28378,73.12760000000009
28379,65.02740000000016
28380,72.56340000000021
28381,62.712599999999945
28382,67.63200000000002
28383,63.236000000000466
28384,68.16939999999984
28385,64.05699999999995
28386,66.5970000000001
28387,67.04260000000002
28388,58.98031333333369
28389,60.94140000000021
28390,68.4658000000001
28391,69.35220000000014
28392,65.10579999999965
28393,54.41379999999977
28394,67.24159999999992
28395,70.61689999999993
28396,61.27819999999991
28397,66.15739999999988
28398,66.60620000000011
28399,65.44500000000008
28400,68.40659999999949
28401,67.31479999999996
28402,62.09980000000001
28403,64.99099999999987
28404,64.92420000000006
28405,65.93019999999999
28406,65.3741999999997
28407,76.9066000000001
28408,64.06000000000007
28409,72.10019999999997
28410,65.36879999999996
28411,62.672999999999995
28412,70.28060000000002
28413,64.08919999999966
28414,66.10739999999997
28415,63.70999999999979
28416,68.40919999999993
28417,68.93440000000012
28418,65.01480000000008
28419,63.994200000000205
28420,65.6938000000001
28421,70.98699999999987
28422,69.71199999999989
28423,66.49580000000005
28424,64.81039999999963
28425,75.99259999999992
28426,71.28599999999996
28427,66.49139999999987
28428,66.26660000000004
28429,71.07508571428593
28430,65.4261999999997
28431,65.89680000000004
28432,67.51820000000019
28433,66.2731999999999
28434,63.81200000000025
28435,67.99339999999992
28436,66.94920000000005
28437,65.36899999999986
28438,70.52239999999993
28439,62.73299999999955
28440,64.81699999999978
28441,66.41439999999987
28442,63.54340000000007
28443,66.5362
28444,64.13779999999988
28445,65.54280000000007
28446,66.25719999999987
28447,63.90599999999987
28448,65.80239999999996
28449,63.569500000000254
28450,67.19880000000002
28451,65.14839999999998
28452,66.17419999999971
28453,72.11480000000012
28454,64.73879999999994
28455,64.79380000000003
28456,66.28179999999998
28457,66.42860000000005
28458,63.79419999999988
28459,64.18200000000007
28460,63.14619999999977
28461,62.57260000000035
28462,63.900400000000126
28463,66.99560000000007
28464,65.05719999999992
28465,66.27559999999991
28466,62.07280000000026
28467,59.14079999999976
28468,65.36640000000023
28469,66.11479999999995
28470,65.5476
28471,65.18099999999976
28472,70.44799999999982
28473,66.28780000000016
28474,67.48199999999996
28475,63.9621999999999
28476,65.8760000000001
28477,63.56720000000025
28478,65.90440000000015
28479,81.4577999999999
28480,63.052199999999765
28481,65.25020000000025
28482,65.64080000000025
28483,64.82819999999967
28484,66.12839999999984
28485,66.97079999999984
28486,66.71820000000028
28487,63.75500000000027
28488,67.98800000000003
28489,69.22840000000004
28490,67.34060000000011
28491,62.726400000000346
28492,64.0448000000004
28493,64.93519999999982
28494,67.66560000000004
28495,68.16033333333333
28496,68.76160000000002
28497,73.85860000000018
28498,63.61139999999977
28499,69.54659999999966
28500,64.61760000000002
28501,68.02400000000006
28502,63.28780000000027
28503,66.24799999999998
28504,71.87320000000012
28505,67.90219999999981
28506,66.3826
28507,64.22079999999994
28508,62.71660000000036
28509,65.98519999999989
28510,63.08860000000039
28511,65.18160000000022
28512,63.99370000000033
28513,63.13680000000006
28514,65.78000000000011
28515,64.05140000000034
28516,64.67840000000008
28517,69.68439999999985
28518,65.83959999999985
28519,63.35460000000028
28520,70.42980000000007
28521,66.81059999999952
28522,73.31859999999992
28523,65.65580000000011
28524,78.79519999999997
28525,64.61719999999993
28526,64.59979999999979
28527,68.00560000000014
28528,68.36280000000002
28529,64.56620000000042
28530,71.87520000000022
28531,69.23599999999982
28532,59.79580000000005
28533,67.03599999999986
28534,65.11619999999999
28535,66.03360000000026
28536,64.88150000000019
28537,69.36640000000023
28538,71.02279999999995
28539,72.68860000000019
28540,65.27500000000005
28541,67.73939999999992
28542,63.37480000000035
28543,60.710600000000284
28544,62.71120000000024
28545,63.125400000000255
28546,64.83180000000002
28547,69.6611999999999
28548,68.13319999999975
28549,71.52680000000002
28550,66.7363999999999
28551,64.96300000000022
28552,57.043750000000095
28553,67.7579999999998
28554,63.81100000000025
28555,65.70740000000009
28556,55.35719000000008
28557,67.58119999999997
28558,60.77520000000015
28559,64.16799999999972
28560,71.47259999999997
28561,63.39760000000033
28562,61.442800000000396
28563,65.57600000000035
28564,65.29640000000008
28565,63.54340000000034
28566,66.80019999999976
28567,67.27220000000032
28568,62.97439999999996
28569,64.60000000000026
28570,66.74239999999995
28571,66.55459999999987
28572,64.82000000000019
28573,74.12535238095244
28574,66.13939999999977
28575,65.70420000000006
28576,65.2646000000002
28577,62.63220000000018
28578,64.23259999999993
28579,64.71840000000014
28580,65.5404
28581,65.02500000000018
28582,66.9370000000001
28583,65.69719999999967
28584,65.05600000000005
28585,67.76579999999997
28586,68.26960000000021
28587,69.65260000000012
28588,67.63960000000006
28589,76.36299999999999
28590,71.21599999999994
28591,63.30640000000028
28592,64.61760000000012
28593,61.61559999999995
28594,66.48399999999971
28595,63.14099999999971
28596,71.8032999999999
28597,63.96520000000031
28598,63.10640000000044
28599,68.37319999999988
28600,65.20580000000032
28601,74.96880000000003
28602,63.30660000000012
28603,64.73480000000025
28604,66.01299999999975
28605,68.76002333333341
28606,69.89299999999994
28607,62.83359999999965
28608,72.04220000000014
28609,65.38740000000016
28610,68.37480000000006
28611,61.81839999999989
28612,65.41719999999991
28613,59.17299999999998
28614,66.0038000000002
28615,63.427200000000184
28616,63.716199999999986
28617,70.27199999999992
28618,65.19300000000015
28619,65.3502
28620,65.37579999999981
28621,66.37980000000002
28622,64.91619999999978
28623,65.1366000000002
28624,68.29260000000004
28625,69.01080000000007
28626,65.29779999999964
28627,73.08939999999983
28628,63.343000000000046
28629,65.63919999999969
28630,66.87259999999992
28631,64.3202000000003
28632,70.6578000000001
28633,65.50599999999983
28634,65.57080000000026
28635,65.22700000000027
28636,62.808200000000355
28637,67.54739999999983
28638,65.50800000000011
28639,64.77660000000027
28640,64.62599999999995
28641,63.63440000000019
28642,68.86900000000004
28643,63.0670000000003
28644,62.84619999999964
28645,64.36540000000012
28646,64.49879999999963
28647,67.07720000000005
28648,63.969599999999936
28649,66.4804000000001
28650,68.5927999999998
28651,63.52959999999955
28652,65.32899999999987
28653,62.855399999999634
28654,68.0511999999997
28655,67.36399999999973
28656,60.29620000000004
28657,67.72460000000001
28658,66.48819999999984
28659,69.3746
28660,65.15719999999992
28661,66.30899999999997
28662,68.12699999999987
28663,65.03990000000032
28664,64.9774000000002
28665,65.24879999999992
28666,65.46920000000017
28667,63.46340000000027
28668,64.10220000000034
28669,65.01500000000017
28670,64.60340000000025
28671,62.5060000000004
28672,66.86639999999993
28673,63.022399999999806
28674,62.938799999999645
28675,67.30559999999988
28676,66.14140000000008
28677,68.56159999999979
28678,62.427199999999736
28679,69.08020000000008
28680,67.72800000000015
28681,65.52960000000009
28682,66.3701999999998
28683,63.98959999999997
28684,65.81739999999976
28685,60.902000000000164
28686,75.2374
28687,64.91360000000027
28688,66.09499999999984
28689,69.08580000000009
28690,66.39499999999987
28691,69.95940000000009
28692,70.13159999999992
28693,67.1930000000001
28694,65.50620000000029
28695,67.36520000000002
28696,65.06720000000018
28697,66.02489999999993
28698,66.03480000000002
28699,63.840600000000435
28700,64.25399999999995
28701,72.26160000000027
28702,66.08259999999991
28703,67.54519999999987
28704,66.8589999999997
28705,68.52160000000016
28706,64.16080000000032
28707,66.99219999999995
28708,66.8143999999999
28709,63.91259999999969
28710,67.73080000000034
28711,65.02860000000003
28712,66.3397999999999
28713,65.31239999999994
28714,66.83139999999996
28715,64.85120000000003
28716,64.11239999999995
28717,65.48819999999986
28718,68.05659999999993
28719,67.9708000000001
28720,66.64540000000004
28721,69.60559999999997
28722,68.40579999999986
28723,65.37100000000015
28724,65.47860000000026
28725,63.0262000000004
28726,65.5494000000002
28727,66.22460000000024
28728,68.70360000000011
28729,65.20719999999993
28730,77.12620000000034
28731,65.65519999999987
28732,64.82739999999997
28733,63.440399999999826
28734,63.81339999999973
28735,69.4884000000001
28736,66.10439999999991
28737,68.35759999999993
28738,64.4304
28739,63.532600000000315
28740,67.42820000000027
28741,63.07040000000038
28742,63.60119999999999
28743,75.0378
28744,65.99299999999972
28745,59.24040000000039
28746,63.30179999999965
28747,63.151399999999754
28748,72.70359999999984
28749,68.50900000000006
28750,69.34120000000006
28751,67.76399999999994
28752,65.41039999999994
28753,67.78620000000002
28754,68.5269999999999
28755,72.36059999999988
28756,69.65259999999988
28757,82.0391999999999
28758,66.00219999999973
28759,66.87339999999999
28760,64.77940000000017
28761,65.31480000000015
28762,66.86740000000007
28763,63.77250000000026
28764,64.19879999999993
28765,64.10419999999995
28766,73.1413999999999
28767,73.7840000000002
28768,64.88979999999994
28769,68.94979999999993
28770,66.68340000000006
28771,62.542600000000206
28772,64.63920000000033
28773,65.37792000000015
28774,67.91819999999997
28775,65.20780000000019
28776,60.40779999999966
28777,65.49880000000023
28778,65.5751000000002
28779,69.42499999999986
28780,65.8250000000001
28781,66.68000000000002
28782,68.31839999999987
28783,66.60799999999999
28784,69.00760000000012
28785,65.82839999999986
28786,62.772999999999506
28787,65.81339999999996
28788,66.63720000000006
28789,56.85219999999985
28790,64.18040000000006
28791,61.013600000000324
28792,70.16220000000014
28793,65.81960000000002
28794,66.27320000000017
28795,65.81240000000014
28796,67.0651999999999
28797,66.26760000000007
28798,65.2718000000002
28799,65.12679999999979
28800,66.897
28801,66.91580000000002
28802,58.60665666666654
28803,64.3590000000002
28804,66.52399999999987
28805,62.16520000000005
28806,63.833399999999855
28807,63.314200000000326
28808,67.85620000000003
28809,77.61160000000001
28810,62.80980000000032
28811,70.60419999999992
28812,66.76240000000003
28813,65.96199999999995
28814,67.51220000000038
28815,62.972400000000185
28816,65.8629999999999
28817,65.68740000000007
28818,67.16799999999988
28819,64.49580000000016
28820,64.95400000000015
28821,68.19840000000006
28822,65.57559999999992
28823,66.64679999999986
28824,67.49520000000005
28825,66.278
28826,64.12600000000023
28827,65.56259999999997
28828,66.81899999999989
28829,70.96380000000008
28830,66.18787999999992
28831,64.21620000000031
28832,66.36620000000036
28833,65.51040000000017
28834,66.57860000000002
28835,67.55319999999965
28836,72.17099999999999
28837,73.02880000000002
28838,69.0378000000002
28839,66.94939999999988
28840,65.23640000000003
28841,63.92779999999996
28842,63.054399999999646
28843,62.9977999999998
28844,66.65919999999991
28845,62.105799999999995
28846,65.63960000000006
28847,67.9848000000001
28848,58.119200000000305
28849,66.30439999999967
28850,60.692799999999934
28851,66.32839999999986
28852,64.91319999999982
28853,66.85619999999966
28854,66.88600000000017
28855,69.5501999999998
28856,63.99620000000033
28857,63.10999999999965
28858,60.6328000000002
28859,65.1462000000001
28860,68.05959999999972
28861,72.8916
28862,65.556
28863,60.192599999999615
28864,72.17459999999994
28865,61.531799999999976
28866,64.10079999999999
28867,63.957800000000226
28868,68.21159999999989
28869,63.913399999999854
28870,62.850600000000206
28871,61.496000000000066
28872,64.75026666666692
28873,66.09199999999986
28874,66.3754
28875,60.12139999999961
28876,62.77780000000021
28877,65.98939999999993
28878,64.7395999999999
28879,60.885600000000224
28880,63.802599999999956
28881,66.21419999999998
28882,67.00700000000016
28883,63.59040000000029
28884,68.39899999999984
28885,63.67026666666679
28886,66.29819999999965
28887,68.17160000000011
28888,66.25199999999978
28889,63.36020000000023
28890,62.64494999999983
28891,64.24960000000016
28892,60.90819999999976
28893,65.35879999999996
28894,71.28860000000003
28895,64.68800000000013
28896,65.76560000000022
28897,66.93269999999974
28898,64.29200000000002
28899,74.40059999999993
28900,68.87440000000005
28901,67.17059999999992
28902,64.75139999999989
28903,62.42020000000027
28904,65.16040000000008
28905,63.313600000000264
28906,67.27939999999992
28907,61.72919999999984
28908,63.031400000000275
28909,63.84380000000028
28910,63.02499999999966
28911,62.838200000000356
28912,66.32419999999993
28913,65.0971999999999
28914,67.71420000000012
28915,64.72379999999967
28916,65.73459999999983
28917,67.83860000000011
28918,65.43179999999975
28919,62.93419999999977
28920,77.87239999999987
28921,64.93280000000007
28922,68.62699999999978
28923,66.66440000000014
28924,65.78040000000018
28925,63.47900000000021
28926,63.684800000000045
28927,67.53339999999973
28928,69.26499999999969
28929,69.80399999999993
28930,64.35100000000018
28931,67.66580000000042
28932,62.74119999999952
28933,64.33219999999986
28934,65.95519999999989
28935,67.02359999999996
28936,65.05779999999992
28937,60.74399999999953
28938,66.35939999999982
28939,66.77200000000005
28940,71.51479999999995
28941,64.34520000000042
28942,62.932400000000435
28943,65.89119999999996
28944,68.12399999999998
28945,63.721399999999804
28946,66.6434
28947,67.13160000000025
28948,66.07079999999982
28949,63.33340000000025
28950,67.13000000000001
28951,75.30519999999991
28952,62.9539999999998
28953,66.08419999999992
28954,63.53980000000037
28955,66.71839999999987
28956,57.1164000000003
28957,72.11280000000006
28958,64.11619999999995
28959,67.42000000000009
28960,66.98819999999985
28961,65.95760000000013
28962,74.06599999999995
28963,65.2800000000001
28964,65.58779999999987
28965,65.4042
28966,72.60760000000005
28967,68.25399999999982
28968,66.38699999999983
28969,65.8223999999998
28970,64.27500000000002
28971,67.71939999999985
28972,67.22600000000007
28973,66.5629999999999
28974,66.64319999999978
28975,67.59519999999985
28976,62.62359999999996
28977,65.43419999999995
28978,63.108600000000244
28979,71.06779999999989
28980,63.42060000000036
28981,67.05590000000011
28982,63.53099999999972
28983,64.66940000000028
28984,70.41959999999993
28985,70.47540000000008
28986,62.441400000000044
28987,63.85959999999957
28988,66.51139999999992
28989,61.669999999999995
28990,68.62780000000011
28991,64.82440000000013
28992,67.17300000000021
28993,68.21919999999996
28994,65.37980000000012
28995,68.8142000000001
28996,68.40239999999986
28997,64.68100000000014
28998,64.37719999999995
28999,66.79879999999997
29000,66.77379999999971
29001,64.54180000000012
29002,65.16359999999976
29003,64.25359999999995
29004,69.53720000000008
29005,64.97659999999995
29006,67.40159999999969
29007,66.29099999999968
29008,66.05579999999986
29009,64.89179999999982
29010,67.28359999999977
29011,68.07579999999986
29012,65.79679999999985
29013,68.96480000000012
29014,66.54119999999975
29015,67.60439999999981
29016,67.4152000000001
29017,69.88799999999999
29018,65.29339999999979
29019,56.151600000000215
29020,59.451600000000326
29021,61.16459999999982
29022,66.37300000000006
29023,68.09040000000022
29024,68.06480000000026
29025,65.79939999999989
29026,63.96060000000013
29027,69.95640000000006
29028,69.32739999999986
29029,63.562799999999875
29030,65.09280000000015
29031,67.25699999999996
29032,65.27360000000023
29033,64.7728000000001
29034,71.86379999999981
29035,65.51780000000002
29036,66.50639999999989
29037,69.99820000000007
29038,83.26080000000002
29039,62.696799999999506
29040,63.78319999999959
29041,64.81759999999989
29042,66.2399999999998
29043,65.46020000000024
29044,66.16779999999974
29045,74.22459999999975
29046,65.15020000000018
29047,66.22880000000004
29048,66.12440000000004
29049,67.6753999999997
29050,69.50919999999974
29051,65.42759999999986
29052,64.32959999999986
29053,66.74200000000005
29054,66.75299999999994
29055,66.58480000000013
29056,63.91759999999982
29057,65.86879999999977
29058,62.62859999999948
29059,65.62279999999978
29060,72.17408571428575
29061,65.50979999999991
29062,68.11499999999982
29063,70.03104000000022
29064,58.9805999999999
29065,63.795
29066,69.5216
29067,66.03620000000015
29068,64.84799999999991
29069,64.21660000000006
29070,65.92999999999977
29071,66.10780000000008
29072,67.00519999999999
29073,65.15219999999998
29074,65.04419999999996
29075,70.31460000000003
29076,62.84720000000026
29077,64.97380000000015
29078,59.01660000000006
29079,66.3751999999999
29080,68.19319999999985
29081,57.342518888888804
29082,70.89979999999987
29083,63.84440000000028
29084,65.76739999999985
29085,77.19319999999999
29086,66.25700000000008
29087,65.88220000000015
29088,65.0789999999998
29089,65.76740000000017
29090,65.76599999999998
29091,63.55920000000008
29092,67.17459999999994
29093,65.1634
29094,66.20960000000002
29095,66.43059999999991
29096,62.78140000000038
29097,68.22819999999992
29098,64.21359999999976
29099,64.32599999999998
29100,66.4994000000001
29101,66.35939999999987
29102,65.15960000000008
29103,66.30299999999978
29104,66.79559999999975
29105,66.25219999999977
29106,65.60679999999972
29107,72.16559999999991
29108,68.45119999999994
29109,63.306000000000395
29110,63.10780000000036
29111,66.27319999999953
29112,65.99680000000035
29113,58.55780000000013
29114,66.98599999999996
29115,64.18560000000002
29116,66.88379999999974
29117,65.70860000000003
29118,66.46379999999986
29119,66.69279999999976
29120,68.9122
29121,66.15039999999979
29122,68.10879999999993
29123,71.0627999999999
29124,65.26640000000023
29125,71.31490000000029
29126,66.45880000000021
29127,63.43459999999995
29128,79.93140000000008
29129,63.61445000000016
29130,64.18299999999971
29131,63.587200000000195
29132,68.45240000000003
29133,61.523000000000216
29134,64.51440000000012
29135,68.16800000000018
29136,64.02399999999972
29137,63.780400000000064
29138,65.34279999999993
29139,66.67439999999984
29140,67.54999999999991
29141,64.9702000000003
29142,64.32659999999979
29143,66.21540000000012
29144,65.39180000000013
29145,74.63160000000002
29146,65.07059999999998
29147,63.29560000000032
29148,64.02819999999998
29149,64.67320000000018
29150,66.38219999999981
29151,72.92579999999981
29152,62.17560000000007
29153,63.603599999999744
29154,66.90520000000006
29155,65.7066000000001
29156,64.91639999999997
29157,67.71019999999994
29158,63.904799999999746
29159,64.80780000000024
29160,66.50719999999994
29161,65.42919999999991
29162,64.6092
29163,66.69779999999983
29164,65.0112000000003
29165,64.49719999999992
29166,71.23739999999994
29167,63.64179999999985
29168,65.55539999999992
29169,70.88519999999991
29170,67.71139999999981
29171,63.4032000000004
29172,68.80040000000004
29173,62.925600000000394
29174,64.85119999999998
29175,64.63559999999997
29176,70.02479999999984
29177,68.2996000000001
29178,67.37179999999967
29179,60.77919999999965
29180,68.16839999999958
29181,66.39039999999997
29182,64.00460000000037
29183,64.91860000000028
29184,64.30959999999999
29185,64.38640000000008
29186,69.40519999999985
29187,65.36340000000028
29188,68.34659999999975
29189,64.11980000000001
29190,66.21539999999985
29191,62.83100000000046
29192,66.82279999999982
29193,65.0863999999999
29194,66.0113999999998
29195,72.36460000000001
29196,68.12639999999988
29197,67.6768000000002
29198,65.26120000000031
29199,71.4336000000001
29200,67.16459999999964
29201,62.76440000000049
29202,63.81480000000019
29203,69.46659999999997
29204,64.77899999999991
29205,67.63979999999994
29206,66.0966
29207,62.394799999999805
29208,64.26906666666656
29209,65.58619999999982
29210,62.90640000000047
29211,65.79279999999972
29212,62.979000000000454
29213,72.15420000000002
29214,64.04459999999997
29215,65.30700000000017
29216,77.11459999999981
29217,66.11279999999998
29218,62.85599999999959
29219,65.93319999999981
29220,66.21200000000009
29221,65.35079999999977
29222,64.81820000000025
29223,71.30480000000021
29224,62.429670909091065
29225,64.23639999999983
29226,65.87360000000004
29227,63.713600000000355
29228,65.88119999999994
29229,63.416199999999954
29230,63.907999999999895
29231,70.50820000000014
29232,66.39939999999999
29233,66.13480000000031
29234,66.59339999999989
29235,63.05059999999982
29236,68.36139999999972
29237,65.68640000000005
29238,66.22399999999968
29239,72.3119999999998
29240,67.53299999999999
29241,67.56920000000007
29242,60.2362000000002
29243,66.02020000000006
29244,64.29980000000003
29245,64.5927999999999
29246,62.69439999999994
29247,69.0378000000002
29248,65.13879999999996
29249,64.01779999999998
29250,64.81580000000017
29251,66.47460000000004
29252,63.998599999999975
29253,64.05080000000024
29254,62.829120000000316
29255,65.25479999999999
29256,66.44540000000029
29257,66.87179999999996
29258,64.10620000000024
29259,74.94560000000007
29260,64.54419999999992
29261,64.21459999999998
29262,66.0983999999999
29263,66.50639999999964
29264,71.02680000000008
29265,59.87780000000002
29266,64.22460000000005
29267,60.20059999999969
29268,65.82799999999988
29269,65.78660000000012
29270,71.08120000000011
29271,64.85660000000028
29272,70.74020000000016
29273,66.10199999999958
29274,62.868799999999766
29275,63.383000000000244
29276,73.19739999999983
29277,68.4487999999998
29278,69.50039999999998
29279,72.04940000000008
29280,67.90100000000004
29281,71.7101999999999
29282,63.84600000000004
29283,64.45000000000026
29284,65.3295999999998
29285,65.56000000000029
29286,67.81259999999996
29287,72.65579999999997
29288,58.89100000000029
29289,66.54859999999987
29290,63.798800000000135
29291,63.27060000000021
29292,77.4707999999999
29293,65.17360000000019
29294,67.98179999999977
29295,68.07779999999987
29296,64.14639999999996
29297,68.34819999999976
29298,66.23919999999984
29299,65.6493999999999
29300,66.31779999999986
29301,65.81939999999973
29302,63.93960000000026
29303,67.0613999999995
29304,63.234399999999994
29305,65.9015999999999
29306,66.34139999999975
29307,68.53420000000007
29308,68.89699999999995
29309,66.04644999999998
29310,61.78319999999989
29311,69.02819999999984
29312,65.59
29313,64.93829999999998
29314,65.50999999999996
29315,65.09099999999991
29316,67.87599999999993
29317,61.78920000000007
29318,65.39159999999994
29319,65.53280000000005
29320,65.53899999999989
29321,64.30820000000041
29322,68.1362
29323,67.98640000000006
29324,65.3303999999999
29325,63.9176000000001
29326,63.1240400000003
29327,64.9193999999996
29328,66.96419999999993
29329,68.12799999999987
29330,64.90740000000014
29331,72.65079999999946
29332,63.427600000000034
29333,64.7394000000002
29334,63.579
29335,64.91000000000008
29336,66.18900000000018
29337,63.5672000000003
29338,75.10199999999976
29339,64.55279999999992
29340,61.362399999999774
29341,67.43179999999964
29342,64.60420000000002
29343,65.55459999999997
29344,63.26440000000026
29345,71.21140000000001
29346,65.47959999999978
29347,64.94040000000024
29348,69.05640000000001
29349,63.38880000000015
29350,65.91180000000028
29351,66.63180000000007
29352,70.86699999999986
29353,70.34740000000014
29354,65.63640000000034
29355,73.60019999999999
29356,63.48559999999965
29357,65.26459999999985
29358,64.49719999999971
29359,62.25939999999982
29360,71.1434000000001
29361,66.02199999999985
29362,67.15139999999995
29363,67.40359999999984
29364,64.83300000000011
29365,68.92899999999989
29366,66.41760000000006
29367,63.957500000000174
29368,69.0207999999999
29369,72.9416
29370,66.23979999999983
29371,67.06120000000021
29372,66.74979999999985
29373,65.39440000000003
29374,61.039000000000044
29375,64.38780000000035
29376,74.4768
29377,67.13960000000012
29378,68.34039999999989
29379,68.06660000000011
29380,73.845
29381,64.60879999999997
29382,71.82600000000001
29383,65.17640000000021
29384,66.61980000000007
29385,66.41559999999998
29386,62.895600000000364
29387,63.11779999999971
29388,61.96600000000008
29389,64.6547999999999
29390,63.525999999999854
29391,63.15179999999982
29392,68.39740000000008
29393,66.43926666666647
29394,66.47920000000003
29395,66.8632000000002
29396,65.30500000000022
29397,60.98799999999981
29398,64.3534000000004
29399,66.40820000000001
29400,66.9160000000001
29401,64.342
29402,64.55179999999987
29403,64.33660000000037
29404,65.9929999999997
29405,65.68439999999991
29406,67.25160000000032
29407,64.61060000000006
29408,60.68139999999982
29409,68.01420000000019
29410,65.78420000000006
29411,66.69300000000005
29412,62.806800000000464
29413,60.08719999999997
29414,66.00939999999964
29415,65.18980000000009
29416,67.02139999999986
29417,64.1808000000004
29418,69.85719999999984
29419,66.12319999999981
29420,63.30880000000033
29421,69.05840000000023
29422,59.5112
29423,67.53499999999997
29424,63.805000000000234
29425,63.598799999999855
29426,61.46420000000001
29427,77.08080000000001
29428,67.27919999999968
29429,68.33879999999996
29430,69.26500000000016
29431,71.8224
29432,64.73600000000033
29433,69.15059999999984
29434,64.91919999999999
29435,65.91659999999995
29436,56.558649999999986
29437,65.20199999999994
29438,66.35759999999968
29439,68.1213999999999
29440,68.80999999999982
29441,65.23559999999996
29442,65.19100000000006
29443,59.72399999999984
29444,64.59280000000031
29445,69.1976000000001
29446,63.0115999999998
29447,64.6628000000002
29448,63.61320000000011
29449,62.76260000000029
29450,64.93140000000021
29451,65.40579999999986
29452,72.18339999999992
29453,64.3307999999998
29454,69.37767999999988
29455,66.79199999999997
29456,64.93439999999984
29457,66.51059999999993
29458,65.95820000000013
29459,70.30900000000004
29460,63.69159999999982
29461,69.03919999999997
29462,65.26439999999995
29463,68.66599999999974
29464,65.50739999999992
29465,63.46060000000032
29466,66.4648
29467,64.89700000000026
29468,66.16410000000013
29469,62.78960000000036
29470,65.85600000000015
29471,65.98885000000011
29472,65.3045999999997
29473,70.21380000000015
29474,64.74600000000002
29475,64.32400000000001
29476,64.41699999999999
29477,66.01819999999998
29478,69.87006666666663
29479,65.60780000000017
29480,65.77220000000013
29481,69.25719999999983
29482,65.60099999999979
29483,62.45609999999958
29484,67.99480000000015
29485,65.53560000000009
29486,68.96820000000015
29487,67.13780000000011
29488,54.568820000000024
29489,71.50639999999983
29490,63.626399999999975
29491,70.08000000000007
29492,66.45679999999982
29493,66.23700000000021
29494,65.7879999999999
29495,68.75539999999988
29496,64.52880000000007
29497,69.23209999999982
29498,64.03639999999989
29499,65.89900000000006
29500,66.54520000000004
29501,63.553199999999926
29502,67.31699999999981
29503,70.2562
29504,63.41540000000009
29505,65.25739999999982
29506,64.40119999999995
29507,64.89680000000007
29508,68.7683999999998
29509,65.18740000000022
29510,66.53600000000013
29511,67.05319999999988
29512,68.6528000000002
29513,67.6517999999997
29514,56.568056060606075
29515,64.09160000000026
29516,70.78599999999999
29517,68.48099999999975
29518,67.3138
29519,63.96520000000017
29520,62.870800000000365
29521,66.6443999999999
29522,65.91959999999995
29523,63.70320000000018
29524,64.72160000000022
29525,64.97460000000018
29526,72.3598000000001
29527,65.20579999999994
29528,66.94839999999998
29529,67.01780000000008
29530,66.13359999999987
29531,65.29460000000032
29532,61.280199999999915
29533,67.77399999999987
29534,66.03200000000017
29535,69.307
29536,68.7761999999998
29537,62.6406000000002
29538,65.84620000000007
29539,68.65379999999983
29540,65.1900000000001
29541,64.6890000000002
29542,66.78060000000005
29543,67.45199999999996
29544,60.67460000000007
29545,63.4389000000002
29546,67.05579999999978
29547,62.73300000000039
29548,64.02100000000019
29549,65.74479999999997
29550,77.99989999999991
29551,65.54859999999977
29552,66.13799999999986
29553,64.62560000000018
29554,74.25739999999989
29555,64.43240000000024
29556,67.24299999999982
29557,63.80380000000023
29558,65.89999999999998
29559,63.403600000000374
29560,63.98219999999991
29561,63.045399999999994
29562,65.54519999999994
29563,66.71439999999996
29564,66.4232
29565,69.69919999999982
29566,70.64220999999992
29567,63.286599999999865
29568,72.19519999999996
29569,69.35899999999971
29570,62.345999999999805
29571,63.80919999999985
29572,65.49800000000016
29573,66.67179999999983
29574,64.43570000000028
29575,62.71440000000043
29576,65.98839999999986
29577,68.04159999999996
29578,66.4654799999999
29579,68.16000000000005
29580,64.02719999999998
29581,69.18299999999978
29582,66.20840000000017
29583,61.6934000000002
29584,73.46360000000014
29585,59.385999999999584
29586,64.40859999999988
29587,66.53580000000004
29588,65.8500000000001
29589,70.4254
29590,65.22940000000035
29591,65.50320000000028
29592,64.52679999999968
29593,65.7076000000001
29594,64.57820000000012
29595,65.06640000000019
29596,69.74440000000016
29597,64.38039999999984
29598,65.18919999999991
29599,64.4829999999999
29600,64.28711999999994
29601,66.3891999999998
29602,66.52959999999976
29603,69.12299999999992
29604,66.36999999999986
29605,67.66719999999988
29606,63.54459999999979
29607,68.18680000000008
29608,66.46640000000018
29609,66.44560000000006
29610,66.2294
29611,67.00460000000001
29612,64.61519999999999
29613,64.05120000000011
29614,64.55180000000003
29615,64.21847999999984
29616,65.47820000000024
29617,62.698799999999565
29618,67.22280000000008
29619,68.0526
29620,63.40659999999962
29621,73.93780000000012
29622,68.22080000000007
29623,68.99219999999987
29624,65.50660000000008
29625,64.78479999999996
29626,68.28599999999986
29627,70.04340000000006
29628,66.1496
29629,75.45540000000005
29630,66.76639999999986
29631,66.16920000000007
29632,65.94560000000018
29633,68.44079999999997
29634,63.805399999999665
29635,65.6886
29636,67.00300000000003
29637,64.65640000000015
29638,65.69340000000003
29639,63.65260000000037
29640,67.48239999999981
29641,63.62640000000031
29642,65.11979999999986
29643,67.52339999999982
29644,65.62219999999996
29645,64.49499999999992
29646,66.06100000000008
29647,67.47640000000021
29648,64.31480000000033
29649,63.43580000000029
29650,63.93900000000038
29651,61.087050000000396
29652,62.72040000000045
29653,66.0322000000002
29654,63.82479999999999
29655,73.18739999999993
29656,67.36559999999983
29657,66.52300000000008
29658,65.2949999999997
29659,67.96339999999994
29660,66.45279999999985
29661,68.78819999999993
29662,65.80400000000013
29663,70.24159999999998
29664,63.39099999999985
29665,65.54280000000027
29666,61.19619999999994
29667,64.5932
29668,66.99559999999975
29669,65.66279999999982
29670,64.35140000000013
29671,69.97859999999986
29672,66.69619999999988
29673,67.54300000000015
29674,65.97240000000019
29675,65.4537999999998
29676,64.81560000000012
29677,68.41860000000024
29678,67.02979999999981
29679,63.48600000000016
29680,68.03099999999998
29681,65.06919999999994
29682,70.99099999999993
29683,67.69004999999972
29684,72.30700000000013
29685,72.84240000000015
29686,67.98159999999983
29687,68.00100000000015
29688,67.43500000000009
29689,64.71199999999992
29690,65.04539999999982
29691,64.8110000000002
29692,64.56479999999998
29693,77.09959999999998
29694,65.1886
29695,65.28520000000017
29696,65.72799999999984
29697,72.04059999999988
29698,63.36759999999985
29699,64.63460000000009
29700,65.22499999999997
29701,61.86059999999986
29702,63.157600000000365
29703,64.27919999999999
29704,60.015399999999914
29705,64.67279999999994
29706,63.64700000000006
29707,65.3798000000001
29708,65.86620000000016
29709,63.47099999999973
29710,67.40620000000006
29711,65.79739999999971
29712,66.73799999999999
29713,64.86240000000024
29714,67.47140000000007
29715,64.85219999999991
29716,64.11940000000021
29717,65.84859999999989
29718,66.37120000000014
29719,66.65979999999999
29720,67.8821999999999
29721,66.32919999999966
29722,64.00085000000026
29723,65.12050000000004
29724,69.09840000000004
29725,66.99219999999971
29726,67.09079999999996
29727,66.08540000000015
29728,63.63320000000022
29729,65.33720000000007
29730,69.18879999999982
29731,65.96499999999975
29732,63.74160000000024
29733,66.49960000000002
29734,69.9052
29735,59.004199999999834
29736,71.61159999999998
29737,64.11999999999985
29738,60.49960000000007
29739,68.46999999999994
29740,62.50080000000007
29741,64.70620000000022
29742,65.87020000000027
29743,66.21580000000013
29744,67.20619999999974
29745,64.10940000000035
29746,64.36200000000031
29747,67.95640000000006
29748,65.85239999999985
29749,63.10780000000037
29750,68.33160000000018
29751,65.97319999999984
29752,67.34720000000006
29753,66.33859999999997
29754,65.28340000000011
29755,61.113999999999955
29756,64.26579999999973
29757,64.77920000000016
29758,67.84200000000014
29759,66.55359999999996
29760,64.57160000000016
29761,65.69740000000033
29762,64.23819999999995
29763,63.933000000000284
29764,67.12279999999997
29765,67.41719999999994
29766,73.25419999999973
29767,65.59899999999985
29768,65.33859999999986
29769,65.99200000000012
29770,68.75119999999987
29771,61.21359999999987
29772,69.94969999999974
29773,64.32619999999976
29774,65.36099999999949
29775,63.44079999999985
29776,66.0983999999997
29777,68.51099999999994
29778,67.38959999999987
29779,69.40879999999977
29780,66.97399999999993
29781,64.36579999999988
29782,67.04420000000002
29783,66.56419999999987
29784,65.33039999999981
29785,66.19000000000013
29786,64.0149999999997
29787,65.56119999999973
29788,64.90400000000021
29789,69.6754
29790,56.68040000000042
29791,70.21379999999976
29792,65.8073999999998
29793,65.91580000000017
29794,64.53300000000014
29795,61.074199999999784
29796,64.82840000000022
29797,67.02039999999982
29798,66.61499999999982
29799,65.10040000000004
29800,61.66679999999988
29801,65.22500000000004
29802,66.62079999999978
29803,63.9596000000001
29804,64.25659999999995
29805,65.70599999999989
29806,57.89440000000012
29807,68.20859999999986
29808,66.00969999999982
29809,65.60159999999992
29810,64.40920000000023
29811,73.08940000000005
29812,61.80440000000005
29813,67.0249999999997
29814,64.2622000000003
29815,64.70559999999995
29816,65.40740000000015
29817,63.33819999999978
29818,66.54179999999995
29819,68.56420000000027
29820,65.3838
29821,66.16780000000006
29822,67.58659999999959
29823,66.25260000000016
29824,67.23220000000013
29825,63.55960000000026
29826,67.07020000000001
29827,72.71979999999992
29828,65.71159999999969
29829,66.25199999999988
29830,67.09740000000016
29831,64.57445000000025
29832,63.65299999999999
29833,70.97559999999984
29834,67.80920000000006
29835,66.71759999999983
29836,63.78439999999999
29837,63.68324000000003
29838,76.98799999999993
29839,63.46320000000033
29840,64.38859999999971
29841,67.45679999999977
29842,64.04639999999979
29843,63.991266666666725
29844,67.05060000000006
29845,68.49200000000005
29846,65.22160000000001
29847,71.68400000000015
29848,65.55779999999987
29849,71.78579999999991
29850,64.68200000000029
29851,60.6799999999999
29852,63.88879999999986
29853,65.66739999999992
29854,69.06279999999997
29855,63.80939999999985
29856,68.71460000000009
29857,73.33640000000014
29858,65.414
29859,67.94460000000002
29860,69.37559999999989
29861,65.02839999999975
29862,67.17919999999978
29863,67.05059999999976
29864,64.41260000000018
29865,64.0195999999998
29866,65.80040000000002
29867,65.48050000000008
29868,63.81359999999989
29869,66.28320000000014
29870,68.33080000000001
29871,65.93170000000016
29872,67.68039999999978
29873,66.41859999999977
29874,63.97199999999999
29875,63.83460000000032
29876,76.60980000000015
29877,66.21460000000015
29878,64.45179999999999
29879,64.50039999999989
29880,63.83940000000027
29881,64.67639999999987
29882,64.5869999999998
29883,66.74099999999996
29884,67.9653999999998
29885,65.98199999999994
29886,69.17219999999979
29887,70.01039999999989
29888,67.6786
29889,62.81659999999968
29890,62.81759999999974
29891,66.45159999999994
29892,72.11400000000013
29893,65.32639999999981
29894,70.49519999999994
29895,70.30619999999985
29896,66.25799999999998
29897,67.22479999999975
29898,64.65559999999995
29899,64.40720000000016
29900,57.582100000000224
29901,71.72199999999998
29902,67.09220000000016
29903,72.14379999999998
29904,65.99619999999987
29905,66.67899999999956
29906,64.7968000000001
29907,65.31320000000018
29908,65.7357999999997
29909,69.13259999999987
29910,65.39659999999996
29911,65.09920000000004
29912,61.18879999999973
29913,64.94019999999972
29914,66.95159999999979
29915,65.71679999999986
29916,67.2459999999999
29917,64.11520000000014
29918,67.36580000000005
29919,66.82180000000008
29920,64.68100000000018
29921,67.60283333333318
29922,60.95839999999991
29923,71.90459999999993
29924,71.57240000000006
29925,63.57580000000023
29926,66.72959999999995
29927,65.6189999999999
29928,66.21179999999994
29929,71.82400000000007
29930,64.24939999999981
29931,65.03139999999973
29932,63.52920000000018
29933,69.01280000000017
29934,64.1979999999999
29935,65.81020000000014
29936,67.27220000000008
29937,68.66479999999964
29938,68.21560000000035
29939,65.82020000000001
29940,66.23100000000005
29941,72.52979999999997
29942,63.76880000000016
29943,64.41770000000024
29944,64.9743999999998
29945,64.63279999999989
29946,64.37779999999971
29947,62.497600000000126
29948,65.23099999999954
29949,65.06419999999976
29950,69.48779999999981
29951,66.88699999999989
29952,66.21959999999999
29953,71.47160000000014
29954,66.22500000000005
29955,67.60060000000013
29956,66.1277999999999
29957,66.65412000000003
29958,66.96020000000007
29959,61.978999999999914
29960,62.9200000000003
29961,62.58620000000033
29962,67.80100000000012
29963,72.61060000000013
29964,63.08260000000025
29965,71.99540000000007
29966,70.5077999999999
29967,66.46099999999994
29968,64.46359999999987
29969,67.74859999999984
29970,70.4864000000003
29971,82.49660000000004
29972,64.49199999999976
29973,67.24288666666678
29974,66.46259999999971
29975,73.90600000000008
29976,67.03180000000006
29977,68.31919999999982
29978,64.77439999999994
29979,67.73860000000002
29980,66.61820000000014
29981,65.161
29982,66.06260000000002
29983,63.28019999999966
29984,64.66060000000006
29985,66.18420000000016
29986,69.28480000000002
29987,64.38379999999982
29988,66.18979999999965
29989,61.196000000000026
29990,65.21620000000009
29991,64.27979999999982
29992,66.13140000000023
29993,70.14720000000003
29994,65.69500000000009
29995,65.93360000000024
29996,66.40180000000012
29997,66.00600000000007
29998,66.44420000000011
29999,62.936200000000284
30000,66.64920000000001
30001,67.82799999999993
30002,66.25889999999978
30003,73.58939999999991
30004,65.39319999999985
30005,63.07159999999997
30006,63.01340000000042
30007,67.2022000000001
30008,67.13560000000004
30009,69.36430000000003
30010,60.29340000000003
30011,64.74410000000002
30012,71.97639999999998
30013,63.579600000000326
30014,58.48136238095247
30015,67.35119999999986
30016,67.59659999999992
30017,66.04359999999974
30018,63.1790000000002
30019,68.14359999999984
30020,70.92459999999988
30021,64.26799999999996
30022,63.698100000000196
30023,57.285683668553695
30024,62.454999999999636
30025,63.77479999999962
30026,63.22926666666666
30027,59.34820000000019
30028,64.99580000000034
30029,65.09860000000012
30030,67.30719999999985
30031,58.75968000000041
30032,67.29659999999996
30033,68.75019999999995
30034,67.11800000000011
30035,65.77999999999996
30036,61.108599999999996
30037,67.54319999999986
30038,63.08619999999968
30039,63.50219999999957
30040,61.14759999999964
30041,67.4801999999999
30042,65.43080000000033
30043,65.66580000000016
30044,76.5002
30045,69.92459999999991
30046,68.4369999999998
30047,64.18839999999985
30048,70.53000000000024
30049,65.6944
30050,64.91500000000032
30051,63.95160000000025
30052,68.00719999999998
30053,62.80450000000046
30054,59.94839999999985
30055,68.83500000000006
30056,66.9237999999998
30057,68.81039999999973
30058,71.98060000000007
30059,70.75739999999996
30060,62.09803333333348
30061,66.38259999999988
30062,63.89319999999988
30063,68.86399999999985
30064,61.26320000000026
30065,65.68400000000025
30066,65.99579999999966
30067,66.29239999999992
30068,71.06500000000007
30069,69.98559999999982
30070,64.88539999999989
30071,66.63720000000018
30072,76.06260000000007
30073,66.38660000000019
30074,64.48559999999999
30075,64.59100000000012
30076,64.71760000000013
30077,67.98259999999996
30078,64.52020000000014
30079,72.02819999999998
30080,65.22800000000001
30081,74.59760000000021
30082,64.59839999999981
30083,67.15960000000022
30084,64.98160000000011
30085,65.72559999999976
30086,66.87530000000012
30087,67.85319999999967
30088,66.79459999999979
30089,69.74659999999999
30090,65.5742
30091,65.26680000000009
30092,72.16240000000002
30093,66.42379999999989
30094,63.35780000000041
30095,61.1453999999999
30096,64.27259999999988
30097,66.42859999999985
30098,63.40360000000046
30099,64.05476000000021
30100,62.75120000000021
30101,66.7927999999998
30102,65.9758
30103,72.68040000000002
30104,67.56439999999984
30105,67.50419999999993
30106,66.31980000000006
30107,66.53639999999974
30108,67.30619999999998
30109,63.825600000000094
30110,66.18440000000002
30111,74.40840000000004
30112,66.32899999999984
30113,65.34060000000026
30114,66.0873999999999
30115,64.71780000000005
30116,63.4622000000004
30117,63.13900000000012
30118,62.88699999999996
30119,69.6407999999999
30120,83.11119999999974
30121,66.09960000000001
30122,68.60139999999984
30123,69.9566
30124,69.9692000000002
30125,64.62359999999975
30126,69.39360000000035
30127,65.66219999999988
30128,63.393800000000304
30129,65.49919999999979
30130,68.44759999999964
30131,59.86039999999996
30132,66.71339999999988
30133,67.26239999999993
30134,67.24020000000024
30135,80.40319999999991
30136,68.31619999999991
30137,65.29859999999962
30138,63.228800000000234
30139,63.763400000000246
30140,69.35499999999999
30141,63.58080000000005
30142,77.61869999999992
30143,67.44079999999991
30144,65.34019999999997
30145,65.0412000000002
30146,66.601
30147,65.69660000000023
30148,68.29800000000003
30149,66.45199999999987
30150,67.37279999999993
30151,66.15120000000002
30152,65.06059999999992
30153,65.43760000000003
30154,70.00500000000005
30155,67.37559999999979
30156,66.12259999999979
30157,63.04640000000035
30158,66.00340000000016
30159,68.37040000000025
30160,65.74639999999988
30161,64.92439999999989
30162,63.46220000000032
30163,65.04660000000023
30164,67.55280000000029
30165,66.17499999999987
30166,66.43559999999982
30167,69.88140000000007
30168,68.66699999999979
30169,68.58879999999996
30170,69.40419999999973
30171,62.77159999999951
30172,66.52639999999982
30173,64.65900000000015
30174,64.70319999999974
30175,66.65940000000015
30176,75.25939999999994
30177,73.67899999999995
30178,63.00960000000021
30179,62.441200000000364
30180,65.02399999999992
30181,66.88699999999987
30182,64.51680000000002
30183,66.69480000000023
30184,69.28579999999988
30185,71.12420000000006
30186,63.80472000000002
30187,65.55900000000022
30188,67.29920000000018
30189,64.65579999999994
30190,63.68919999999986
30191,68.7278
30192,68.5324000000001
30193,65.1498
30194,65.69640000000004
30195,73.1698000000002
30196,70.56540000000011
30197,66.80239999999955
30198,67.57539999999972
30199,67.22699999999993
30200,75.62019999999997
30201,63.2592000000004
30202,66.92420000000014
30203,66.2067999999999
30204,68.00445000000015
30205,67.39319999999991
30206,66.40379999999995
30207,69.23019999999988
30208,67.04819999999988
30209,67.23819999999972
30210,67.33380000000002
30211,64.25380000000003
30212,58.90211666666693
30213,71.8042666666666
30214,67.45919999999984
30215,63.72699999999978
30216,66.71179999999998
30217,66.29999999999987
30218,69.03939999999993
30219,63.614800000000386
30220,67.00199999999998
30221,80.72479999999985
30222,67.8669999999999
30223,69.64099999999998
30224,65.31940000000017
30225,66.19799999999998
30226,66.48799999999984
30227,62.12059999999979
30228,69.45560000000003
30229,74.61539999999988
30230,65.66260000000005
30231,61.72899999999991
30232,67.3587999999998
30233,65.54960000000011
30234,63.048599999999844
30235,65.8646999999999
30236,71.48100000000028
30237,66.19519999999979
30238,67.39939999999993
30239,67.9122000000002
30240,64.19540000000029
30241,64.17740000000003
30242,65.22000000000013
30243,64.15260000000022
30244,68.53239999999961
30245,63.941199999999974
30246,60.381799999999856
30247,63.71360000000034
30248,64.01240000000038
30249,64.5422000000002
30250,64.57760000000016
30251,65.79380000000018
30252,73.84639999999992
30253,67.15639999999973
30254,68.43780000000011
30255,66.06360000000022
30256,63.768100000000274
30257,66.18419999999998
30258,65.57180000000002
30259,65.63560000000007
30260,66.56959999999977
30261,64.44639999999983
30262,62.85980000000048
30263,69.31499999999988
30264,65.84600000000013
30265,61.96400000000004
30266,62.785800000000286
30267,65.38720000000012
30268,72.55479999999999
30269,67.61579999999957
30270,64.98539999999974
30271,66.61400000000003
30272,74.67119999999981
30273,63.844199999999766
30274,65.44340000000012
30275,66.13759999999975
30276,59.40419999999958
30277,66.55899999999995
30278,67.71460000000009
30279,64.78020000000014
30280,72.92913333333317
30281,65.28279999999963
30282,66.57599999999982
30283,66.94939999999993
30284,66.17780000000006
30285,62.24599999999993
30286,64.23399999999985
30287,66.588
30288,72.22899999999987
30289,63.673200000000236
30290,66.36219999999993
30291,68.10699999999974
30292,65.06100000000015
30293,66.87379999999968
30294,64.34160000000013
30295,68.88880000000006
30296,63.071399999999585
30297,65.86539999999978
30298,62.91959999999984
30299,77.4125999999998
30300,65.70380000000011
30301,59.79799999999983
30302,64.18220000000017
30303,70.39099999999998
30304,70.50300000000001
30305,69.50839999999984
30306,71.26459999999993
30307,67.53959999999984
30308,68.08439999999985
30309,75.4209999999999
30310,66.18839999999993
30311,63.424600000000396
30312,64.9800000000001
30313,64.8536000000003
30314,66.25659999999975
30315,68.74900000000011
30316,66.66439999999983
30317,65.86190000000022
30318,65.17839999999987
30319,65.8807999999997
30320,64.08720000000035
30321,66.05153333333318
30322,71.46740000000015
30323,60.31480000000026
30324,64.45359999999991
30325,65.49920000000006
30326,65.86233000000004
30327,65.23580000000028
30328,64.44240000000002
30329,66.40539999999969
30330,63.28619999999984
30331,69.81780000000015
30332,63.511599999999845
30333,70.56219999999978
30334,65.77219999999993
30335,67.93399999999987
30336,66.71900000000002
30337,65.91159999999992
30338,64.88280000000016
30339,62.05799999999992
30340,70.88580000000003
30341,64.45699999999995
30342,62.525999999999996
30343,70.74680000000026
30344,64.16480000000038
30345,65.30859999999981
30346,67.11439999999997
30347,63.734600000000256
30348,67.22860000000024
30349,64.73740000000032
30350,69.68959999999991
30351,66.34940000000005
30352,65.83819999999994
30353,65.55099999999996
30354,64.0036000000003
30355,70.19319999999993
30356,66.05399999999996
30357,61.161599999999815
30358,67.25689999999987
30359,70.60119999999992
30360,64.46319999999979
30361,65.47939999999986
30362,61.95100000000001
30363,75.4053999999999
30364,65.19279999999992
30365,66.1243999999999
30366,67.26359999999973
30367,74.28919999999977
30368,64.87879999999996
30369,67.47120000000002
30370,67.15160000000006
30371,67.95859999999996
30372,64.91279999999992
30373,64.47520000000024
30374,62.78580000000043
30375,59.6526
30376,65.09659999999995
30377,68.7856000000001
30378,62.59559999999969
30379,62.90120000000033
30380,65.49000000000002
30381,66.52000000000007
30382,64.36579999999992
30383,66.02239999999985
30384,64.45659999999992
30385,62.87199999999976
30386,66.20299999999976
30387,67.43580000000003
30388,64.55199999999999
30389,65.77360000000013
30390,69.72939999999984
30391,66.67759999999988
30392,61.23839999999998
30393,65.57979999999999
30394,69.76940000000026
30395,64.58619999999995
30396,67.03159999999986
30397,68.07620000000006
30398,65.51520000000004
30399,65.68960000000027
30400,68.255
30401,68.15239999999983
30402,63.137200000000234
30403,63.47980000000028
30404,63.16340000000045
30405,65.36679999999976
30406,66.84419999999994
30407,64.34030000000011
30408,67.01599999999998
30409,63.07880000000037
30410,65.93239999999996
30411,62.447399999999945
30412,63.986799999999704
30413,66.10479999999995
30414,62.33618095238118
30415,62.511599999999525
30416,63.49990000000022
30417,66.0683999999997
30418,64.89020000000001
30419,63.98580000000017
30420,63.98440000000018
30421,64.21219999999995
30422,63.6936000000002
30423,65.81000000000022
30424,64.5819999999999
30425,64.20059999999988
30426,65.50359999999992
30427,63.6507999999999
30428,66.93859999999982
30429,65.59960000000024
30430,67.20500000000006
30431,65.8944
30432,62.36379999999972
30433,77.97480000000007
30434,65.26940000000015
30435,68.38039999999977
30436,65.87880000000035
30437,73.74260000000014
30438,69.91319999999985
30439,65.76820000000009
30440,63.403200000000034
30441,67.00879999999971
30442,68.76039999999965
30443,65.91359999999986
30444,68.71900000000002
30445,72.85779999999997
30446,66.21679999999968
30447,67.8904000000001
30448,71.23960000000014
30449,66.88940000000017
30450,65.2802
30451,67.16660000000006
30452,64.87559999999992
30453,61.397660000000045
30454,66.16159999999985
30455,72.77559999999991
30456,72.09359999999981
30457,70.94239999999995
30458,64.66479999999989
30459,64.57900000000016
30460,63.99679999999975
30461,64.96079999999992
30462,68.63460000000003
30463,66.0059999999999
30464,63.23760000000039
30465,66.50080000000032
30466,64.12639999999972
30467,55.68717000000002
30468,67.7496
30469,65.63439999999981
30470,70.79600000000003
30471,65.28640000000023
30472,67.52099999999989
30473,63.93280000000001
30474,58.65814285714306
30475,67.71179999999983
30476,65.30840000000002
30477,61.3307999999999
30478,63.03520000000045
30479,66.65099999999981
30480,67.37899999999978
30481,66.82320000000003
30482,67.36840000000001
30483,58.11620000000022
30484,63.52320000000027
30485,64.82120000000006
30486,65.85639999999975
30487,68.4658
30488,65.6260000000002
30489,69.91919999999995
30490,69.08500000000008
30491,64.34760000000016
30492,70.57979999999971
30493,66.38939999999987
30494,65.49809999999997
30495,69.8667999999999
30496,67.74419999999992
30497,63.7639999999998
30498,65.06340999999983
30499,64.27380000000035
30500,62.88500000000024
30501,68.71140000000003
30502,64.20299999999997
30503,66.60039999999991
30504,70.03560000000004
30505,65.2768000000001
30506,69.66759999999994
30507,65.21679999999994
30508,63.72740000000023
30509,81.21700000000018
30510,63.444399999999916
30511,66.54880000000001
30512,69.52600000000002
30513,66.54599999999995
30514,68.53099999999982
30515,66.40822000000014
30516,75.25286666666676
30517,65.97659999999965
30518,65.8966
30519,65.46000000000001
30520,65.30800000000018
30521,66.2260000000001
30522,66.08600000000011
30523,73.71919999999986
30524,67.11659999999988
30525,62.78220000000047
30526,61.7951999999997
30527,68.40000000000013
30528,68.15019999999993
30529,67.31040000000021
30530,63.29019999999979
30531,67.1589999999999
30532,67.26420000000005
30533,62.95639999999948
30534,65.33499999999971
30535,70.3246000000001
30536,70.58130999999995
30537,63.48279999999975
30538,76.69200000000016
30539,65.9812
30540,67.40119999999996
30541,63.920000000000115
30542,65.64320000000005
30543,66.50580000000018
30544,67.47160000000004
30545,71.59020000000015
30546,65.90920000000001
30547,64.98620000000003
30548,76.31620000000035
30549,54.91269119047623
30550,64.7674
30551,64.93540000000023
30552,66.70620000000022
30553,62.515399999999765
30554,66.65959999999971
30555,80.29279999999997
30556,61.57180000000028
30557,64.99180000000042
30558,68.19380000000007
30559,66.91859999999978
30560,65.78339999999963
30561,63.9380000000002
30562,64.50620000000028
30563,73.36560000000011
30564,67.4360000000001
30565,66.68759999999969
30566,69.8236000000001
30567,63.11180000000043
30568,63.44419999999991
30569,66.63119999999992
30570,64.60159999999995
30571,67.69279999999985
30572,62.816800000000455
30573,65.28040000000003
30574,66.65800000000002
30575,66.842
30576,66.48400000000014
30577,68.43179999999992
30578,65.70899999999973
30579,65.97119999999974
30580,65.2328000000002
30581,64.0853999999998
30582,64.13600000000001
30583,63.73259999999979
30584,66.41740000000011
30585,64.11720000000017
30586,66.82279999999989
30587,66.17299999999986
30588,65.1392000000001
30589,81.89139999999989
30590,65.95400000000001
30591,65.09
30592,64.95500000000017
30593,67.71920000000009
30594,65.66060000000026
30595,65.72519999999982
30596,66.47940000000024
30597,64.22991666666645
30598,67.55200000000009
30599,61.587199999999946
30600,66.34859999999998
30601,64.95759999999987
30602,66.53619999999962
30603,64.21560000000014
30604,64.0630000000003
30605,66.65119999999983
30606,62.87640000000044
30607,71.91200000000005
30608,65.07100000000035
30609,65.36319999999989
30610,70.45300000000003
30611,65.4466000000003
30612,65.14099999999995
30613,63.12080000000043
30614,67.39400000000005
30615,69.33739999999997
30616,61.834199999999825
30617,65.22340000000005
30618,60.34353333333323
30619,67.81759999999976
30620,65.87999999999973
30621,76.95920000000037
30622,68.59559999999995
30623,66.66959999999979
30624,63.38280000000035
30625,64.9480000000003
30626,66.38519999999967
30627,73.88979999999984
30628,64.12519999999994
30629,68.67520000000006
30630,54.41172000000003
30631,67.03859999999986
30632,68.7613999999998
30633,67.65680000000002
30634,66.02879999999998
30635,68.54900000000005
30636,64.55580000000026
30637,66.49319999999975
30638,69.9292
30639,65.45920000000027
30640,66.6986000000002
30641,66.34660000000007
30642,67.24179999999954
30643,63.283399999999695
30644,66.38539999999972
30645,65.39180000000015
30646,63.74600000000037
30647,66.1462
30648,66.97060000000008
30649,62.931500000000156
30650,63.458600000000295
30651,64.43100000000017
30652,63.717400000000374
30653,62.56519999999946
30654,63.681800000000216
30655,64.14119999999991
30656,70.17639999999984
30657,65.54319999999981
30658,63.785200000000096
30659,65.31250000000011
30660,64.30560000000027
30661,69.46159999999999
30662,69.81179999999995
30663,63.852000000000245
30664,67.5120000000001
30665,64.80119999999985
30666,67.09160000000017
30667,64.2720000000002
30668,69.84140000000001
30669,63.78080000000022
30670,60.72299999999988
30671,57.572800000000356
30672,69.57279999999987
30673,65.6628
30674,73.04980000000002
30675,65.01879999999981
30676,64.12259999999979
30677,65.99999999999982
30678,63.984600000000256
30679,67.86460000000007
30680,68.945
30681,67.28640000000027
30682,67.42680000000017
30683,82.61339999999991
30684,66.56380000000001
30685,67.10400000000023
30686,66.4645999999997
30687,69.70660000000001
30688,66.16399999999989
30689,78.956
30690,64.3918000000001
30691,63.325999999999716
30692,66.10979999999998
30693,71.43539999999999
30694,69.58039999999988
30695,63.10059999999992
30696,64.92710000000012
30697,66.3362000000001
30698,67.93800000000022
30699,65.9872000000001
30700,66.39280000000007
30701,62.9530000000004
30702,63.90619999999998
30703,63.020000000000465
30704,59.276599999999696
30705,63.36440000000044
30706,63.89479999999982
30707,64.31439999999995
30708,69.16000000000022
30709,67.19160000000021
30710,65.10479999999994
30711,63.758600000000165
30712,69.15019999999993
30713,68.81100000000013
30714,64.43600000000036
30715,69.19089999999986
30716,65.94059999999985
30717,64.49719999999999
30718,67.29480000000014
30719,66.6064000000001
30720,69.29079999999996
30721,66.3203999999997
30722,66.01679999999979
30723,65.16889999999972
30724,64.94279999999992
30725,71.27540000000022
30726,65.42064000000018
30727,66.12019999999984
30728,69.06100000000013
30729,66.39920000000002
30730,63.65440000000029
30731,63.68820000000029
30732,64.2044
30733,76.7534
30734,65.90579999999996
30735,66.04939999999995
30736,65.2934000000002
30737,64.65379999999999
30738,66.02040000000014
30739,60.2664000000003
30740,70.95080000000006
30741,65.6974
30742,67.65040000000006
30743,64.34239999999959
30744,65.05100000000016
30745,74.68720000000027
30746,64.87800000000028
30747,67.49979999999985
30748,68.3045999999999
30749,66.29479999999995
30750,65.48779999999985
30751,65.62039999999985
30752,67.35260000000014
30753,64.62220000000003
30754,66.81779999999995
30755,67.88860000000014
30756,64.10280000000023
30757,65.94640000000008
30758,66.6058
30759,67.87059999999994
30760,64.00079999999997
30761,75.11339999999996
30762,65.73240000000001
30763,71.40880000000013
30764,64.3986000000001
30765,64.07399999999987
30766,63.8865999999997
30767,65.96960000000016
30768,68.68739999999967
30769,69.2971999999999
30770,68.98860000000005
30771,65.73680000000019
30772,67.23299999999973
30773,62.00699999999987
30774,64.99119999999976
30775,66.30640000000007
30776,61.60320000000019
30777,65.88199999999996
30778,68.14839999999987
30779,67.66920000000002
30780,67.0571999999999
30781,63.319999999999794
30782,66.22140000000016
30783,68.74999999999994
30784,63.264600000000215
30785,63.4655999999997
30786,64.36440000000017
30787,63.57039999999993
30788,67.21079999999952
30789,64.51819999999995
30790,60.807600000000136
30791,70.5708000000001
30792,65.51439999999991
30793,65.84599999999959
30794,64.72460000000014
30795,64.91160000000016
30796,65.78779999999983
30797,64.42639999999992
30798,64.7908000000003
30799,65.43680000000003
30800,64.07120000000023
30801,67.79479999999987
30802,64.73180000000028
30803,64.91399999999983
30804,65.0161999999999
30805,74.4362000000003
30806,66.62659999999974
30807,63.45119999999992
30808,69.07560000000004
30809,64.98239999999983
30810,66.66200000000023
30811,63.06580000000043
30812,67.23340000000016
30813,69.04539999999999
30814,66.46179999999987
30815,60.77439999999999
30816,64.7788000000002
30817,66.31379999999996
30818,67.31199999999973
30819,64.66000000000005
30820,67.91560000000001
30821,73.1986000000003
30822,65.90599999999998
30823,59.28580000000028
30824,68.13040000000005
30825,65.2212000000002
30826,74.30440000000016
30827,67.00080000000014
30828,66.04480000000001
30829,65.4339999999997
30830,69.40519999999985
30831,66.86479999999978
30832,67.24419999999978
30833,66.54868571428565
30834,66.35480000000013
30835,62.711999999999676
30836,67.37180000000002
30837,64.5850000000001
30838,69.07620000000016
30839,71.269953333333
30840,65.20459999999983
30841,63.57680000000003
30842,67.61759999999997
30843,64.07740000000028
30844,66.61640000000017
30845,66.32999999999988
30846,67.67819999999968
30847,64.61619999999964
30848,66.18739999999988
30849,57.25106333333335
30850,63.36240000000038
30851,65.22940000000003
30852,67.48659999999994
30853,64.92140000000005
30854,65.63546666666645
30855,71.15719999999988
30856,67.57119999999999
30857,66.27600000000015
30858,66.86799999999994
30859,64.60140000000024
30860,64.02220000000015
30861,63.96959999999988
30862,65.94439999999973
30863,68.30279999999968
30864,57.99514285714302
30865,62.42719999999995
30866,63.987600000000114
30867,64.3288
30868,69.79079999999996
30869,64.03520000000036
30870,64.26960000000003
30871,64.7168000000001
30872,72.38499999999989
30873,66.84180000000008
30874,69.23040000000013
30875,69.00219999999997
30876,66.07339999999994
30877,65.2588
30878,71.06080000000001
30879,64.81299999999976
30880,74.88659999999992
30881,66.22520000000014
30882,82.4117999999998
30883,66.46979999999978
30884,65.80160000000005
30885,66.80259999999993
30886,73.00580000000019
30887,65.78279999999968
30888,69.94279999999955
30889,67.9639999999998
30890,67.34859999999982
30891,60.02660000000031
30892,65.49420000000005
30893,67.59060000000017
30894,66.26559999999985
30895,66.72519999999982
30896,72.7334000000001
30897,64.19340000000007
30898,60.38099999999967
30899,66.36080000000013
30900,62.84379999999951
30901,65.02620000000002
30902,68.56739999999995
30903,63.03179999999981
30904,67.81819999999992
30905,61.976999999999855
30906,64.11519999999965
30907,65.75560000000003
30908,63.594600000000305
30909,59.76059999999988
30910,65.90900000000016
30911,72.86999999999992
30912,64.48959999999995
30913,63.44900000000042
30914,64.65160000000004
30915,66.45539999999995
30916,65.98359999999992
30917,66.7691999999999
30918,68.63079999999992
30919,55.56007333333331
30920,65.76859999999998
30921,69.26039999999995
30922,64.58900000000007
30923,75.1516000000001
30924,66.23720000000023
30925,73.38160000000018
30926,66.83319999999986
30927,64.08699999999996
30928,64.4304
30929,57.65720000000025
30930,66.2267999999998
30931,76.66000000000007
30932,67.42759999999981
30933,64.41339999999994
30934,79.02500000000015
30935,69.71620000000011
30936,65.7227999999999
30937,62.30400000000004
30938,65.32979999999998
30939,65.80339999999998
30940,63.534200000000226
30941,64.51100000000001
30942,65.56959999999982
30943,64.24779999999993
30944,63.1446000000003
30945,63.708599999999684
30946,63.92959999999989
30947,65.7261999999998
30948,65.03040000000013
30949,66.41819999999983
30950,66.80159999999985
30951,66.346
30952,63.757000000000296
30953,62.9264000000004
30954,55.56007333333331
30955,67.10560000000012
30956,67.51799999999993
30957,65.4376000000003
30958,64.52400000000003
30959,65.44760000000015
30960,66.13859999999981
30961,64.93160000000027
30962,69.74499999999985
30963,63.47379999999972
30964,66.69899999999974
30965,73.83420000000008
30966,67.61220000000013
30967,64.64800000000001
30968,64.99519999999987
30969,72.84540000000014
30970,65.6562000000003
30971,66.65319999999994
30972,64.76759999999999
30973,65.58599999999977
30974,63.94320000000033
30975,64.60239999999978
30976,64.4104
30977,60.40079999999957
30978,70.16040000000014
30979,66.73680000000002
30980,59.78179999999964
30981,73.87959999999998
30982,63.46420000000016
30983,66.76659999999995
30984,67.40999999999988
30985,67.75179999999985
30986,67.1863999999998
30987,66.50459999999983
30988,66.18160000000026
30989,68.79659999999988
30990,69.85799999999992
30991,67.06499999999987
30992,62.00779999999981
30993,65.42240000000005
30994,65.09500000000041
30995,67.68300000000002
30996,65.45259999999998
30997,66.7554
30998,77.06519999999995
30999,64.79460000000023
31000,64.50840000000021
31001,66.74759999999982
31002,72.38820000000007
31003,68.15920000000001
31004,67.54679999999965
31005,64.77299999999975
31006,65.64659999999976
31007,64.40579999999972
31008,66.16000000000018
31009,75.91880000000025
31010,65.00339999999997
31011,63.23379999999966
31012,65.55480000000013
31013,66.24599999999988
31014,64.92920000000024
31015,66.19039999999977
31016,67.401
31017,68.43619999999999
31018,64.70319999999995
31019,64.25179999999992
31020,63.7163999999998
31021,67.50839999999977
31022,65.30300000000008
31023,64.11039999999974
31024,63.95740000000008
31025,66.23379999999982
31026,64.77359999999993
31027,62.83439999999981
31028,66.94839999999981
31029,66.27980000000002
31030,67.74820000000017
31031,64.83000000000004
31032,65.87539999999981
31033,65.87959999999973
31034,64.8506
31035,66.28380000000007
31036,60.58820000000001
31037,62.945199999999744
31038,62.694199999999604
31039,64.4824000000002
31040,70.27019999999989
31041,65.57359999999993
31042,67.78400000000023
31043,64.44659999999995
31044,71.75259999999987
31045,65.10799999999976
31046,65.14500000000005
31047,60.132199999999784
31048,64.32000000000015
31049,63.75820000000014
31050,67.42640000000011
31051,66.01239999999973
31052,64.76379999999973
31053,65.2688000000001
31054,64.0072
31055,62.66679999999985
31056,65.44219999999977
31057,70.26714999999987
31058,66.88939999999978
31059,62.90300000000035
31060,75.92999999999977
31061,77.44159999999995
31062,64.86580000000006
31063,65.13020000000033
31064,63.07700000000035
31065,70.17859999999965
31066,70.6472000000001
31067,64.14020000000029
31068,70.106
31069,68.36459999999961
31070,61.445199999999836
31071,68.30839999999995
31072,65.69659999999995
31073,60.19119999999959
31074,65.62646666666684
31075,64.74379999999981
31076,62.92520000000045
31077,63.908000000000015
31078,71.64499999999998
31079,64.66940000000004
31080,62.371999999999865
31081,65.75260000000013
31082,63.79219999999988
31083,65.49940000000002
31084,64.31319999999985
31085,69.88819999999984
31086,66.51000000000005
31087,66.84999999999974
31088,68.31040000000006
31089,64.44899999999998
31090,67.96479999999971
31091,72.26140000000005
31092,63.414399999999766
31093,60.37399999999989
31094,65.06620000000015
31095,64.09700000000022
31096,68.03720000000003
31097,65.32590000000009
31098,67.6670000000001
31099,67.02539999999979
31100,62.085439999999856
31101,64.02120000000023
31102,65.32700000000011
31103,64.74119999999996
31104,68.23599999999992
31105,64.85359999999989
31106,69.53880000000001
31107,65.0797999999998
31108,71.5737999999998
31109,62.12660000000029
31110,62.85719999999971
31111,64.15140000000028
31112,64.22959999999998
31113,66.42960000000006
31114,67.45079999999982
31115,65.69940000000025
31116,70.03659999999999
31117,64.60920000000021
31118,66.22299999999967
31119,62.978800000000376
31120,68.69179999999996
31121,64.36200000000011
31122,64.77639999999981
31123,67.92660000000024
31124,67.26839999999997
31125,63.29420000000031
31126,67.07780000000007
31127,68.03959999999971
31128,68.29579999999984
31129,65.09699999999974
31130,64.84619999999987
31131,61.48069999999982
31132,71.01639999999989
31133,64.19840000000028
31134,68.53880000000001
31135,58.86880000000015
31136,67.59060000000008
31137,69.92919999999997
31138,63.9908000000001
31139,65.74480000000027
31140,65.39240000000038
31141,62.6058499999998
31142,66.52760000000004
31143,64.74200000000025
31144,70.33299999999998
31145,65.67540000000001
31146,65.41079999999987
31147,66.17940000000007
31148,66.81359999999988
31149,63.747800000000325
31150,64.62580000000024
31151,65.16199999999971
31152,66.39939999999976
31153,65.27340000000038
31154,69.10126666666673
31155,66.19700000000009
31156,63.50039999999988
31157,63.43979999999974
31158,68.45419999999984
31159,71.4856000000001
31160,67.72479999999995
31161,66.16299999999997
31162,65.56200000000044
31163,65.86579999999984
31164,64.29079999999982
31165,66.74039999999994
31166,63.073600000000205
31167,62.96359999999967
31168,65.57600000000005
31169,73.71359999999991
31170,62.80939999999975
31171,63.61759999999974
31172,66.40499999999986
31173,66.12020000000022
31174,69.0779999999997
31175,63.759599999999736
31176,66.88219999999983
31177,62.796800000000296
31178,63.93559999999964
31179,67.57040000000005
31180,66.95651999999998
31181,67.7853000000001
31182,64.22840000000012
31183,65.92300000000009
31184,69.67359999999995
31185,75.84180000000006
31186,65.38900000000017
31187,64.40860000000016
31188,66.8571999999997
31189,64.19940000000027
31190,66.18940000000012
31191,64.9597999999998
31192,63.37165000000033
31193,63.48780000000024
31194,68.75119999999981
31195,66.79199999999987
31196,63.43039999999997
31197,65.08299999999986
31198,69.88800000000019
31199,67.46539999999987
31200,65.67440000000015
31201,63.136720000000224
31202,66.65120000000006
31203,66.01419999999959
31204,64.5240000000001
31205,65.75320000000025
31206,63.11220000000044
31207,64.20840000000021
31208,66.33599999999988
31209,63.05566666666698
31210,66.11179999999969
31211,67.27639999999987
31212,63.41440000000033
31213,65.4609999999999
31214,64.82040000000002
31215,63.43600000000038
31216,69.78060000000005
31217,71.02279999999989
31218,64.72019999999998
31219,67.09479999999986
31220,66.89199999999988
31221,63.5204000000001
31222,76.39430000000006
31223,65.45960000000002
31224,69.08559999999994
31225,67.29599999999988
31226,64.47200000000022
31227,64.56600000000013
31228,72.56320000000007
31229,64.06859999999985
31230,72.55119999999991
31231,70.56739999999996
31232,66.65560000000005
31233,70.79040000000003
31234,63.39360000000022
31235,67.44260000000011
31236,81.1768
31237,67.4219999999999
31238,70.19180000000043
31239,63.44459999999977
31240,67.91319999999972
31241,65.7179999999998
31242,62.998600000000295
31243,71.45940000000009
31244,63.588399999999766
31245,67.91940000000011
31246,63.208600000000395
31247,61.97420000000007
31248,62.47460000000032
31249,66.41219999999984
31250,66.22439999999997
31251,63.2408000000003
31252,71.70139999999992
31253,66.32860000000011
31254,68.8781999999999
31255,65.20179999999989
31256,65.94920000000009
31257,65.14669999999998
31258,63.59020000000032
31259,64.87179999999992
31260,65.29559999999998
31261,63.02340000000039
31262,63.401600000000265
31263,66.31119999999963
31264,65.93980000000012
31265,70.17800000000004
31266,70.09339999999993
31267,66.15279999999979
31268,64.42670000000022
31269,66.25499999999998
31270,73.29880000000007
31271,68.94540000000023
31272,65.27240000000015
31273,68.7098000000002
31274,62.588400000000156
31275,67.39659999999999
31276,63.32700000000027
31277,65.94439999999997
31278,68.96059999999994
31279,64.55299999999986
31280,65.05680000000007
31281,72.6973999999999
31282,66.59399999999995
31283,65.9252
31284,73.6592000000001
31285,64.84940000000014
31286,65.28480000000008
31287,60.13820000000011
31288,67.16380000000014
31289,65.22999999999966
31290,67.52339999999978
31291,72.00280000000005
31292,67.17699999999992
31293,67.13339999999978
31294,69.69659999999995
31295,60.13840000000031
31296,64.91200000000013
31297,66.3049999999999
31298,68.4947999999998
31299,75.97599999999991
31300,65.99420000000028
31301,67.03199999999998
31302,63.440800000000436
31303,63.773799999999774
31304,79.41719999999987
31305,64.72120000000037
31306,67.74359999999982
31307,66.08640000000014
31308,67.35819999999998
31309,67.41639999999973
31310,65.17880000000001
31311,66.1797999999998
31312,67.42219999999975
31313,64.67040000000036
31314,67.01319999999981
31315,69.34399999999998
31316,64.47700000000016
31317,64.03279999999987
31318,64.08459999999988
31319,64.95240000000008
31320,72.75020000000013
31321,68.19839999999996
31322,66.80700000000017
31323,67.59199999999984
31324,77.83479999999989
31325,65.83660000000002
31326,63.84860000000013
31327,64.17260000000027
31328,66.92459999999973
31329,66.64300000000027
31330,63.54620000000038
31331,60.07419999999999
31332,67.80239999999992
31333,67.4241999999997
31334,64.99179999999986
31335,76.82600000000039
31336,67.18240000000017
31337,66.89679999999974
31338,67.14259999999977
31339,62.873800000000344
31340,67.5239999999999
31341,64.61339999999996
31342,67.16380000000001
31343,64.03100000000029
31344,66.41899999999971
31345,65.09300000000016
31346,67.2093999999999
31347,66.73939999999993
31348,63.29640000000001
31349,64.32840000000023
31350,64.49779999999991
31351,66.10699999999976
31352,68.4112000000002
31353,69.43119999999983
31354,65.9773999999997
31355,66.10026666666643
31356,68.80369999999974
31357,64.81499999999998
31358,64.99780000000008
31359,63.59140000000037
31360,65.18259999999974
31361,66.7283999999998
31362,65.8746
31363,67.92279999999987
31364,67.11420000000022
31365,65.86379999999987
31366,67.04740000000007
31367,67.12899999999982
31368,66.28859999999996
31369,63.825399999999796
31370,67.27339999999964
31371,65.34939999999989
31372,68.04859999999994
31373,61.19419999999975
31374,68.55199999999995
31375,64.39860000000026
31376,67.45999999999991
31377,63.60540000000036
31378,65.89439999999995
31379,66.27949999999987
31380,65.70799999999969
31381,64.22120000000024
31382,65.48360000000027
31383,66.98400000000012
31384,68.62419999999995
31385,65.06000000000031
31386,61.224799999999966
31387,63.28879999999984
31388,72.23180000000008
31389,64.39959999999998
31390,66.79719999999962
31391,63.79140000000007
31392,65.38299999999994
31393,66.2372000000001
31394,64.95200000000001
31395,66.3020000000001
31396,64.25939999999996
31397,64.8654
31398,66.07220000000007
31399,65.05699999999992
31400,68.29800000000036
31401,66.01600000000003
31402,61.06579999999993
31403,65.39559999999999
31404,66.36639999999966
31405,62.76479999999948
31406,64.76759999999997
31407,65.66119999999995
31408,66.10359999999993
31409,67.38880000000003
31410,70.24879999999968
31411,66.23959999999998
31412,64.69079999999964
31413,67.57159999999995
31414,66.13679999999987
31415,67.43840000000013
31416,72.95080000000014
31417,74.75080000000038
31418,67.5035999999996
31419,69.27511999999992
31420,66.77260000000011
31421,69.46940000000005
31422,61.108400000000024
31423,61.95880000000024
31424,66.93040000000016
31425,68.03399999999982
31426,62.88679999999963
31427,64.48979999999999
31428,64.28240000000004
31429,65.23560000000026
31430,64.7000000000003
31431,66.6373999999998
31432,64.43480000000001
31433,69.8497999999999
31434,67.79340000000003
31435,68.0451999999999
31436,65.5302
31437,62.43506666666639
31438,66.66860000000017
31439,65.38600000000015
31440,63.398199999999655
31441,64.0922000000002
31442,66.25999999999978
31443,65.25340000000016
31444,63.36659999999965
31445,63.41760000000033
31446,64.5598
31447,67.46300000000011
31448,72.60440000000008
31449,67.69919999999976
31450,67.08719999999984
31451,67.74779999999971
31452,64.67760000000017
31453,65.73160000000011
31454,62.89679999999955
31455,65.57260000000021
31456,67.96720000000015
31457,67.95200000000001
31458,68.76319999999977
31459,67.00660000000013
31460,59.97620000000003
31461,55.508923333333335
31462,63.78739999999993
31463,64.63420000000025
31464,62.89719999999985
31465,65.46619999999982
31466,63.7348000000002
31467,60.952599999999805
31468,63.96240000000005
31469,64.44140000000003
31470,62.768400000000376
31471,61.09480000000003
31472,63.3337999999997
31473,68.66139999999994
31474,65.50699999999995
31475,62.56519999999946
31476,67.38760000000013
31477,65.7657999999999
31478,63.66200000000031
31479,67.05900000000004
31480,59.903599999999756
31481,63.69800000000023
31482,66.32919999999991
31483,69.81939999999994
31484,71.14139999999988
31485,63.464199999999806
31486,65.51059999999998
31487,62.96440000000015
31488,74.58240000000015
31489,67.32359999999994
31490,65.58520000000013
31491,66.17859999999986
31492,64.99180000000015
31493,67.9388
31494,65.2776000000002
31495,65.30120000000036
31496,66.0334
31497,65.44660000000039
31498,66.77680000000001
31499,63.260000000000275
31500,62.878400000000006
31501,69.78259999999982
31502,67.14179999999989
31503,67.80319999999982
31504,66.76680000000009
31505,63.94140000000014
31506,74.96460000000006
31507,66.07439999999983
31508,64.93259999999985
31509,61.301599999999816
31510,60.99060000000006
31511,67.63700000000011
31512,68.15920000000017
31513,63.6898000000004
31514,67.30299999999991
31515,64.39800000000022
31516,65.00332000000014
31517,66.75419999999995
31518,65.687
31519,67.22500000000014
31520,59.52519999999996
31521,68.76140000000002
31522,64.69179999999993
31523,63.90480000000037
31524,64.60319999999993
31525,66.5479999999999
31526,64.84451999999978
31527,67.89099999999954
31528,67.0180000000001
31529,65.4567999999995
31530,63.97135000000023
31531,65.79560000000009
31532,66.87939999999973
31533,65.16119999999972
31534,65.09599999999988
31535,67.0779999999999
31536,59.45903999999995
31537,62.596600000000315
31538,62.77999999999995
31539,66.0787999999997
31540,66.74619999999972
31541,67.66519999999971
31542,64.95560000000017
31543,73.88160000000019
31544,77.82280000000002
31545,65.9528000000001
31546,66.01439999999992
31547,67.99919999999983
31548,66.00619999999988
31549,67.7966000000001
31550,64.18940000000003
31551,63.42539999999999
31552,66.0851999999997
31553,66.15120000000005
31554,67.91120000000019
31555,69.80439999999986
31556,78.60252000000001
31557,64.50859999999996
31558,64.99520000000012
31559,64.37159999999983
31560,67.86980000000011
31561,66.80060000000012
31562,68.0042000000001
31563,69.7748000000001
31564,72.8599999999999
31565,65.38739999999986
31566,60.3525999999996
31567,65.96819999999998
31568,66.64059999999994
31569,67.67679999999993
31570,64.90640000000032
31571,63.90680000000027
31572,67.99260000000004
31573,67.44180000000007
31574,64.85276000000002
31575,64.78619999999967
31576,65.41720000000021
31577,65.45120000000011
31578,64.40040000000037
31579,65.72860000000033
31580,65.4151999999997
31581,71.36899999999996
31582,72.3228
31583,64.5453999999996
31584,67.67979999999993
31585,65.50199999999984
31586,65.31565000000018
31587,67.49659999999999
31588,61.503399999999715
31589,64.96720000000018
31590,74.48459999999992
31591,66.94820000000011
31592,70.5977999999999
31593,60.632200000000005
31594,66.04239999999983
31595,73.24260000000007
31596,64.12320000000001
31597,65.73940000000027
31598,66.12060000000005
31599,63.91520000000038
31600,64.80819999999987
31601,69.44679999999995
31602,71.5797999999999
31603,64.72729999999981
31604,68.09820000000018
31605,62.792199999999625
31606,64.11460000000005
31607,64.76879999999998
31608,65.55740000000023
31609,64.25999999999996
31610,68.4351999999999
31611,68.83849999999995
31612,63.078599999999575
31613,66.91679999999988
31614,65.97420000000005
31615,64.4121999999998
31616,62.88020000000037
31617,64.07200000000027
31618,65.09140000000005
31619,68.09159999999986
31620,65.95866666666657
31621,64.89180000000022
31622,67.75179999999992
31623,67.05339999999993
31624,69.8856
31625,64.75899999999993
31626,68.00459999999993
31627,70.62279999999996
31628,69.9674
31629,68.62879999999966
31630,64.18340000000022
31631,68.84800000000007
31632,63.8904000000001
31633,62.83579999999973
31634,72.92620000000016
31635,60.66959999999991
31636,71.45779999999999
31637,65.40260000000029
31638,65.96739999999987
31639,66.8223333333331
31640,62.24019999999998
31641,69.05799999999978
31642,63.22820000000029
31643,67.44440000000003
31644,67.21580000000002
31645,67.99139999999974
31646,67.76560000000019
31647,65.86719999999988
31648,66.51399999999997
31649,65.83279999999964
31650,64.65519999999982
31651,64.64439999999998
31652,67.67259999999979
31653,65.3307999999999
31654,71.81599999999983
31655,66.80259999999986
31656,67.21260000000014
31657,66.45100000000012
31658,68.56460000000003
31659,63.4724000000003
31660,65.88540000000003
31661,62.77620000000045
31662,70.99279999999987
31663,69.75559999999999
31664,66.35199999999978
31665,65.24939999999991
31666,62.96740000000029
31667,64.55120000000011
31668,63.54700000000027
31669,67.60020000000014
31670,63.385400000000416
31671,63.18960000000042
31672,64.62720000000009
31673,65.82359999999986
31674,62.81800000000043
31675,69.048
31676,64.23000000000016
31677,70.60170000000001
31678,67.8841999999999
31679,63.19959999999972
31680,67.50919999999992
31681,65.50880000000025
31682,72.20499999999998
31683,67.44179999999986
31684,67.20020000000036
31685,65.17419999999998
31686,64.42380000000006
31687,66.79539999999976
31688,66.40839999999992
31689,65.72660000000006
31690,65.84459999999984
31691,66.07839999999969
31692,65.98519999999968
31693,57.644800000000195
31694,63.095000000000375
31695,66.86879999999995
31696,64.33760000000025
31697,63.38400000000031
31698,68.91739999999989
31699,67.91379999999995
31700,62.106399999999994
31701,64.13340000000018
31702,62.182999999999616
31703,60.82659999999989
31704,64.55420000000028
31705,64.36960000000008
31706,65.22560000000001
31707,61.418399999999984
31708,65.16479999999997
31709,68.94159999999994
31710,67.8953999999998
31711,67.57639999999974
31712,64.51020000000015
31713,72.77559999999997
31714,64.75980000000001
31715,62.57760000000015
31716,65.80140000000021
31717,63.61959999999992
31718,67.63419999999991
31719,71.43980000000013
31720,66.06419999999976
31721,55.09310000000002
31722,62.78980000000049
31723,64.82039999999989
31724,64.64500000000015
31725,63.21040000000025
31726,64.5465999999999
31727,70.53399999999993
31728,65.59059999999985
31729,64.16460000000028
31730,64.69760000000001
31731,64.15180000000001
31732,68.1598571428571
31733,62.71779999999972
31734,66.2778
31735,64.97219999999999
31736,60.62659999999981
31737,62.77839999999985
31738,62.9162000000001
31739,64.36500000000022
31740,67.03039999999979
31741,66.16480000000007
31742,64.18719999999996
31743,62.40940000000034
31744,65.87160000000003
31745,65.99480000000015
31746,77.32519999999995
31747,65.52439999999991
31748,66.29339999999985
31749,60.689000000000064
31750,63.61680000000033
31751,71.20760000000007
31752,66.5487999999999
31753,67.15939999999986
31754,63.448200000000334
31755,66.36519999999996
31756,60.05439999999981
31757,66.4677999999999
31758,63.0738000000004
31759,65.6433999999999
31760,63.13079999999965
31761,65.04179999999982
31762,64.42560000000016
31763,67.45939999999979
31764,60.07540000000016
31765,63.673999999999985
31766,67.99799999999999
31767,66.60739999999974
31768,66.42479999999986
31769,63.95520000000034
31770,69.68660000000004
31771,64.73040000000022
31772,66.96459999999956
31773,65.69860000000017
31774,61.01610000000007
31775,67.45160000000011
31776,66.0511999999999
31777,66.48859999999986
31778,65.79820000000002
31779,71.4307999999999
31780,67.7610000000001
31781,75.74000000000011
31782,63.73539999999984
31783,64.59699999999972
31784,63.153200000000304
31785,65.66499999999972
31786,67.3573999999997
31787,65.62899999999995
31788,71.03959999999996
31789,65.40879999999987
31790,64.5011999999999
31791,66.3404000000003
31792,64.24540000000003
31793,63.985800000000395
31794,68.32540000000013
31795,69.88959999999994
31796,67.34299999999992
31797,58.367500000000376
31798,65.00220000000007
31799,62.0575999999999
31800,63.62380000000023
31801,70.67300000000002
31802,63.62860000000032
31803,69.42060000000012
31804,63.49639999999989
31805,65.38460000000019
31806,62.01479999999981
31807,66.02960000000026
31808,65.80440000000017
31809,65.68380000000025
31810,63.37419999999991
31811,64.88699999999993
31812,66.11399999999998
31813,63.95780000000022
31814,63.37000000000041
31815,63.78391999999992
31816,65.94439999999997
31817,67.3563999999999
31818,68.58419999999987
31819,65.88360000000013
31820,63.632000000000296
31821,67.10339999999985
31822,68.49440000000013
31823,66.27760000000009
31824,66.09659999999988
31825,64.36939999999994
31826,64.72479999999987
31827,65.43699999999973
31828,65.4056000000001
31829,63.559799999999825
31830,67.08839999999971
31831,63.20920000000005
31832,67.53800000000001
31833,70.54159999999987
31834,59.898000000000025
31835,67.88700000000003
31836,71.82540000000003
31837,67.0723999999995
31838,66.12859999999985
31839,68.17599999999969
31840,65.79930000000002
31841,62.24900000000034
31842,67.00419999999961
31843,60.677399999999864
31844,66.57040000000032
31845,67.73249999999976
31846,64.50460000000025
31847,67.27679999999985
31848,64.67980000000006
31849,63.08459999999964
31850,64.54379999999992
31851,64.4896000000001
31852,67.27160000000005
31853,66.36339999999991
31854,64.83919999999998
31855,67.32139999999998
31856,65.66080000000002
31857,67.7107999999999
31858,68.22215000000008
31859,63.8234666666668
31860,67.56419999999999
31861,63.55240000000033
31862,68.84759999999994
31863,63.1332000000004
31864,68.13339999999994
31865,67.26139999999965
31866,64.42979999999997
31867,65.78280000000012
31868,67.6727999999998
31869,67.63540000000013
31870,64.38619999999975
31871,64.18099999999993
31872,65.46680000000013
31873,61.30440000000005
31874,65.77819999999964
31875,63.197400000000016
31876,64.93719999999982
31877,64.83319999999985
31878,70.84680000000016
31879,65.95000000000007
31880,66.06939999999987
31881,67.43399999999953
31882,71.67040000000026
31883,64.50820000000031
31884,69.22799999999975
31885,64.18539999999994
31886,57.287533333333656
31887,63.47439999999977
31888,65.21040000000033
31889,66.40820000000006
31890,65.15059999999981
31891,65.55499999999996
31892,74.81399999999971
31893,63.99500000000016
31894,66.00579999999978
31895,69.33579999999985
31896,65.47579999999968
31897,68.06559999999988
31898,66.36099999999969
31899,63.21140000000025
31900,64.51580000000004
31901,64.88000000000001
31902,66.82180000000018
31903,62.84439999999978
31904,67.69120000000035
31905,67.45240000000003
31906,69.32499999999996
31907,65.88840000000017
31908,64.35699999999993
31909,67.9837999999999
31910,62.70880000000043
31911,62.925000000000416
31912,60.85399999999971
31913,64.09020000000012
31914,63.19140000000033
31915,64.46060000000033
31916,66.06660000000014
31917,66.6263999999999
31918,64.42479999999999
31919,63.27080000000017
31920,63.8696000000003
31921,69.46820000000002
31922,75.90759999999995
31923,65.16020000000003
31924,66.07520000000004
31925,64.71059999999974
31926,68.73879999999993
31927,63.87240000000013
31928,64.0089999999999
31929,64.62139999999995
31930,65.40119999999992
31931,68.04099999999976
31932,64.04400000000005
31933,71.25259999999984
31934,64.44579999999974
31935,64.12120000000007
31936,65.98899999999992
31937,67.66799999999975
31938,67.01439999999981
31939,73.98720000000006
31940,65.7646
31941,67.96140000000013
31942,69.61440000000003
31943,64.04320000000023
31944,62.839599999999834
31945,66.02719999999997
31946,64.37419999999962
31947,66.23099999999991
31948,68.07499999999986
31949,65.06399999999987
31950,65.3236000000002
31951,68.36600000000016
31952,65.82119999999979
31953,60.398599999999824
31954,69.51040000000003
31955,64.99000000000002
31956,69.5466
31957,70.27900000000002
31958,66.88760000000013
31959,68.75179999999979
31960,64.93960000000027
31961,64.96060000000014
31962,64.16440000000013
31963,69.54280000000001
31964,69.76579999999989
31965,65.74360000000003
31966,64.40779999999997
31967,65.52419999999992
31968,73.16579999999996
31969,65.27640000000014
31970,68.45659999999974
31971,63.55919999999999
31972,66.87979999999996
31973,63.991800000000126
31974,63.27900000000034
31975,65.65339999999979
31976,67.12319999999977
31977,76.72579999999996
31978,65.95700000000006
31979,63.8222000000002
31980,65.62600000000005
31981,63.63259999999983
31982,62.311399999999736
31983,65.3188
31984,65.41000000000015
31985,64.37920000000004
31986,67.77739999999986
31987,63.92559999999972
31988,67.30180000000003
31989,78.26819999999991
31990,67.03860000000012
31991,65.07019999999976
31992,63.19900000000042
31993,64.42620000000021
31994,69.08679999999983
31995,65.89220000000005
31996,65.04799999999983
31997,66.52819999999976
31998,65.5959999999999
31999,68.10419999999985
32000,67.93119999999962
32001,68.06120000000014
32002,65.29880000000016
32003,66.61799999999981
32004,67.92299999999982
32005,64.9954000000002
32006,66.78159999999988
32007,65.91246666666645
32008,63.25720000000036
32009,63.24079999999977
32010,63.84520000000033
32011,65.92000000000006
32012,65.3655999999999
32013,64.01239999999984
32014,66.92180000000003
32015,63.71720000000036
32016,65.46780000000045
32017,65.92000000000017
32018,66.07949999999991
32019,67.79640000000009
32020,62.99560000000043
32021,67.29220000000002
32022,70.35139999999994
32023,64.37999999999987
32024,67.50120000000017
32025,68.5717999999997
32026,62.35140000000003
32027,69.45879999999993
32028,65.93340000000008
32029,66.22799999999992
32030,65.6641999999998
32031,64.98440000000032
32032,66.09020000000017
32033,64.49899999999995
32034,57.22140000000031
32035,64.21060000000027
32036,68.39519999999997
32037,64.1716000000002
32038,68.22700000000002
32039,62.96340000000036
32040,72.78939999999982
32041,62.57919999999948
32042,63.677800000000325
32043,61.291999999999724
32044,66.51899999999989
32045,66.75319999999984
32046,62.95979999999999
32047,66.16460000000009
32048,59.98359999999961
32049,64.67620000000042
32050,64.57379999999971
32051,65.1617999999999
32052,65.25500000000018
32053,67.13400000000033
32054,62.06100000000008
32055,63.987600000000214
32056,64.1164
32057,66.58380000000005
32058,64.55260000000018
32059,63.31920000000012
32060,79.88380000000006
32061,67.50589999999994
32062,65.41640000000001
32063,56.56202000000008
32064,63.89379999999997
32065,68.0547999999998
32066,69.97280000000012
32067,66.43420000000002
32068,67.81739999999971
32069,66.88100000000001
32070,63.45480000000015
32071,66.70600000000013
32072,65.54400000000014
32073,63.70760000000003
32074,71.38819999999993
32075,64.63839999999983
32076,66.84220000000025
32077,64.31179999999995
32078,66.98359999999992
32079,62.75860000000045
32080,63.53360000000034
32081,64.69439999999983
32082,62.696799999999506
32083,69.06579999999983
32084,78.69360000000002
32085,65.67400000000033
32086,64.9308000000002
32087,65.7960000000002
32088,65.72659999999975
32089,64.0375999999998
32090,67.17519999999988
32091,66.93039999999992
32092,67.71840000000003
32093,65.25179999999988
32094,62.31500000000024
32095,63.81820000000042
32096,67.07040000000006
32097,64.12900000000032
32098,62.70220000000044
32099,68.17079999999997
32100,65.144
32101,65.02499999999993
32102,65.92979999999997
32103,65.47799999999991
32104,78.06660000000018
32105,62.06599999999976
32106,70.3197999999999
32107,64.24059999999999
32108,68.67060000000035
32109,61.18320000000003
32110,61.60000000000019
32111,64.68179999999984
32112,66.65700000000008
32113,70.46840000000016
32114,67.03839999999995
32115,68.13420000000002
32116,65.10439999999988
32117,64.47299999999998
32118,66.63444999999977
32119,64.95179999999993
32120,66.11139999999973
32121,65.47759999999965
32122,70.10739999999991
32123,72.55980000000017
32124,71.76899999999974
32125,69.6097999999999
32126,67.40999999999995
32127,68.68260000000016
32128,66.68720000000009
32129,67.0151999999999
32130,63.82459999999971
32131,67.5386
32132,67.77139999999966
32133,61.633199999999604
32134,67.50239999999997
32135,67.11320000000016
32136,65.54686666666653
32137,67.89580000000016
32138,64.83919999999983
32139,66.73602666666673
32140,64.60840000000016
32141,66.42060000000006
32142,66.10099999999959
32143,70.7893999999998
32144,65.73033333333306
32145,69.5016000000001
32146,75.98219999999978
32147,65.25219999999982
32148,64.36179999999996
32149,54.69430523809528
32150,60.262800000000176
32151,71.0076
32152,62.39569999999955
32153,65.5088
32154,65.85540000000009
32155,65.64320000000005
32156,73.43359999999994
32157,66.8321999999996
32158,65.55760000000026
32159,65.6984
32160,64.85159999999989
32161,63.58659999999999
32162,65.39520000000007
32163,68.8595999999998
32164,65.91579999999992
32165,64.56919999999975
32166,64.33720000000034
32167,64.82439999999981
32168,66.45019999999977
32169,67.40119999999986
32170,66.87219999999989
32171,65.33000000000001
32172,64.84220000000005
32173,67.12719999999996
32174,70.62219999999992
32175,66.44059999999989
32176,64.86879999999994
32177,68.26979999999995
32178,67.1768000000001
32179,67.76960000000008
32180,65.6429999999999
32181,67.15959999999986
32182,65.01120000000024
32183,60.489400000000195
32184,69.6042666666665
32185,80.17819999999986
32186,69.83380000000015
32187,66.82400000000017
32188,62.64559999999962
32189,69.72139999999987
32190,64.5658
32191,65.72700000000029
32192,62.58159999999965
32193,65.79400000000001
32194,63.15120000000046
32195,66.18459999999992
32196,58.3550665079365
32197,65.4508
32198,65.65179999999988
32199,66.88359999999996
32200,69.54280000000008
32201,68.30979999999983
32202,66.31920000000018
32203,62.49299999999962
32204,66.1291999999999
32205,65.38699999999989
32206,66.29719999999975
32207,63.69000000000039
32208,77.89280000000011
32209,65.1241999999999
32210,63.04620000000036
32211,63.10640000000041
32212,65.35579999999992
32213,68.70640000000012
32214,62.882599999999805
32215,67.67420000000006
32216,68.14520000000002
32217,67.7232000000001
32218,64.10412000000004
32219,63.89939999999985
32220,67.18099999999994
32221,63.74640000000025
32222,64.2832000000003
32223,64.3261999999997
32224,66.4241999999999
32225,65.34840000000013
32226,66.27119999999982
32227,70.15659999999984
32228,64.71219999999995
32229,65.34359999999982
32230,67.97700000000034
32231,71.38200000000012
32232,63.91100000000011
32233,68.5357999999999
32234,64.41079999999998
32235,76.29339999999995
32236,64.78260000000024
32237,65.26220000000013
32238,63.36900000000006
32239,69.83239999999994
32240,65.25260000000038
32241,65.64399999999978
32242,65.12339999999956
32243,64.1347999999998
32244,67.03440000000015
32245,75.68099999999994
32246,72.60139999999988
32247,63.14170000000034
32248,65.89480000000006
32249,66.04079999999982
32250,64.18280000000033
32251,65.08399999999986
32252,66.2243999999998
32253,62.64840000000015
32254,65.24699999999974
32255,67.1683999999999
32256,65.31600000000019
32257,64.77520000000008
32258,63.82000000000041
32259,77.55199999999995
32260,71.40620000000027
32261,64.12200000000021
32262,67.0224000000001
32263,63.16700000000041
32264,68.6126000000001
32265,64.98119999999996
32266,64.09679999999989
32267,67.10060000000034
32268,63.03700000000025
32269,72.28000000000014
32270,71.32359999999979
32271,64.77119999999988
32272,66.1557999999998
32273,62.94779999999973
32274,62.942400000000355
32275,66.32579999999973
32276,67.9297999999997
32277,66.6885999999999
32278,67.12205000000003
32279,68.13919999999997
32280,67.92739999999976
32281,69.99880000000003
32282,71.5298999999998
32283,66.61100000000005
32284,68.43179999999977
32285,68.97699999999992
32286,64.12080000000027
32287,64.08999999999997
32288,64.79299999999995
32289,64.29530000000038
32290,83.70840000000013
32291,72.37720000000013
32292,66.56339999999975
32293,64.79920000000025
32294,65.71920000000014
32295,65.80979999999991
32296,59.84299999999965
32297,78.24960000000003
32298,64.44639999999994
32299,64.83840000000026
32300,56.09780000000029
32301,63.0692000000004
32302,66.77431999999992
32303,66.68999999999976
32304,66.67659999999984
32305,77.96139999999981
32306,64.69539999999992
32307,66.35539999999978
32308,65.10280000000014
32309,65.54359999999966
32310,69.10820000000002
32311,63.87780000000029
32312,70.96260000000001
32313,66.55559999999979
32314,69.37059999999988
32315,66.15039999999998
32316,67.03739999999992
32317,64.85660000000003
32318,65.32900000000016
32319,76.66780000000003
32320,66.95559999999986
32321,68.43779999999995
32322,63.80980000000037
32323,64.43739999999981
32324,66.75360000000013
32325,64.94199999999991
32326,61.937999999999704
32327,68.7019999999998
32328,67.70540000000013
32329,70.20479999999996
32330,63.474199999999854
32331,64.30310000000037
32332,64.37240000000023
32333,65.74460000000005
32334,65.76919999999988
32335,68.24940000000008
32336,67.88379999999992
32337,69.46899999999961
32338,66.90280000000004
32339,67.36600000000018
32340,64.70260000000015
32341,63.154600000000364
32342,71.62399999999994
32343,54.7697388489289
32344,65.82319999999984
32345,63.874000000000315
32346,64.41860000000014
32347,67.28160000000005
32348,67.32380000000006
32349,66.14159999999971
32350,63.120400000000345
32351,61.475200000000264
32352,64.0834000000001
32353,63.488600000000176
32354,63.320000000000455
32355,68.12879999999983
32356,66.44079999999994
32357,63.379999999999704
32358,60.74639999999996
32359,60.81980000000011
32360,64.27639999999984
32361,63.2117999999998
32362,66.23020000000005
32363,68.5917999999998
32364,62.86999999999968
32365,67.13240000000002
32366,68.44820000000017
32367,68.41080000000031
32368,66.27940000000027
32369,69.02980000000004
32370,64.62899999999999
32371,67.146
32372,66.68779999999988
32373,63.339000000000446
32374,71.4912000000001
32375,66.76720000000024
32376,66.45819999999986
32377,69.58619999999974
32378,66.68719999999995
32379,63.65320000000025
32380,70.72420000000011
32381,66.96040000000004
32382,69.38419999999967
32383,62.76140000000049
32384,64.87740000000016
32385,66.79999999999997
32386,83.06959999999987
32387,63.99920000000027
32388,67.26559999999988
32389,56.92843999999989
32390,66.45279999999983
32391,66.11259999999984
32392,62.4002742857145
32393,67.84739999999992
32394,61.09919999999998
32395,64.36099999999975
32396,69.34940000000002
32397,82.02979999999994
32398,60.93279999999996
32399,65.90939999999983
32400,65.71439999999993
32401,70.03940000000014
32402,66.47540000000002
32403,64.4307999999999
32404,65.82199999999995
32405,62.979800000000424
32406,64.36640000000004
32407,65.71999999999984
32408,69.60779999999986
32409,69.62340000000006
32410,64.07239999999975
32411,65.97439999999996
32412,65.68155999999975
32413,70.99940000000004
32414,64.37119999999983
32415,62.68939999999977
32416,68.71740000000005
32417,65.63419999999996
32418,63.33019999999984
32419,64.92240000000005
32420,66.88806666666642
32421,65.61479999999992
32422,66.58319999999965
32423,64.19320000000025
32424,65.35900000000001
32425,66.42599999999987
32426,72.51839999999991
32427,66.87480000000019
32428,66.26280000000015
32429,64.08579999999981
32430,72.47260000000004
32431,65.03999999999985
32432,65.93660000000003
32433,67.5167000000001
32434,67.6021999999999
32435,74.92740000000006
32436,73.26579999999993
32437,69.52120000000006
32438,63.166520000000325
32439,66.10519999999961
32440,65.14539999999988
32441,67.29639999999999
32442,65.72180000000002
32443,66.64859999999962
32444,62.201000000000015
32445,67.66779999999999
32446,63.409000000000425
32447,65.06719999999999
32448,66.56979999999994
32449,70.0784
32450,66.01680000000007
32451,66.07559999999977
32452,68.03299999999996
32453,69.00019999999972
32454,64.77639999999997
32455,64.44360000000002
32456,63.9185999999999
32457,71.42360000000012
32458,65.13600000000002
32459,65.44820000000009
32460,69.28939999999992
32461,66.57099999999993
32462,62.89399999999954
32463,63.345400000000254
32464,65.90380000000005
32465,63.651800000000314
32466,81.35480000000027
32467,66.30299999999986
32468,68.62859999999993
32469,72.15059999999995
32470,64.22000000000007
32471,64.6269999999999
32472,64.82980000000009
32473,70.29879999999997
32474,67.91399999999989
32475,66.13240000000022
32476,65.33760000000026
32477,66.6316
32478,66.74539999999983
32479,64.95999999999987
32480,64.89359999999994
32481,57.12110000000039
32482,67.86619999999989
32483,63.89680000000032
32484,65.07900000000025
32485,70.88279999999992
32486,64.43259999999997
32487,68.63740000000017
32488,64.94140000000007
32489,67.99060000000019
32490,66.15359999999974
32491,66.54799999999969
32492,63.041999999999994
32493,67.2146000000002
32494,67.46660000000003
32495,73.47960000000019
32496,63.36599999999967
32497,68.64100000000005
32498,64.24194000000023
32499,65.53160000000008
32500,82.28080000000006
32501,65.82040000000002
32502,65.60880000000007
32503,64.72200000000024
32504,67.47359999999968
32505,70.87700000000004
32506,64.97219999999982
32507,63.40579999999968
32508,63.25140000000035
32509,65.61660000000003
32510,64.08080000000007
32511,64.30120000000024
32512,63.31820000000043
32513,66.56800000000001
32514,61.203399999999945
32515,62.81540000000038
32516,63.78699999999982
32517,62.80760000000018
32518,67.63980000000011
32519,64.6474
32520,70.26179999999991
32521,64.42560000000024
32522,63.499200000000336
32523,66.21180000000022
32524,65.2915999999998
32525,65.29079999999988
32526,63.355399999999705
32527,65.99320000000017
32528,64.24819999999976
32529,80.24979999999992
32530,64.34979999999982
32531,66.81239999999993
32532,64.76539999999981
32533,66.3228
32534,60.0773999999997
32535,64.42280000000002
32536,67.05019999999972
32537,65.7391999999998
32538,72.62099999999994
32539,68.87800000000013
32540,66.87239999999991
32541,64.73159999999991
32542,67.04640000000006
32543,65.82019999999989
32544,66.19160000000005
32545,66.94119999999982
32546,66.05880000000002
32547,68.6698
32548,65.45519999999983
32549,67.2914
32550,72.9458000000003
32551,70.39000000000003
32552,67.73820000000002
32553,66.63819999999987
32554,65.71099999999997
32555,65.38679999999997
32556,67.25019999999995
32557,65.57380000000013
32558,66.18139999999994
32559,63.520400000000215
32560,71.04740000000018
32561,61.01879999999991
32562,74.68460000000015
32563,69.4299533333332
32564,71.43020000000011
32565,66.56040000000014
32566,64.98180000000032
32567,63.917699999999925
32568,65.63439999999999
32569,65.47159999999984
32570,59.94540000000024
32571,66.21499999999979
32572,66.1811999999999
32573,72.51939999999996
32574,63.173000000000286
32575,67.20299999999992
32576,64.99680000000009
32577,59.920000000000236
32578,62.87999999999973
32579,63.44260000000034
32580,71.46879999999999
32581,69.39660000000005
32582,65.5025999999997
32583,65.9819999999997
32584,68.60119999999984
32585,61.02799999999998
32586,64.09520000000016
32587,66.4748000000001
32588,71.03979999999993
32589,64.93999999999944
32590,69.07199999999999
32591,66.8
32592,71.9759999999999
32593,66.7164
32594,62.62139999999959
32595,63.264000000000436
32596,64.53219999999985
32597,64.44799999999982
32598,71.86079999999991
32599,63.626199999999876
32600,72.4833999999999
32601,67.07219999999982
32602,66.01120000000006
32603,63.905080000000055
32604,63.07079999999974
32605,66.23659999999983
32606,69.0908000000001
32607,54.55163
32608,64.56259999999995
32609,63.48880000000039
32610,79.62860000000003
32611,60.388799999999875
32612,64.04099999999971
32613,69.26420000000007
32614,65.70220000000005
32615,68.82479999999988
32616,66.00560000000006
32617,66.85759999999982
32618,64.27039999999995
32619,63.948800000000084
32620,64.73099999999992
32621,65.53560000000012
32622,73.34920000000011
32623,66.43719999999982
32624,66.26219999999992
32625,62.06519999999985
32626,67.0123999999999
32627,67.11859999999974
32628,65.44520000000004
32629,63.65319999999986
32630,65.84880000000013
32631,66.46079999999992
32632,63.21539999999984
32633,63.425799999999725
32634,63.5002000000003
32635,66.84639999999978
32636,66.11759999999997
32637,68.41619999999978
32638,69.70380000000013
32639,64.99739999999987
32640,70.94240000000006
32641,66.61839999999997
32642,65.55299999999978
32643,63.78199999999977
32644,66.7203999999999
32645,63.38880000000009
32646,64.13780000000001
32647,71.16279999999993
32648,60.25159999999992
32649,72.89939999999991
32650,65.19920000000025
32651,59.98999999999992
32652,54.42650666666666
32653,63.520800000000285
32654,63.51560000000039
32655,65.68479999999968
32656,83.94320000000006
32657,63.21080000000027
32658,66.85940000000001
32659,65.88460000000012
32660,66.55140000000003
32661,56.980400000000316
32662,63.567400000000326
32663,60.76019999999964
32664,65.7882000000001
32665,63.75859999999999
32666,66.08586666666662
32667,66.80699999999995
32668,68.07140000000005
32669,71.36819999999997
32670,67.36320000000006
32671,66.31499999999966
32672,67.35380000000015
32673,78.31140000000003
32674,68.20699999999975
32675,66.86300000000001
32676,62.86159999999996
32677,68.06749999999984
32678,67.59460000000014
32679,65.36980000000023
32680,65.92559999999987
32681,71.062
32682,66.53199999999993
32683,67.66599999999958
32684,72.7742
32685,71.46039999999996
32686,69.13880000000015
32687,63.965399999999946
32688,66.54000000000009
32689,69.0361999999999
32690,67.60019999999987
32691,66.63019999999982
32692,65.17000000000017
32693,68.62959999999975
32694,69.3422
32695,63.21299999999981
32696,64.21679999999994
32697,66.25799999999997
32698,65.22979999999977
32699,67.59359999999981
32700,64.55459999999994
32701,67.95800000000006
32702,69.32700000000007
32703,66.21760000000005
32704,61.52380000000005
32705,64.57480000000018
32706,63.27699999999972
32707,64.09080000000021
32708,68.45560000000013
32709,62.981399999999766
32710,74.263
32711,63.8479999999999
32712,66.78039999999993
32713,64.23040000000029
32714,63.9756000000003
32715,63.664633333333406
32716,65.31559999999989
32717,66.11233333333318
32718,64.12420000000036
32719,64.00079999999987
32720,62.713600000000326
32721,68.10399999999986
32722,65.13700000000007
32723,66.65579999999983
32724,67.23939999999986
32725,66.04380000000006
32726,64.83239999999985
32727,66.69140000000004
32728,65.92640000000003
32729,65.90980000000023
32730,65.98999999999981
32731,69.70119999999986
32732,65.21620000000013
32733,66.36840000000007
32734,65.06660000000014
32735,67.73739999999998
32736,66.9054666666664
32737,59.028600000000104
32738,64.79619999999998
32739,66.01459999999985
32740,62.930600000000055
32741,68.48959999999984
32742,63.082399999999694
32743,63.104800000000296
32744,66.21919999999976
32745,65.78139999999972
32746,69.41200000000003
32747,68.02699999999989
32748,72.35859999999985
32749,63.95539999999999
32750,74.52199999999992
32751,62.92420000000018
32752,71.85680000000005
32753,63.973799999999954
32754,70.36259999999996
32755,65.61420000000024
32756,67.75480000000012
32757,65.97320000000003
32758,66.42460000000005
32759,63.685400000000406
32760,65.75679999999979
32761,68.33719999999987
32762,65.87640000000025
32763,63.01880000000035
32764,66.1268
32765,63.094200000000384
32766,64.50780000000019
32767,66.80719999999978
32768,66.94459999999988
32769,65.89999999999986
32770,69.82739999999994
32771,66.24379999999998
32772,66.55679999999994
32773,68.09959999999975
32774,71.94759999999978
32775,64.04819999999978
32776,69.22019999999989
32777,63.34400000000002
32778,66.60680000000022
32779,69.50820000000002
32780,70.64220999999992
32781,63.53819999999961
32782,65.73439999999987
32783,64.83540000000009
32784,69.88759999999995
32785,70.76140000000026
32786,63.310600000000285
32787,67.76119999999996
32788,62.795800000000106
32789,75.19339999999994
32790,66.4617999999999
32791,64.6136000000003
32792,68.8362000000002
32793,66.81019999999982
32794,63.777800000000305
32795,69.67359999999994
32796,75.09708571428578
32797,69.41619999999988
32798,67.13199999999982
32799,68.00380000000004
32800,66.50079999999991
32801,66.47879999999995
32802,64.61920000000042
32803,65.76520000000006
32804,65.64339999999996
32805,64.82860000000015
32806,64.99470000000007
32807,65.31439999999995
32808,64.54619999999993
32809,68.91159999999999
32810,65.81000000000004
32811,65.7236
32812,63.64940000000015
32813,62.58240000000005
32814,64.33040000000027
32815,65.38179999999979
32816,75.28583333333358
32817,63.433199999999715
32818,60.95960000000004
32819,66.26599999999988
32820,72.97040000000015
32821,64.195
32822,64.37880000000014
32823,63.19860000000013
32824,65.79740000000017
32825,65.27399999999979
32826,69.08040000000003
32827,70.11359999999989
32828,66.87599999999999
32829,66.18500000000007
32830,67.12860000000008
32831,66.27699999999989
32832,65.12200000000014
32833,66.02299999999977
32834,63.47520000000028
32835,70.28960000000009
32836,65.61239999999958
32837,65.61339999999969
32838,65.73000000000015
32839,65.58959999999979
32840,62.69779999999992
32841,70.85719999999988
32842,67.55220000000003
32843,72.86839999999972
32844,64.7384000000002
32845,68.15700000000005
32846,66.83040000000005
32847,68.73540000000004
32848,68.0222000000001
32849,67.58880000000005
32850,67.32859999999984
32851,68.59720000000016
32852,66.16580000000005
32853,66.38559999999995
32854,65.71320000000023
32855,67.17899999999987
32856,65.09960000000024
32857,65.17139999999995
32858,66.95979999999972
32859,66.20519999999999
32860,67.51900000000008
32861,66.24419999999999
32862,63.36499999999991
32863,69.39120000000021
32864,68.40979999999988
32865,62.940600000000394
32866,64.88960000000006
32867,68.46259999999987
32868,67.43799999999978
32869,60.44259999999985
32870,68.47
32871,72.43860000000008
32872,67.0987999999998
32873,66.72099999999976
32874,69.4531999999998
32875,64.59719999999962
32876,67.39179999999985
32877,69.8276
32878,69.42799999999978
32879,64.77799999999998
32880,69.28399999999998
32881,66.10280000000007
32882,63.99699999999998
32883,71.08220000000006
32884,66.11860000000007
32885,82.16099999999996
32886,64.81360000000019
32887,66.32660000000004
32888,77.35640000000002
32889,67.85919999999972
32890,65.41560000000024
32891,66.44859999999998
32892,67.39339999999999
32893,65.9000000000001
32894,60.11079999999988
32895,64.22760000000032
32896,64.00480000000029
32897,66.10380000000005
32898,73.71900000000002
32899,63.426999999999744
32900,60.70119999999979
32901,78.45239999999995
32902,68.0558000000003
32903,65.17439999999985
32904,61.52529999999974
32905,64.75680000000014
32906,64.0349999999998
32907,70.93060000000008
32908,64.57659999999994
32909,64.14320000000001
32910,64.28339999999994
32911,65.0054000000003
32912,66.4060000000001
32913,65.3978
32914,63.91360000000026
32915,65.41880000000016
32916,65.19420000000018
32917,63.7206000000002
32918,65.97919999999988
32919,68.77119999999987
32920,68.70579999999981
32921,63.91499999999971
32922,66.56879999999985
32923,67.40119999999992
32924,66.55300000000024
32925,63.74540000000026
32926,64.92239999999984
32927,66.70859999999996
32928,77.3596000000001
32929,65.87220000000023
32930,64.62340000000012
32931,65.34019999999998
32932,64.68919999999959
32933,66.97099999999982
32934,69.02080000000005
32935,67.30519999999986
32936,64.33700000000012
32937,71.413
32938,67.72800000000008
32939,81.11859999999997
32940,55.686000000000014
32941,63.91819999999999
32942,69.97360000000005
32943,64.96379999999982
32944,67.70320000000004
32945,68.69359999999973
32946,66.2297999999999
32947,73.53079999999984
32948,79.45479999999971
32949,67.65699999999977
32950,62.63279999999972
32951,62.43180000000009
32952,64.49160000000025
32953,65.97899999999994
32954,64.31779999999978
32955,63.528199999999984
32956,69.1771999999999
32957,63.72519999999983
32958,64.14380000000027
32959,65.92339999999999
32960,68.81639999999989
32961,66.2256000000001
32962,63.59919999999976
32963,63.59220000000029
32964,70.20459999999983
32965,64.68980000000012
32966,67.1381999999999
32967,64.05660000000026
32968,62.07480000000003
32969,68.77379999999997
32970,63.418400000000176
32971,64.50479999999973
32972,61.718000000000046
32973,66.2918000000002
32974,63.95140000000019
32975,68.6208
32976,61.98620000000006
32977,64.64819999999995
32978,73.99260000000005
32979,66.69499999999978
32980,66.71959999999987
32981,66.34860000000015
32982,64.53739999999999
32983,68.74679999999998
32984,65.76379999999975
32985,65.6878000000002
32986,65.54240000000006
32987,67.1058000000001
32988,75.96180000000011
32989,64.93259999999978
32990,65.6641999999998
32991,65.33399999999978
32992,65.63250000000028
32993,66.29859999999992
32994,64.41580000000032
32995,68.15060000000004
32996,66.15720000000012
32997,64.76700000000011
32998,66.44459999999988
32999,74.42779999999986
33000,69.04859999999982
33001,60.454199999999595
33002,65.12720000000007
33003,67.41239999999995
33004,54.92770333333339
33005,66.23059999999978
33006,65.69240000000009
33007,66.393
33008,66.26280000000011
33009,64.73680000000006
33010,65.2391999999999
33011,64.08379999999978
33012,66.30409999999966
33013,62.962600000000094
33014,64.11099999999985
33015,67.34419999999979
33016,66.65699999999994
33017,64.44660000000025
33018,67.65759999999989
33019,65.20759999999981
33020,64.47139999999972
33021,64.52779999999977
33022,67.00280000000015
33023,66.11079999999997
33024,66.14460000000015
33025,63.93820000000035
33026,67.24079999999995
33027,67.91720000000007
33028,65.46539999999986
33029,65.63360000000033
33030,60.637199999999645
33031,59.27359999999996
33032,68.47079999999995
33033,63.06380000000041
33034,73.6989999999999
33035,66.23939999999988
33036,65.44720000000001
33037,66.81220000000006
33038,65.80959999999982
33039,70.20070000000005
33040,66.55399999999995
33041,68.12879999999998
33042,63.15140000000037
33043,65.73519999999978
33044,64.04420000000005
33045,66.32540000000013
33046,60.294599999999924
33047,68.57840000000013
33048,64.03680000000028
33049,64.671
33050,64.3596
33051,67.47599999999983
33052,63.017800000000236
33053,70.28460000000007
33054,64.95359999999994
33055,65.23680000000016
33056,67.90380000000006
33057,64.25179999999968
33058,68.4458000000001
33059,66.62059999999985
33060,66.90879999999974
33061,64.92720000000014
33062,66.62299999999995
33063,60.01280000000018
33064,64.21219999999965
33065,66.75199999999994
33066,68.25780000000012
33067,67.65519999999981
33068,64.77040000000025
33069,71.57640000000004
33070,64.54739999999991
33071,66.60640000000006
33072,69.52100000000013
33073,63.667799999999865
33074,63.555799999999685
33075,65.60299999999991
33076,66.69039999999963
33077,63.73800000000026
33078,67.24559999999997
33079,65.52279999999989
33080,68.32660000000023
33081,66.75060000000009
33082,66.4693999999999
33083,69.284
33084,72.23960000000002
33085,67.46399999999979
33086,68.62559999999982
33087,67.99540000000029
33088,66.25899999999994
33089,62.476799999999535
33090,67.75780000000006
33091,63.20180000000039
33092,65.98559999999962
33093,63.604200000000326
33094,69.17699999999999
33095,65.32080000000013
33096,68.20500000000007
33097,64.29060000000003
33098,67.06039999999965
33099,64.27039999999998
33100,72.97379999999997
33101,63.54780000000039
33102,61.34859999999995
33103,66.49000000000004
33104,68.75534999999992
33105,64.82059999999996
33106,71.81760000000006
33107,64.24560000000005
33108,64.80759999999974
33109,68.17399999999991
33110,59.44939999999987
33111,65.76159999999996
33112,66.43220000000004
33113,70.39719999999991
33114,76.78619999999992
33115,64.06619999999992
33116,63.63099999999989
33117,64.39120000000027
33118,62.96160000000039
33119,65.82679999999965
33120,64.10480000000025
33121,64.76420000000002
33122,65.2564
33123,65.94540000000019
33124,60.686199999999964
33125,66.85820000000001
33126,64.79450000000038
33127,67.36360000000002
33128,65.4937999999998
33129,74.00620000000002
33130,70.7093999999998
33131,64.72959999999992
33132,62.739400000000344
33133,68.44679999999985
33134,65.01979999999988
33135,66.5520000000001
33136,67.1132
33137,65.83539999999986
33138,70.75379999999994
33139,66.64319999999985
33140,81.90339999999992
33141,65.66446666666675
33142,63.54800000000004
33143,61.90540000000001
33144,65.73420000000013
33145,64.27340000000018
33146,67.99199999999969
33147,62.77120000000033
33148,73.9700000000003
33149,63.38280000000002
33150,72.16480000000026
33151,71.79099999999995
33152,70.08319999999979
33153,65.75700000000015
33154,65.62680000000016
33155,63.15019999999966
33156,70.63360000000006
33157,65.16520000000038
33158,58.90211666666693
33159,66.21459999999985
33160,74.78000000000016
33161,71.57219999999992
33162,69.42699999999995
33163,64.4821999999998
33164,70.78300000000002
33165,64.64040000000017
33166,63.628800000000034
33167,65.61879999999981
33168,67.68160000000016
33169,65.72099999999972
33170,67.35759999999999
33171,64.52599999999974
33172,64.30920000000025
33173,66.64799999999985
33174,65.3315
33175,62.661599999999645
33176,65.45140000000023
33177,65.68679999999983
33178,66.28179999999988
33179,65.04480000000002
33180,66.46399999999977
33181,70.5981999999999
33182,66.6171999999997
33183,67.16100000000033
33184,64.3497999999999
33185,67.16259999999998
33186,67.35639999999997
33187,67.65959999999984
33188,62.77160000000013
33189,65.41920000000009
33190,69.07040000000042
33191,65.02739999999989
33192,64.61639999999984
33193,64.62300000000016
33194,67.73459999999972
33195,64.21659999999972
33196,79.32059999999991
33197,68.23689999999979
33198,69.74279999999983
33199,69.33979999999983
33200,65.13580000000002
33201,67.28659999999986
33202,67.69759999999984
33203,65.75060000000025
33204,65.15099999999981
33205,67.18844000000001
33206,64.71140000000011
33207,66.15019999999963
33208,68.14499999999991
33209,71.26279999999993
33210,58.39953285714283
33211,66.52959999999983
33212,70.45899999999992
33213,69.92139999999989
33214,66.5035999999997
33215,60.73159999999986
33216,72.7355999999999
33217,66.32559999999987
33218,68.02280000000005
33219,67.69099999999973
33220,68.58620000000002
33221,70.52579999999995
33222,67.04099999999988
33223,64.93040000000016
33224,63.34180000000026
33225,63.546400000000304
33226,78.56799999999997
33227,66.54700000000022
33228,71.51099999999994
33229,67.41799999999974
33230,65.28460000000014
33231,72.78799999999993
33232,65.91579999999988
33233,67.99019999999979
33234,64.0551999999999
33235,62.778599999999685
33236,74.26359999999995
33237,63.6148000000004
33238,60.57000000000033
33239,65.16960000000016
33240,62.18419999999987
33241,67.16940000000001
33242,67.65540000000017
33243,66.53039999999972
33244,59.38419999999996
33245,61.74419999999993
33246,65.52119999999996
33247,65.88480000000015
33248,65.82360000000014
33249,64.55040000000024
33250,63.253400000000305
33251,66.89780000000013
33252,71.23399999999997
33253,66.12439999999991
33254,79.38646666666654
33255,68.62960000000018
33256,67.9335999999998
33257,66.5911999999998
33258,71.35180000000005
33259,60.315600000000025
33260,77.95439999999954
33261,68.09920000000005
33262,63.401200000000074
33263,68.97239999999971
33264,63.69300000000035
33265,65.44579999999979
33266,67.26880000000025
33267,62.29059999999982
33268,67.74859999999988
33269,70.34940000000009
33270,65.49460000000013
33271,65.41039999999978
33272,65.8128000000002
33273,68.83980000000005
33274,64.50139999999979
33275,67.04339999999969
33276,63.965599999999846
33277,67.5776
33278,65.35139999999987
33279,64.42760000000018
33280,63.941600000000356
33281,60.40020000000028
33282,64.06630000000003
33283,63.02640000000028
33284,76.95899999999988
33285,63.17880000000041
33286,71.54499999999997
33287,63.389400000000265
33288,64.08080000000022
33289,64.07819999999994
33290,63.40320000000023
33291,63.33919999999977
33292,66.39180000000015
33293,66.05799999999972
33294,69.44039999999997
33295,67.39339999999969
33296,64.11650000000031
33297,65.93199999999992
33298,70.59979999999996
33299,66.6030000000001
33300,64.16820000000021
33301,64.92740000000026
33302,63.67959999999971
33303,68.19279999999996
33304,65.80199999999974
33305,61.64019999999993
33306,66.55599999999993
33307,65.5115999999999
33308,68.46499999999993
33309,64.18620000000034
33310,63.03140000000037
33311,67.59539999999998
33312,64.48120000000023
33313,66.74459999999995
33314,66.59879999999987
33315,61.52560000000024
33316,62.78920000000045
33317,72.84860000000005
33318,67.5832
33319,64.52900000000011
33320,64.75279999999984
33321,65.91999999999976
33322,63.46620000000025
33323,66.38279999999989
33324,68.46740000000004
33325,62.895000000000444
33326,68.70399999999994
33327,76.26479999999977
33328,56.85867333333324
33329,70.49099999999997
33330,65.19640000000015
33331,67.66839999999982
33332,63.49800000000007
33333,66.37820000000009
33334,68.71860000000005
33335,67.25020000000015
33336,67.46279999999972
33337,65.01200000000011
33338,73.45700000000022
33339,65.34580000000045
33340,63.57619999999984
33341,67.39720000000005
33342,66.11479999999999
33343,69.74540000000013
33344,75.31439999999982
33345,62.37146666666686
33346,66.09239999999983
33347,64.38480000000027
33348,68.67199999999985
33349,63.87340000000002
33350,64.04160000000026
33351,67.72180000000012
33352,66.20239999999991
33353,64.87719999999995
33354,64.76760000000047
33355,65.83300000000028
33356,67.05120000000008
33357,64.58960000000022
33358,65.8078
33359,64.59880000000014
33360,66.57340000000009
33361,64.53199999999984
33362,64.18479999999994
33363,70.73380000000002
33364,64.49180000000023
33365,67.11640000000018
33366,66.72619999999998
33367,65.26859999999989
33368,63.986400000000245
33369,66.83720000000015
33370,60.224199999999996
33371,66.01300000000005
33372,64.05740000000033
33373,66.63880000000009
33374,63.76180000000036
33375,65.6893999999999
33376,60.59879999999991
33377,70.2425999999999
33378,66.27439999999986
33379,69.50240000000008
33380,62.64260000000035
33381,66.98880000000001
33382,64.8176000000003
33383,64.88920000000013
33384,63.92380000000031
33385,66.93099999999994
33386,68.47939999999966
33387,66.10640000000004
33388,65.47200000000004
33389,68.11100000000009
33390,68.71499999999969
33391,62.9206000000004
33392,70.6216
33393,66.22659999999978
33394,60.5764
33395,62.60859999999956
33396,67.64219999999997
33397,68.02179999999989
33398,64.51119999999993
33399,64.65139999999982
33400,67.82919999999974
33401,66.59980000000002
33402,65.9275999999998
33403,60.010293333333586
33404,65.97980000000037
33405,63.58660000000012
33406,80.51060000000015
33407,65.10179999999993
33408,69.14209999999999
33409,70.76640000000009
33410,64.79260000000004
33411,63.24040000000008
33412,67.60859999999992
33413,64.07819999999984
33414,64.07579999999986
33415,68.0235999999999
33416,66.2966000000001
33417,67.63259999999977
33418,64.389
33419,65.77859999999991
33420,66.4165999999998
33421,66.04720000000016
33422,65.27719999999982
33423,62.642399999999846
33424,68.00739999999976
33425,68.74459999999999
33426,60.8944
33427,68.36619999999988
33428,70.43800000000009
33429,68.44919999999998
33430,65.08440000000027
33431,68.44460000000004
33432,64.61020000000045
33433,63.12979999999973
33434,69.06199999999997
33435,63.796200000000155
33436,63.46820000000039
33437,60.95879999999984
33438,66.0684
33439,65.72579999999981
33440,66.23740000000002
33441,65.81100000000006
33442,64.7179999999996
33443,66.8841999999996
33444,64.5020000000002
33445,70.88119999999986
33446,66.06440000000003
33447,68.70440000000006
33448,63.30720000000041
33449,66.33959999999976
33450,68.76679999999979
33451,76.68980000000047
33452,62.78579999999972
33453,70.16979999999991
33454,67.04100000000004
33455,69.92299999999996
33456,62.3538
33457,67.9354000000001
33458,67.63839999999966
33459,67.70620000000002
33460,64.81059999999972
33461,60.20319999999963
33462,62.71980000000024
33463,72.31160000000004
33464,65.3909999999999
33465,68.03699999999974
33466,67.03799999999988
33467,66.96540000000007
33468,70.12800000000018
33469,66.83399999999997
33470,65.01740000000005
33471,64.38900000000015
33472,63.19919999999967
33473,65.7913999999999
33474,66.13660000000003
33475,65.10559999999982
33476,66.93679999999982
33477,64.7149999999996
33478,65.78680000000011
33479,67.20219999999996
33480,67.53380000000033
33481,64.1964000000001
33482,59.86380000000018
33483,65.21219999999998
33484,64.05599999999986
33485,64.34540000000027
33486,69.25159999999993
33487,67.25659999999996
33488,70.37360000000008
33489,65.03379999999981
33490,65.19200000000018
33491,65.11367999999992
33492,64.4344000000002
33493,69.67079999999984
33494,66.17600000000016
33495,60.568000000000325
33496,69.32619999999989
33497,64.88800000000025
33498,66.7870000000001
33499,67.75640000000023
33500,67.90059999999986
33501,66.0296000000002
33502,64.86720000000003
33503,69.30359999999989
33504,63.88480000000022
33505,63.94880000000032
33506,67.28959999999971
33507,64.01520000000029
33508,64.99879999999997
33509,68.30600000000014
33510,66.3256000000002
33511,64.93339999999995
33512,68.63539999999998
33513,63.01700000000038
33514,72.00439999999985
33515,63.7782
33516,64.81640000000027
33517,65.95994000000005
33518,67.02760000000004
33519,65.5720000000002
33520,70.05849999999968
33521,63.67980000000036
33522,63.84480000000027
33523,63.47739999999989
33524,63.81959999999998
33525,68.47979999999988
33526,64.3936000000002
33527,66.74999999999984
33528,68.18479999999991
33529,64.46559999999994
33530,67.08940000000035
33531,65.61259999999973
33532,65.03359999999991
33533,66.10179999999984
33534,64.79860000000014
33535,63.486400000000344
33536,70.96660000000007
33537,67.08739999999976
33538,71.3959333333335
33539,69.46369999999987
33540,66.6055999999999
33541,64.64020000000018
33542,60.788399999999996
33543,67.83739999999996
33544,62.86259999999972
33545,71.172
33546,64.44510000000018
33547,66.03279999999998
33548,65.66519999999984
33549,68.9442000000002
33550,66.7493999999999
33551,71.52419999999998
33552,65.72700000000025
33553,68.82759999999988
33554,65.17899999999983
33555,70.18400000000008
33556,66.85699999999969
33557,68.09619999999998
33558,65.14320000000028
33559,66.80640000000008
33560,63.51459999999998
33561,60.76539999999997
33562,64.21280000000024
33563,63.453600000000016
33564,63.278600000000466
33565,67.68099999999993
33566,70.36800000000012
33567,66.41349999999963
33568,65.90260000000006
33569,65.9535999999998
33570,66.96820000000017
33571,65.99740000000016
33572,77.02609999999984
33573,66.78059999999995
33574,64.38819999999988
33575,71.21380000000009
33576,63.89819999999975
33577,62.81420000000045
33578,66.36399999999993
33579,69.25460000000017
33580,67.28580000000002
33581,70.88400000000017
33582,65.36779999999989
33583,70.96039999999998
33584,69.13099999999989
33585,68.0013999999999
33586,64.22279999999995
33587,65.78760000000011
33588,69.54459999999989
33589,65.26180000000001
33590,65.08680000000014
33591,66.30580000000023
33592,68.44239999999996
33593,65.72660000000018
33594,64.85740000000013
33595,65.47759999999998
33596,60.482599999999984
33597,69.67639999999986
33598,67.68919999999979
33599,64.79120000000009
33600,65.61160000000014
33601,69.97259999999993
33602,67.96860000000008
33603,66.47659999999972
33604,67.5213999999997
33605,62.82980000000047
33606,69.22319999999995
33607,64.0832
33608,80.4716
33609,60.70739999999989
33610,65.65520000000001
33611,64.14579999999988
33612,63.32779999999999
33613,67.62299999999982
33614,66.94579999999999
33615,68.36760000000032
33616,63.93940000000002
33617,68.3483999999998
33618,65.2969999999997
33619,68.68379999999966
33620,65.12199999999987
33621,64.27735000000021
33622,64.36199999999997
33623,69.46020000000013
33624,64.8677999999999
33625,67.3421999999998
33626,65.94360000000012
33627,71.72740000000012
33628,79.02380000000005
33629,69.90020000000007
33630,64.97239999999981
33631,66.98439999999981
33632,73.4280000000002
33633,72.4294000000001
33634,65.50900000000007
33635,63.806599999999904
33636,62.31299999999991
33637,63.158400000000334
33638,64.34400000000028
33639,68.68779999999975
33640,79.2494000000002
33641,66.93319999999983
33642,64.32479999999997
33643,67.77220000000025
33644,64.01500000000009
33645,64.42819999999986
33646,64.72819999999992
33647,70.31559999999985
33648,64.48759999999986
33649,66.72039999999977
33650,77.7872000000001
33651,65.96200000000016
33652,67.77640000000001
33653,65.16340000000024
33654,68.04239999999984
33655,64.57159999999998
33656,70.28779999999965
33657,67.79879999999987
33658,66.53959999999981
33659,63.992399999999805
33660,72.72119999999998
33661,63.57259999999998
33662,67.48019999999988
33663,65.4422000000002
33664,63.83859999999978
33665,66.66219999999993
33666,64.41099999999983
33667,67.95720000000017
33668,70.18689999999981
33669,63.37719999999969
33670,64.50299999999994
33671,63.91859999999996
33672,65.86639999999981
33673,61.864199999999784
33674,62.95200000000032
33675,64.53419999999998
33676,62.90940000000047
33677,64.61140000000016
33678,64.53119999999979
33679,66.37940000000005
33680,67.31299999999979
33681,63.59620000000044
33682,67.62199999999984
33683,65.37779999999998
33684,64.10299999999984
33685,69.40720000000032
33686,66.48620000000008
33687,68.24799999999999
33688,65.48879999999984
33689,67.90869523809536
33690,64.44839999999992
33691,68.48640000000005
33692,66.62779999999984
33693,69.82480000000004
33694,70.32479999999991
33695,72.20919999999974
33696,67.5462000000001
33697,84.20039999999976
33698,65.8339999999997
33699,65.43440000000004
33700,67.21139999999997
33701,66.39639999999987
33702,63.48060000000019
33703,66.96159999999995
33704,64.8222
33705,68.52779999999977
33706,61.04519999999991
33707,64.16760000000015
33708,61.67199999999956
33709,65.25580000000036
33710,66.23939999999985
33711,69.3236
33712,75.88000000000015
33713,63.29199999999972
33714,66.181
33715,63.51340000000033
33716,61.08659999999992
33717,63.41099999999994
33718,66.51079999999983
33719,67.56779999999983
33720,63.549000000000305
33721,67.52240000000002
33722,67.15400000000005
33723,62.79920000000039
33724,77.37220000000046
33725,65.71670000000016
33726,65.36799999999997
33727,64.61000000000023
33728,65.48740000000006
33729,66.07020000000004
33730,70.26060000000007
33731,64.37579999999996
33732,67.8933999999999
33733,66.01239999999979
33734,66.6211999999998
33735,66.11099999999986
33736,65.81599999999987
33737,65.50480000000006
33738,72.60579999999989
33739,65.91860000000004
33740,68.50119999999997
33741,75.26520000000001
33742,64.86940000000003
33743,64.5530000000002
33744,63.87420000000026
33745,68.95179999999989
33746,70.86360000000002
33747,64.27260000000025
33748,68.66199999999999
33749,74.60040000000004
33750,63.17020000000043
33751,67.78860000000019
33752,65.27660000000003
33753,64.43620000000021
33754,65.7181999999998
33755,63.160200000000344
33756,71.9418000000001
33757,64.15480000000018
33758,65.28360000000002
33759,66.1416
33760,65.77699999999977
33761,63.772600000000146
33762,67.28320000000001
33763,70.51859999999986
33764,63.325600000000236
33765,66.74619999999983
33766,64.14479999999976
33767,65.90620000000014
33768,62.85220000000046
33769,64.90500000000016
33770,62.75370000000019
33771,72.05439999999997
33772,66.75959999999984
33773,64.7917999999999
33774,74.11880000000001
33775,63.555799999999856
33776,64.60579999999999
33777,62.8084000000002
33778,66.29359999999996
33779,65.59819999999964
33780,70.07139999999985
33781,65.37600000000032
33782,65.36080000000018
33783,64.87659999999994
33784,63.22740000000009
33785,64.67300000000002
33786,66.46020000000006
33787,65.02379999999974
33788,73.10020000000013
33789,67.34099999999992
33790,65.91240000000022
33791,66.43500000000002
33792,67.73519999999978
33793,62.825200000000436
33794,66.16739999999994
33795,67.1728000000001
33796,65.22960000000025
33797,66.53219999999996
33798,67.24240000000003
33799,64.46860000000041
33800,66.36499999999984
33801,63.10260000000025
33802,66.79919999999996
33803,72.30399999999968
33804,65.12119999999986
33805,72.06135238095239
33806,63.507000000000396
33807,70.3397999999998
33808,66.08979999999994
33809,69.68479999999984
33810,63.33260000000036
33811,69.57719999999978
33812,76.11859999999974
33813,67.96859999999977
33814,71.80940000000002
33815,65.00579999999995
33816,65.47120000000012
33817,65.09680000000004
33818,67.00899999999996
33819,67.79339999999978
33820,65.51819999999987
33821,66.94879999999999
33822,62.55880000000024
33823,65.97619999999996
33824,66.8468000000001
33825,66.99239999999985
33826,63.12020000000044
33827,71.28740000000008
33828,68.96440000000005
33829,68.5408000000003
33830,66.04280000000001
33831,70.2153999999999
33832,63.51610000000031
33833,66.44420000000024
33834,76.28539999999998
33835,62.32580000000016
33836,64.1579999999997
33837,63.71420000000021
33838,62.742199999999926
33839,63.10760000000037
33840,74.8994000000001
33841,65.06749999999997
33842,67.79000000000006
33843,66.23639999999988
33844,68.6424000000001
33845,63.352200000000245
33846,66.0357999999997
33847,65.73420000000009
33848,66.33459999999972
33849,67.14359999999964
33850,63.70840000000045
33851,66.68560000000005
33852,63.46420000000005
33853,64.9731999999999
33854,64.75080000000014
33855,63.041600000000265
33856,69.03829999999985
33857,60.88859999999988
33858,63.40079999999993
33859,67.69979999999997
33860,67.94699999999955
33861,65.46720000000006
33862,64.6689999999999
33863,65.73839999999977
33864,66.3050000000001
33865,67.39300000000004
33866,72.86233333333334
33867,67.27960000000016
33868,63.489999999999796
33869,66.00700000000026
33870,64.69300000000024
33871,64.66980000000022
33872,66.79979999999988
33873,64.41840000000033
33874,65.96259999999968
33875,67.06471999999991
33876,68.12639999999986
33877,64.15746666666692
33878,68.69380000000005
33879,68.06099999999971
33880,68.16739999999974
33881,75.73000000000002
33882,67.74439999999986
33883,70.4456000000001
33884,59.40500000000031
33885,69.89120000000011
33886,64.48460000000003
33887,66.07980000000006
33888,66.38680000000012
33889,65.19699999999989
33890,65.95560000000033
33891,74.91059999999993
33892,65.86660000000019
33893,63.19439999999998
33894,67.63639999999974
33895,64.02399999999984
33896,64.16779999999983
33897,63.08220000000044
33898,63.28159999999988
33899,66.93099999999984
33900,64.93380000000002
33901,65.9425999999997
33902,64.68739999999983
33903,70.4338000000001
33904,60.81979999999984
33905,64.2392
33906,71.65259999999999
33907,72.9264666666666
33908,65.99119999999998
33909,70.6532
33910,64.0896
33911,64.08660000000029
33912,64.90580000000004
33913,63.84880000000001
33914,67.5225999999998
33915,65.96040000000012
33916,66.82899999999987
33917,64.05720000000024
33918,68.33579999999971
33919,65.85479999999991
33920,62.80360000000038
33921,63.647799999999656
33922,67.6068000000001
33923,69.02639999999971
33924,64.67859999999976
33925,63.91700000000011
33926,63.68040000000009
33927,65.11419999999994
33928,66.642
33929,63.693000000000325
33930,68.71320000000011
33931,67.15920000000003
33932,63.84180000000031
33933,60.20200000000031
33934,63.33959999999987
33935,64.29560000000028
33936,65.55679999999994
33937,65.92919999999982
33938,60.48659999999987
33939,63.82739999999991
33940,62.71960000000023
33941,72.65340000000005
33942,62.04539999999995
33943,67.6808
33944,69.9884000000002
33945,70.31940000000012
33946,67.79000000000005
33947,61.805400000000034
33948,65.66000000000005
33949,64.7980000000002
33950,66.64420000000013
33951,66.34000000000039
33952,65.20900000000019
33953,65.73690000000029
33954,68.0072000000001
33955,68.39239999999997
33956,67.10699999999996
33957,75.09920000000002
33958,64.33419999999997
33959,65.62760000000003
33960,67.95739999999985
33961,65.26159999999977
33962,62.94420000000033
33963,64.32960000000023
33964,69.37719999999977
33965,66.80090000000007
33966,65.17420000000021
33967,70.76880000000004
33968,67.03700000000022
33969,63.390800000000105
33970,58.92000000000025
33971,66.43539999999976
33972,60.24335999999986
33973,69.24259999999994
33974,65.12900000000025
33975,63.212200000000344
33976,65.80859999999986
33977,72.42140000000003
33978,64.18660000000037
33979,65.54460000000012
33980,64.34840000000027
33981,65.70559999999978
33982,72.22600000000003
33983,63.87459999999981
33984,63.49600000000038
33985,65.762
33986,65.8548000000001
33987,70.6309999999999
33988,65.15660000000004
33989,68.6603999999999
33990,67.2163999999999
33991,72.22620000000026
33992,65.87780000000006
33993,66.4771999999999
33994,65.10039999999988
33995,65.25219999999997
33996,63.88260000000033
33997,66.73760000000014
33998,65.88520000000001
33999,57.46892999999998
34000,67.26239999999987
34001,63.26879999999993
34002,66.95060000000002
34003,67.42939999999977
34004,71.03099999999984
34005,68.21739999999996
34006,67.16560000000021
34007,65.68340000000016
34008,64.1554
34009,67.95159999999977
34010,65.7146
34011,64.9686000000001
34012,68.9334000000003
34013,65.51160000000004
34014,62.27880000000015
34015,66.266
34016,63.04600000000009
34017,67.36159999999977
34018,64.96379999999999
34019,69.44260000000016
34020,68.13620000000003
34021,66.16699999999989
34022,63.52759999999995
34023,70.31159999999986
34024,64.88879999999992
34025,63.22240000000021
34026,67.52000000000012
34027,67.4533999999998
34028,62.991200000000255
34029,68.3712000000001
34030,71.02359999999996
34031,78.10439999999991
34032,67.57759999999995
34033,64.49239999999963
34034,68.75400000000003
34035,68.85099999999998
34036,62.69220000000027
34037,64.33460000000028
34038,65.40519999999991
34039,65.15139999999997
34040,67.92419999999998
34041,65.4575999999998
34042,65.66644999999987
34043,64.31839999999998
34044,64.92319999999995
34045,64.6586000000002
34046,64.65539999999986
34047,63.065400000000416
34048,63.946399999999656
34049,64.81060000000032
34050,67.75640000000016
34051,63.149400000000306
34052,65.51880000000024
34053,68.13239999999975
34054,77.72309999999992
34055,67.13359999999989
34056,64.16000000000042
34057,71.36820000000007
34058,64.21620000000019
34059,67.6333999999997
34060,69.57079999999988
34061,65.13980000000024
34062,64.63260000000001
34063,64.73880000000014
34064,69.7798000000001
34065,66.87939999999986
34066,69.88559999999994
34067,68.58780000000007
34068,68.61460000000015
34069,66.18980000000018
34070,66.14919999999992
34071,67.24319999999983
34072,64.09560000000016
34073,63.17940000000022
34074,64.3752
34075,63.143200000000476
34076,62.78399999999956
34077,66.20740000000005
34078,66.13859999999985
34079,57.09265463203442
34080,68.90259999999998
34081,74.08100000000007
34082,64.2645999999999
34083,68.42009999999995
34084,64.90219999999987
34085,66.63940000000001
34086,65.98059999999995
34087,82.09679999999989
34088,64.7704000000001
34089,70.20009999999965
34090,66.30179999999989
34091,64.89560000000014
34092,64.90399999999974
34093,67.32239999999977
34094,63.82059999999999
34095,65.47039999999996
34096,66.12259999999986
34097,68.68239999999992
34098,75.60720000000029
34099,64.17900000000023
34100,63.24440000000023
34101,67.14719999999996
34102,66.16340000000004
34103,67.23580000000044
34104,64.8204000000001
34105,59.819400000000094
34106,64.85259999999981
34107,68.88420000000002
34108,62.85239999999957
34109,66.49139999999973
34110,65.63180000000014
34111,64.93540000000016
34112,64.6894000000001
34113,64.35951999999992
34114,62.92779999999972
34115,65.73260000000022
34116,64.45099999999991
34117,64.08700000000039
34118,65.81179999999995
34119,66.25619999999977
34120,63.395599999999696
34121,68.74419999999996
34122,65.5507999999996
34123,67.8711999999999
34124,59.71400000000023
34125,66.63659999999993
34126,67.18120000000002
34127,63.328200000000315
34128,67.49560000000014
34129,64.82920000000023
34130,69.00800000000014
34131,62.993
34132,69.08739999999996
34133,74.02739999999982
34134,70.02140000000001
34135,67.57619999999976
34136,67.77240000000006
34137,64.53140000000029
34138,65.67779999999995
34139,65.50459999999985
34140,64.97799999999991
34141,77.54899999999972
34142,65.28599999999993
34143,66.22639999999993
34144,67.41740000000016
34145,76.26719999999979
34146,67.19099999999995
34147,67.7658
34148,73.2352
34149,65.86019999999992
34150,64.4414000000001
34151,66.27559999999963
34152,66.18999999999993
34153,63.80680000000034
34154,63.95920000000017
34155,63.56659999999991
34156,65.3286
34157,68.78879999999984
34158,72.4194
34159,63.08159999999971
34160,67.58979999999976
34161,65.17100000000012
34162,64.94499999999984
34163,71.98160000000003
34164,65.80260000000001
34165,67.69619999999964
34166,80.49419999999975
34167,61.044799999999746
34168,63.259399999999694
34169,64.28779999999999
34170,68.71280000000003
34171,63.2086000000003
34172,67.07079999999986
34173,67.92460000000008
34174,65.32090000000001
34175,67.82879999999976
34176,80.18499999999992
34177,67.80779999999992
34178,64.3488
34179,65.48300000000012
34180,67.74059999999993
34181,67.3123999999999
34182,64.12079999999982
34183,64.49410000000003
34184,62.04860000000006
34185,66.04820000000001
34186,67.86680000000018
34187,69.19799999999992
34188,69.70959999999987
34189,67.61580000000032
34190,72.3114
34191,65.32800000000003
34192,65.53060000000039
34193,73.65019999999996
34194,64.46200000000024
34195,63.58659999999989
34196,65.14199999999991
34197,65.54699999999983
34198,63.66900000000013
34199,68.29959999999988
34200,67.73480000000005
34201,65.48469999999995
34202,63.86620000000014
34203,64.64400000000018
34204,76.17840000000008
34205,64.46939999999988
34206,63.345999999999954
34207,69.51320000000011
34208,66.22100000000017
34209,61.389200000000166
34210,66.09779999999992
34211,63.89939999999972
34212,66.5895999999998
34213,64.9784
34214,67.8851999999999
34215,64.64899999999993
34216,65.11439999999992
34217,63.622600000000006
34218,65.35100000000016
34219,67.47939999999981
34220,64.63360000000014
34221,54.80633666666671
34222,67.50440000000005
34223,66.57299999999975
34224,73.73379999999977
34225,64.3006000000001
34226,62.41379999999987
34227,62.734199999999674
34228,71.49619999999963
34229,64.60799999999989
34230,69.42539999999993
34231,70.45720000000003
34232,69.1975999999999
34233,63.09140000000036
34234,63.78740000000041
34235,55.52840000000006
34236,65.97400000000016
34237,71.24539999999998
34238,70.55660000000005
34239,65.95960000000014
34240,64.72139999999992
34241,64.2526
34242,63.69840000000018
34243,67.07639999999998
34244,67.48299999999992
34245,68.17379999999987
34246,66.20240000000008
34247,67.03300000000024
34248,66.48219999999979
34249,62.90140000000045
34250,69.09840000000015
34251,62.92959999999969
34252,56.29160000000003
34253,67.89660000000026
34254,62.81360000000028
34255,69.8223999999999
34256,68.5486
34257,77.76499999999979
34258,66.63040000000021
34259,66.30679999999991
34260,65.75200000000022
34261,65.23699999999972
34262,69.89800000000004
34263,66.93199999999997
34264,55.27960000000016
34265,66.58440000000007
34266,62.39919999999998
34267,64.63179999999991
34268,65.5205999999999
34269,65.42140000000019
34270,64.39659999999996
34271,54.89909
34272,65.46459999999995
34273,67.34399999999961
34274,76.3419999999999
34275,65.42199999999988
34276,65.51499999999969
34277,67.63779999999981
34278,71.52080000000018
34279,64.84400000000011
34280,71.02820000000004
34281,66.15460000000007
34282,64.27700000000002
34283,70.10140000000003
34284,64.01519999999988
34285,65.39559999999975
34286,64.34379999999987
34287,67.62896666666659
34288,65.8382000000001
34289,64.60739999999991
34290,62.716199999999596
34291,69.60439999999966
34292,65.65479999999992
34293,62.75759999999982
34294,70.23740000000008
34295,64.8952000000001
34296,72.86300000000006
34297,68.29740000000018
34298,66.7745999999999
34299,71.26620000000011
34300,68.01739999999982
34301,64.08080000000022
34302,58.811133333333494
34303,66.42599999999975
34304,65.97359999999976
34305,63.70860000000005
34306,67.33900000000008
34307,67.72499999999987
34308,64.36040000000027
34309,66.28120000000006
34310,55.34883285714301
34311,66.72839999999995
34312,67.31720000000024
34313,64.95920000000017
34314,71.26879999999994
34315,65.61979999999988
34316,66.9512000000001
34317,63.81560000000018
34318,66.58279999999992
34319,66.69200000000012
34320,61.37019999999982
34321,57.98920000000034
34322,60.15000000000016
34323,63.805200000000255
34324,63.75220000000038
34325,63.55260000000037
34326,67.5198
34327,72.76123333333334
34328,67.32179999999997
34329,71.05860000000003
34330,65.93730000000026
34331,64.29439999999991
34332,79.16379999999998
34333,77.89759999999981
34334,66.6692000000001
34335,64.9597999999997
34336,66.06680000000027
34337,71.35769999999968
34338,60.34759999999964
34339,65.54019999999996
34340,63.686600000000425
34341,64.98000000000012
34342,65.64859999999967
34343,65.76739999999995
34344,70.9976
34345,64.64720000000003
34346,68.79360000000001
34347,67.8486000000001
34348,71.51819999999991
34349,68.7975999999999
34350,61.2576000000002
34351,64.52500000000026
34352,60.659599999999955
34353,74.45640000000012
34354,67.63519999999991
34355,66.94939999999984
34356,63.75840000000044
34357,69.24580000000014
34358,60.723000000000035
34359,70.08940000000004
34360,64.86979999999986
34361,68.35299999999961
34362,65.50199999999978
34363,66.50159999999993
34364,63.398000000000216
34365,66.44759999999994
34366,67.25759999999967
34367,63.72459999999978
34368,66.00840000000002
34369,62.6395999999996
34370,64.81379999999999
34371,68.54839999999986
34372,72.12079999999976
34373,75.31599999999999
34374,65.7591999999996
34375,78.1168000000001
34376,66.10580000000003
34377,63.447000000000294
34378,72.65039999999995
34379,70.76349999999994
34380,67.8993999999997
34381,68.26619999999983
34382,63.970800000000324
34383,65.7784000000002
34384,68.54419999999978
34385,68.16640000000004
34386,68.10479999999998
34387,63.95959999999988
34388,65.38620000000019
34389,70.94740000000003
34390,63.179600000000434
34391,80.67520000000006
34392,63.17860000000033
34393,64.65059999999997
34394,66.40699999999983
34395,64.06600000000006
34396,68.75579999999984
34397,67.09259999999996
34398,61.912800000000146
34399,64.79079999999996
34400,66.23060000000004
34401,67.73019999999998
34402,66.33979999999995
34403,66.03399999999993
34404,65.55580000000015
34405,68.17559999999995
34406,67.44159999999968
34407,63.93640000000034
34408,67.64480000000005
34409,67.80780000000007
34410,68.2642000000002
34411,70.91860000000011
34412,62.7623999999997
34413,66.57980000000008
34414,63.13920000000045
34415,64.45680000000009
34416,67.33659999999992
34417,67.16539999999992
34418,66.65820000000039
34419,68.28519999999983
34420,62.990000000000386
34421,65.33740000000019
34422,66.01640000000006
34423,67.0337999999998
34424,65.81119999999984
34425,65.69979999999993
34426,63.267799999999745
34427,62.81960000000029
34428,60.11040000000011
34429,68.93880000000009
34430,65.09520000000003
34431,59.0783000000002
34432,72.66599999999987
34433,63.4295999999999
34434,65.83300000000004
34435,75.05440000000009
34436,67.41959999999997
34437,64.70119999999989
34438,69.26800000000001
34439,65.68800000000016
34440,65.08779999999987
34441,67.72160000000011
34442,63.86660000000021
34443,70.55379999999991
34444,60.8248000000001
34445,62.37039999999991
34446,72.989
34447,66.18679999999993
34448,64.89700000000002
34449,64.30179999999997
34450,65.68119999999969
34451,63.241600000000275
34452,68.6476000000001
34453,63.12580000000004
34454,65.5542000000001
34455,67.56999999999987
34456,65.63419999999996
34457,66.00480000000005
34458,65.39366666666655
34459,65.19500000000019
34460,64.53460000000021
34461,72.09759999999996
34462,65.27739999999987
34463,66.54859999999977
34464,78.60440000000015
34465,62.82000000000022
34466,60.13199999999966
34467,64.22559999999997
34468,62.88719999999985
34469,64.61319999999994
34470,63.950999999999986
34471,64.99580000000009
34472,67.18359999999974
34473,63.306000000000324
34474,65.61020000000022
34475,62.908399999999716
34476,62.86479999999977
34477,65.87219999999984
34478,60.61419999999997
34479,69.91260000000005
34480,63.36660000000017
34481,72.38160000000009
34482,63.194600000000385
34483,65.08539999999996
34484,64.66320000000023
34485,63.24900000000039
34486,64.89959999999999
34487,63.191199999999995
34488,64.34300000000022
34489,76.13259999999981
34490,74.80819999999996
34491,64.85300000000002
34492,66.98379999999995
34493,65.45860000000006
34494,64.75020000000009
34495,66.30940000000014
34496,64.91920000000026
34497,60.75580000000024
34498,65.67460000000013
34499,66.99099999999981
34500,65.32119999999996
34501,65.79439999999975
34502,61.65079999999988
34503,65.86379999999967
34504,75.40500000000007
34505,67.92559999999975
34506,66.81919999999982
34507,76.55533333333346
34508,64.61960000000015
34509,68.03919999999985
34510,66.31159999999988
34511,66.19159999999984
34512,62.89920000000014
34513,64.98039999999995
34514,64.7205999999999
34515,63.401999999999745
34516,74.42039999999996
34517,69.26559999999986
34518,67.47819999999979
34519,58.866799999999785
34520,67.6404999999997
34521,66.40679999999995
34522,66.48840000000014
34523,64.62879999999997
34524,67.52540000000009
34525,65.37700000000018
34526,68.42419999999991
34527,64.32619999999999
34528,67.03199999999983
34529,68.58179999999979
34530,65.69699999999972
34531,60.3894000000002
34532,69.99000000000015
34533,66.10760000000013
34534,65.82959999999984
34535,78.36740000000002
34536,64.46559999999991
34537,66.2858000000002
34538,64.8643999999997
34539,64.54639999999998
34540,68.27640000000011
34541,65.7421999999998
34542,68.85399999999986
34543,63.077200000000445
34544,67.33240000000004
34545,68.08639999999994
34546,73.14039999999999
34547,68.79980000000003
34548,63.69700000000029
34549,64.08739999999965
34550,67.17180000000008
34551,65.19179999999996
34552,75.65999999999997
34553,65.54759999999973
34554,68.97980000000001
34555,64.90079999999988
34556,65.72139999999973
34557,66.09259999999995
34558,65.70099999999974
34559,64.12699999999961
34560,66.27499999999984
34561,71.7445999999999
34562,64.0881999999998
34563,66.15759999999992
34564,70.38499999999965
34565,63.65279999999984
34566,63.07039999999979
34567,64.8003999999999
34568,72.49279999999989
34569,65.76739999999984
34570,65.82319999999986
34571,68.14339999999982
34572,62.29103999999987
34573,65.1136000000002
34574,61.75699999999975
34575,74.08460000000001
34576,66.89839999999998
34577,66.43659999999993
34578,63.26119999999964
34579,66.06200000000021
34580,66.64399999999998
34581,66.29180000000002
34582,65.82260000000018
34583,67.27679999999967
34584,65.15259999999981
34585,65.1783999999996
34586,62.577400000000296
34587,67.25979999999981
34588,64.69599999999987
34589,67.82220000000012
34590,57.814526507936506
34591,65.79560000000002
34592,73.47839999999992
34593,63.85700000000003
34594,65.37219999999989
34595,62.8015999999996
34596,64.84160000000028
34597,64.18759999999999
34598,69.14680000000024
34599,65.9755999999997
34600,64.01739999999982
34601,64.59500000000013
34602,69.18760000000005
34603,63.36560000000005
34604,64.87919999999973
34605,65.90779999999971
34606,67.18999999999991
34607,63.45119999999969
34608,61.6051999999999
34609,64.88139999999983
34610,66.40380000000006
34611,65.72599999999998
34612,65.56480000000023
34613,67.00379999999994
34614,74.12099999999995
34615,66.14400000000002
34616,67.04799999999997
34617,74.4268
34618,64.76573333333353
34619,70.98960000000004
34620,60.34820000000006
34621,65.25400000000013
34622,64.06619999999977
34623,65.63759999999954
34624,65.22160000000011
34625,66.76060000000005
